Review_ID,Timestamp,Agent_ID,Tenure_Group,Queue_Name,Content_Type,Egregious_Flag,HITL_Routing,AHT_Seconds,TAT_Minutes,SLA_Breached,Decision_Action,QA_Audited,QA_Score,Error_Type,Appealed_Flag,Overturned_Flag,Content_Snippet
MOD-2026-11328,2026-09-06 08:14:53,AGENT_07,Core (1-6mo),Spam_Commercial,Text_Post,0,Auto_Approved,4.2,73.5,0,Approve_Keep,0,0.0,None,0,0,Keyword stuffing and hidden redirects on promotional landing page
MOD-2026-11548,2026-09-06 08:29:40,AGENT_09,Core (1-6mo),Hate_Speech,Live_Stream,1,Auto_Rejected,3.9,259.4,1,Remove_Delete,0,0.0,None,0,0,Incitement to boycott and harass private individual based on religion
MOD-2026-11306,2026-09-06 08:40:04,AGENT_09,Core (1-6mo),Hate_Speech,Text_Post,0,Manual_Review,36.0,156.1,0,Remove_Delete,0,0.0,None,0,0,Incitement to boycott and harass private individual based on religion
MOD-2026-12270,2026-09-06 08:47:14,AGENT_06,Core (1-6mo),Fraud_Scams,Static_Image,0,Auto_Rejected,2.9,84.7,0,Remove_Delete,0,0.0,None,0,0,Cryptocurrency investment scheme promising guaranteed 500% daily returns
MOD-2026-12124,2026-09-06 08:55:28,AGENT_15,Senior (6mo+),Hate_Speech,Static_Image,0,Auto_Approved,3.8,248.2,1,Approve_Keep,1,100.0,None,0,0,Incitement to boycott and harass private individual based on religion
MOD-2026-10246,2026-09-06 09:15:56,AGENT_08,Core (1-6mo),Hate_Speech,Text_Post,0,Manual_Review,19.9,236.3,0,Content_Warning,0,0.0,None,0,0,Dehumanizing memes comparing ethnic groups to biological pests
MOD-2026-10764,2026-09-06 09:50:21,AGENT_05,Core (1-6mo),Violence_HighRisk,Short_Video,1,Manual_Review,224.1,69.2,0,Remove_Delete,0,0.0,None,0,0,Dangerous weapons demonstration video flagged for policy violation
MOD-2026-11252,2026-09-06 10:16:12,AGENT_14,Senior (6mo+),Emergency_TCO,Text_Post,1,Manual_Review,28.4,72.1,1,Remove_Delete,0,0.0,None,0,0,Suspected terrorist recruitment video uploaded across multiple hashtags
MOD-2026-10845,2026-09-06 10:32:18,AGENT_03,New Hire (<30d),Spam_Commercial,Short_Video,0,Manual_Review,115.4,98.1,0,Remove_Delete,0,0.0,None,0,0,Automated script posting identical promotional link 120 times in forum
MOD-2026-12584,2026-09-06 10:35:38,AGENT_10,Core (1-6mo),Hate_Speech,Text_Post,0,Manual_Review,39.6,262.9,1,Content_Warning,0,0.0,None,0,0,Incitement to boycott and harass private individual based on religion
MOD-2026-10811,2026-09-06 10:36:11,AGENT_05,Core (1-6mo),Spam_Commercial,Text_Post,0,Auto_Approved,5.9,123.1,0,Approve_Keep,0,0.0,None,0,0,Bulk account creation posting duplicate SEO spam articles
MOD-2026-11342,2026-09-06 10:37:18,AGENT_14,Senior (6mo+),Hate_Speech,Live_Stream,0,Auto_Rejected,5.8,49.5,0,Remove_Delete,0,0.0,None,0,0,Incitement to boycott and harass private individual based on religion
MOD-2026-11454,2026-09-06 10:37:23,AGENT_04,Core (1-6mo),Hate_Speech,Text_Post,0,Auto_Approved,3.6,88.8,0,Approve_Keep,0,0.0,None,0,0,Incitement to boycott and harass private individual based on religion
MOD-2026-12507,2026-09-06 10:41:12,AGENT_09,Core (1-6mo),Hate_Speech,Text_Post,1,Auto_Rejected,3.6,83.7,0,Remove_Delete,0,0.0,None,0,0,Incitement to boycott and harass private individual based on religion
MOD-2026-10572,2026-09-06 10:51:02,AGENT_02,New Hire (<30d),Violence_HighRisk,Static_Image,1,Manual_Review,100.9,235.3,1,Remove_Delete,0,0.0,None,0,0,Dangerous weapons demonstration video flagged for policy violation
MOD-2026-11648,2026-09-06 11:21:44,AGENT_13,Senior (6mo+),Fraud_Scams,Static_Image,0,Auto_Rejected,5.8,108.0,0,Remove_Delete,0,0.0,None,0,0,Gift card prize sweepstakes scam targeting senior account holders
MOD-2026-10999,2026-09-06 11:43:32,AGENT_01,New Hire (<30d),Hate_Speech,Text_Post,0,Manual_Review,43.5,117.3,0,Remove_Delete,0,0.0,None,0,0,Nuanced political satire flagged by automated keyword filter as hate
MOD-2026-11589,2026-09-06 12:05:14,AGENT_15,Senior (6mo+),Hate_Speech,Short_Video,0,Tier2_Escalated,130.3,65.5,0,Approve_Keep,0,0.0,None,0,0,Nuanced political satire flagged by automated keyword filter as hate
MOD-2026-12394,2026-09-06 12:12:16,AGENT_07,Core (1-6mo),Spam_Commercial,Text_Post,0,Auto_Approved,5.5,83.1,0,Approve_Keep,0,0.0,None,0,0,Unsolicited commercial affiliate marketing message blast
MOD-2026-12274,2026-09-06 13:04:58,AGENT_12,Senior (6mo+),Spam_Commercial,Text_Post,0,Auto_Approved,4.3,109.4,0,Approve_Keep,0,0.0,None,0,0,Bulk account creation posting duplicate SEO spam articles
MOD-2026-12793,2026-09-06 13:30:46,AGENT_06,Core (1-6mo),Violence_HighRisk,Short_Video,0,Manual_Review,150.5,106.9,0,Approve_Keep,1,100.0,None,0,0,Self-harm reference in private broadcast requiring immediate crisis triage
MOD-2026-11503,2026-09-06 13:43:24,AGENT_11,Core (1-6mo),Fraud_Scams,Live_Stream,0,Auto_Approved,2.8,213.5,0,Approve_Keep,0,0.0,None,0,0,Phishing link impersonating official platform customer verification support
MOD-2026-12138,2026-09-06 13:47:53,AGENT_03,New Hire (<30d),Violence_HighRisk,Short_Video,1,Auto_Rejected,5.1,164.2,0,Remove_Delete,0,0.0,None,0,0,Threatening physical altercation clip uploaded without contextual warning
MOD-2026-12175,2026-09-06 13:59:52,AGENT_10,Core (1-6mo),Violence_HighRisk,Short_Video,0,Manual_Review,122.1,92.5,0,Escalate,0,0.0,None,0,0,Threatening physical altercation clip uploaded without contextual warning
MOD-2026-11523,2026-09-06 14:22:08,AGENT_10,Core (1-6mo),Hate_Speech,Live_Stream,0,Manual_Review,269.8,271.2,1,Content_Warning,0,0.0,None,0,0,Nuanced political satire flagged by automated keyword filter as hate
MOD-2026-11782,2026-09-06 15:06:53,AGENT_06,Core (1-6mo),Fraud_Scams,Text_Post,0,Auto_Approved,3.3,53.2,0,Approve_Keep,0,0.0,None,0,0,Gift card prize sweepstakes scam targeting senior account holders
MOD-2026-12220,2026-09-06 15:17:04,AGENT_14,Senior (6mo+),Hate_Speech,Text_Post,0,Manual_Review,35.9,147.7,0,Content_Warning,0,0.0,None,0,0,Nuanced political satire flagged by automated keyword filter as hate
MOD-2026-12724,2026-09-06 15:19:51,AGENT_04,Core (1-6mo),Fraud_Scams,Short_Video,0,Manual_Review,200.1,107.5,0,Approve_Keep,0,0.0,None,0,0,Unauthorized credential harvesting page embedded in bio link
MOD-2026-11634,2026-09-06 15:34:02,AGENT_15,Senior (6mo+),Hate_Speech,Static_Image,0,Tier2_Escalated,42.5,286.0,1,Remove_Delete,0,0.0,None,0,0,Incitement to boycott and harass private individual based on religion
MOD-2026-10400,2026-09-06 15:43:01,AGENT_08,Core (1-6mo),Spam_Commercial,Text_Post,0,Auto_Approved,3.6,199.6,0,Approve_Keep,0,0.0,None,0,0,Keyword stuffing and hidden redirects on promotional landing page
MOD-2026-11162,2026-09-06 15:53:37,AGENT_12,Senior (6mo+),Emergency_TCO,Text_Post,1,Tier2_Escalated,38.9,19.3,0,Remove_Delete,0,0.0,None,0,0,Urgent notice-and-action request under EU 1-hour removal mandate
MOD-2026-12352,2026-09-06 16:31:54,AGENT_12,Senior (6mo+),Fraud_Scams,Text_Post,0,Manual_Review,33.5,38.2,0,Remove_Delete,0,0.0,None,0,0,Counterfeit luxury goods listing utilizing stolen trademark imagery
MOD-2026-11044,2026-09-06 17:12:07,AGENT_13,Senior (6mo+),Violence_HighRisk,Short_Video,1,Tier2_Escalated,205.0,100.4,0,Remove_Delete,0,0.0,None,1,0,Threatening physical altercation clip uploaded without contextual warning
MOD-2026-12363,2026-09-06 17:37:11,AGENT_07,Core (1-6mo),Hate_Speech,Text_Post,0,Manual_Review,29.1,102.6,0,Remove_Delete,0,0.0,None,0,0,Incitement to boycott and harass private individual based on religion
MOD-2026-12029,2026-09-06 17:44:39,AGENT_11,Core (1-6mo),Hate_Speech,Text_Post,0,Manual_Review,35.9,118.1,0,Approve_Keep,0,0.0,None,0,0,Derogatory slur targeting protected demographic in comment section
MOD-2026-11326,2026-09-06 17:53:29,AGENT_13,Senior (6mo+),Violence_HighRisk,Short_Video,0,Tier2_Escalated,214.3,30.5,0,Approve_Keep,0,0.0,None,0,0,Graphic injury footage from sports accident flagged by audience
MOD-2026-12312,2026-09-06 17:54:48,AGENT_07,Core (1-6mo),Fraud_Scams,Static_Image,0,Auto_Rejected,4.1,89.6,0,Remove_Delete,0,0.0,None,0,0,Cryptocurrency investment scheme promising guaranteed 500% daily returns
MOD-2026-12653,2026-09-06 17:57:53,AGENT_05,Core (1-6mo),Fraud_Scams,Static_Image,0,Manual_Review,60.3,216.0,0,Account_Suspend,0,0.0,None,0,0,Counterfeit luxury goods listing utilizing stolen trademark imagery
MOD-2026-11943,2026-09-06 18:02:46,AGENT_13,Senior (6mo+),Spam_Commercial,Text_Post,0,Auto_Approved,4.7,53.6,0,Approve_Keep,0,0.0,None,0,0,Repetitive bot activity promoting unverified pharmaceutical supplements
MOD-2026-11509,2026-09-06 18:11:07,AGENT_10,Core (1-6mo),Fraud_Scams,Text_Post,0,Auto_Approved,3.0,188.0,0,Approve_Keep,0,0.0,None,0,0,Counterfeit luxury goods listing utilizing stolen trademark imagery
MOD-2026-10307,2026-09-06 18:22:00,AGENT_13,Senior (6mo+),Fraud_Scams,Text_Post,0,Auto_Approved,3.4,181.0,0,Approve_Keep,0,0.0,None,0,0,Counterfeit luxury goods listing utilizing stolen trademark imagery
MOD-2026-10418,2026-09-06 18:38:24,AGENT_13,Senior (6mo+),Spam_Commercial,Static_Image,0,Auto_Rejected,3.8,102.3,0,Remove_Delete,0,0.0,None,0,0,Unsolicited commercial affiliate marketing message blast
MOD-2026-10787,2026-09-06 18:38:24,AGENT_14,Senior (6mo+),Hate_Speech,Short_Video,1,Manual_Review,103.0,306.4,1,Remove_Delete,0,0.0,None,0,0,Derogatory slur targeting protected demographic in comment section
MOD-2026-10767,2026-09-06 19:04:33,AGENT_01,New Hire (<30d),Violence_HighRisk,Short_Video,1,Manual_Review,179.1,150.1,0,Approve_Keep,0,0.0,None,0,0,Graphic injury footage from sports accident flagged by audience
MOD-2026-10690,2026-09-06 19:09:35,AGENT_12,Senior (6mo+),Fraud_Scams,Static_Image,0,Manual_Review,46.3,98.6,0,Approve_Keep,0,0.0,None,0,0,Phishing link impersonating official platform customer verification support
MOD-2026-10899,2026-09-06 19:13:23,AGENT_13,Senior (6mo+),Hate_Speech,Text_Post,0,Manual_Review,24.3,109.0,0,Approve_Keep,0,0.0,None,0,0,Dehumanizing memes comparing ethnic groups to biological pests
MOD-2026-11843,2026-09-06 19:16:05,AGENT_01,New Hire (<30d),Fraud_Scams,Text_Post,0,Manual_Review,40.9,66.1,0,Account_Suspend,0,0.0,None,1,0,Gift card prize sweepstakes scam targeting senior account holders
MOD-2026-10711,2026-09-06 19:31:30,AGENT_04,Core (1-6mo),Violence_HighRisk,Text_Post,1,Auto_Rejected,5.7,112.8,0,Remove_Delete,0,0.0,None,0,0,Graphic injury footage from sports accident flagged by audience
MOD-2026-11770,2026-09-06 19:32:57,AGENT_13,Senior (6mo+),Hate_Speech,Text_Post,0,Tier2_Escalated,26.0,309.3,1,Approve_Keep,0,0.0,None,0,0,Coordinated brigading comments containing coded discriminatory dogwhistles
MOD-2026-11180,2026-09-06 19:54:56,AGENT_14,Senior (6mo+),Hate_Speech,Text_Post,0,Manual_Review,33.8,114.7,0,Approve_Keep,0,0.0,None,0,0,Derogatory slur targeting protected demographic in comment section
MOD-2026-12037,2026-09-06 20:12:57,AGENT_15,Senior (6mo+),Hate_Speech,Short_Video,1,Manual_Review,127.1,81.0,0,Remove_Delete,0,0.0,None,0,0,Incitement to boycott and harass private individual based on religion
MOD-2026-11262,2026-09-06 20:18:47,AGENT_04,Core (1-6mo),Fraud_Scams,Text_Post,0,Auto_Rejected,4.7,203.9,0,Remove_Delete,0,0.0,None,0,0,Unauthorized credential harvesting page embedded in bio link
MOD-2026-12030,2026-09-06 20:45:23,AGENT_03,New Hire (<30d),Spam_Commercial,Text_Post,0,Auto_Rejected,5.1,147.8,0,Remove_Delete,0,0.0,None,0,0,Keyword stuffing and hidden redirects on promotional landing page
MOD-2026-12414,2026-09-06 20:57:30,AGENT_15,Senior (6mo+),Hate_Speech,Text_Post,0,Manual_Review,36.3,219.2,0,Remove_Delete,0,0.0,None,0,0,Nuanced political satire flagged by automated keyword filter as hate
MOD-2026-10445,2026-09-06 21:19:19,AGENT_09,Core (1-6mo),Fraud_Scams,Static_Image,0,Auto_Approved,4.4,49.9,0,Approve_Keep,0,0.0,None,0,0,Cryptocurrency investment scheme promising guaranteed 500% daily returns
MOD-2026-11737,2026-09-06 21:40:56,AGENT_10,Core (1-6mo),Hate_Speech,Text_Post,1,Manual_Review,38.0,255.6,1,Remove_Delete,1,100.0,None,0,0,Nuanced political satire flagged by automated keyword filter as hate
MOD-2026-12624,2026-09-06 21:48:20,AGENT_11,Core (1-6mo),Hate_Speech,Text_Post,1,Auto_Rejected,4.0,73.4,0,Remove_Delete,0,0.0,None,0,0,Dehumanizing memes comparing ethnic groups to biological pests
MOD-2026-12490,2026-09-06 21:54:16,AGENT_10,Core (1-6mo),Spam_Commercial,Text_Post,0,Manual_Review,19.4,118.6,0,Remove_Delete,0,0.0,None,0,0,Unsolicited commercial affiliate marketing message blast
MOD-2026-11217,2026-09-06 21:58:47,AGENT_13,Senior (6mo+),Emergency_TCO,Short_Video,1,Manual_Review,205.4,36.7,0,Remove_Delete,0,0.0,None,1,0,Violent extremist manifestos distribution attempt flagged by cross-platform hash
MOD-2026-12076,2026-09-06 22:06:58,AGENT_10,Core (1-6mo),Fraud_Scams,Static_Image,0,Auto_Approved,4.2,188.9,0,Approve_Keep,0,0.0,None,0,0,Gift card prize sweepstakes scam targeting senior account holders
MOD-2026-12131,2026-09-06 22:15:27,AGENT_09,Core (1-6mo),Hate_Speech,Text_Post,1,Auto_Approved,3.7,222.9,0,Approve_Keep,0,0.0,None,0,0,Derogatory slur targeting protected demographic in comment section
MOD-2026-11824,2026-09-06 22:30:45,AGENT_13,Senior (6mo+),Fraud_Scams,Text_Post,0,Tier2_Escalated,24.8,147.4,0,Remove_Delete,1,100.0,None,0,0,Counterfeit luxury goods listing utilizing stolen trademark imagery
MOD-2026-12536,2026-09-06 22:51:09,AGENT_03,New Hire (<30d),Spam_Commercial,Text_Post,0,Auto_Rejected,5.3,63.5,0,Remove_Delete,0,0.0,None,0,0,Repetitive bot activity promoting unverified pharmaceutical supplements
MOD-2026-10347,2026-09-06 22:52:43,AGENT_11,Core (1-6mo),Fraud_Scams,Text_Post,0,Auto_Approved,3.4,177.1,0,Approve_Keep,0,0.0,None,0,0,Counterfeit luxury goods listing utilizing stolen trademark imagery
MOD-2026-10910,2026-09-06 23:17:43,AGENT_08,Core (1-6mo),Fraud_Scams,Static_Image,0,Auto_Rejected,3.2,138.1,0,Remove_Delete,0,0.0,None,0,0,Counterfeit luxury goods listing utilizing stolen trademark imagery
MOD-2026-12099,2026-09-06 23:27:37,AGENT_13,Senior (6mo+),Spam_Commercial,Text_Post,0,Auto_Rejected,5.3,199.8,0,Remove_Delete,0,0.0,None,0,0,Repetitive bot activity promoting unverified pharmaceutical supplements
MOD-2026-10818,2026-09-06 23:54:07,AGENT_06,Core (1-6mo),Spam_Commercial,Text_Post,0,Auto_Rejected,4.6,21.6,0,Remove_Delete,0,0.0,None,0,0,Automated script posting identical promotional link 120 times in forum
MOD-2026-11369,2026-09-07 00:02:25,AGENT_08,Core (1-6mo),Fraud_Scams,Static_Image,0,Auto_Approved,4.8,109.9,0,Approve_Keep,0,0.0,None,0,0,Counterfeit luxury goods listing utilizing stolen trademark imagery
MOD-2026-10177,2026-09-07 00:24:33,AGENT_13,Senior (6mo+),Spam_Commercial,Static_Image,0,Auto_Rejected,4.6,147.7,0,Remove_Delete,0,0.0,None,0,0,Repetitive bot activity promoting unverified pharmaceutical supplements
MOD-2026-12298,2026-09-07 00:26:45,AGENT_04,Core (1-6mo),Fraud_Scams,Short_Video,0,Manual_Review,109.9,186.5,0,Remove_Delete,0,0.0,None,0,0,Gift card prize sweepstakes scam targeting senior account holders
MOD-2026-10875,2026-09-07 00:31:43,AGENT_12,Senior (6mo+),Violence_HighRisk,Short_Video,1,Tier2_Escalated,197.7,185.0,1,Remove_Delete,0,0.0,None,0,0,Dangerous weapons demonstration video flagged for policy violation
MOD-2026-11185,2026-09-07 00:33:25,AGENT_15,Senior (6mo+),Spam_Commercial,Text_Post,0,Manual_Review,12.1,112.4,0,Account_Suspend,1,100.0,None,0,0,Keyword stuffing and hidden redirects on promotional landing page
MOD-2026-11455,2026-09-07 01:16:50,AGENT_02,New Hire (<30d),Spam_Commercial,Text_Post,0,Auto_Rejected,3.9,50.1,0,Remove_Delete,1,100.0,None,0,0,Automated script posting identical promotional link 120 times in forum
MOD-2026-10961,2026-09-07 01:21:29,AGENT_01,New Hire (<30d),Spam_Commercial,Text_Post,0,Auto_Approved,3.1,28.7,0,Approve_Keep,0,0.0,None,0,0,Unsolicited commercial affiliate marketing message blast
MOD-2026-11887,2026-09-07 01:23:17,AGENT_06,Core (1-6mo),Fraud_Scams,Static_Image,0,Auto_Rejected,5.9,26.3,0,Remove_Delete,0,0.0,None,0,0,Counterfeit luxury goods listing utilizing stolen trademark imagery
MOD-2026-11435,2026-09-07 01:23:53,AGENT_14,Senior (6mo+),Fraud_Scams,Static_Image,0,Auto_Approved,3.0,58.1,0,Approve_Keep,0,0.0,None,0,0,Gift card prize sweepstakes scam targeting senior account holders
MOD-2026-10745,2026-09-07 01:28:11,AGENT_02,New Hire (<30d),Hate_Speech,Text_Post,0,Manual_Review,50.5,121.6,0,Remove_Delete,1,100.0,None,0,0,Coordinated brigading comments containing coded discriminatory dogwhistles
MOD-2026-10196,2026-09-07 01:51:54,AGENT_13,Senior (6mo+),Hate_Speech,Text_Post,0,Manual_Review,27.8,111.7,0,Remove_Delete,0,0.0,None,0,0,Coordinated brigading comments containing coded discriminatory dogwhistles
MOD-2026-10927,2026-09-07 02:09:59,AGENT_02,New Hire (<30d),Fraud_Scams,Text_Post,0,Manual_Review,25.1,81.2,0,Remove_Delete,0,0.0,None,1,0,Counterfeit luxury goods listing utilizing stolen trademark imagery
MOD-2026-10536,2026-09-07 02:12:38,AGENT_15,Senior (6mo+),Spam_Commercial,Text_Post,0,Auto_Approved,4.8,197.4,0,Approve_Keep,0,0.0,None,0,0,Bulk account creation posting duplicate SEO spam articles
MOD-2026-10834,2026-09-07 02:13:12,AGENT_13,Senior (6mo+),Fraud_Scams,Live_Stream,0,Manual_Review,224.1,164.5,0,Remove_Delete,0,0.0,None,0,0,Gift card prize sweepstakes scam targeting senior account holders
MOD-2026-10099,2026-09-07 02:23:10,AGENT_12,Senior (6mo+),Violence_HighRisk,Text_Post,0,Manual_Review,20.7,133.1,0,Remove_Delete,0,0.0,None,0,0,Dangerous weapons demonstration video flagged for policy violation
MOD-2026-12248,2026-09-07 02:43:55,AGENT_14,Senior (6mo+),Violence_HighRisk,Short_Video,1,Tier2_Escalated,203.7,256.9,1,Remove_Delete,0,0.0,None,0,0,Threatening physical altercation clip uploaded without contextual warning
MOD-2026-11261,2026-09-07 02:53:51,AGENT_02,New Hire (<30d),Violence_HighRisk,Static_Image,1,Manual_Review,57.0,134.1,0,Approve_Keep,0,0.0,None,0,0,Threatening physical altercation clip uploaded without contextual warning
MOD-2026-10530,2026-09-07 03:07:43,AGENT_02,New Hire (<30d),Violence_HighRisk,Text_Post,0,Auto_Approved,4.8,150.3,0,Approve_Keep,0,0.0,None,0,0,Self-harm reference in private broadcast requiring immediate crisis triage
MOD-2026-11034,2026-09-07 03:25:37,AGENT_03,New Hire (<30d),Hate_Speech,Static_Image,0,Manual_Review,105.9,206.4,0,Account_Suspend,0,0.0,None,0,0,Nuanced political satire flagged by automated keyword filter as hate
MOD-2026-10361,2026-09-07 03:40:45,AGENT_02,New Hire (<30d),Hate_Speech,Text_Post,1,Manual_Review,54.0,206.0,0,Remove_Delete,1,100.0,None,0,0,Incitement to boycott and harass private individual based on religion
MOD-2026-12073,2026-09-07 03:47:35,AGENT_08,Core (1-6mo),Fraud_Scams,Text_Post,0,Auto_Rejected,5.1,110.5,0,Remove_Delete,0,0.0,None,0,0,Phishing link impersonating official platform customer verification support
MOD-2026-12552,2026-09-07 04:19:48,AGENT_03,New Hire (<30d),Spam_Commercial,Text_Post,0,Auto_Rejected,2.8,153.9,0,Remove_Delete,0,0.0,None,0,0,Bulk account creation posting duplicate SEO spam articles
MOD-2026-10336,2026-09-07 04:42:09,AGENT_02,New Hire (<30d),Violence_HighRisk,Short_Video,1,Auto_Approved,5.9,176.6,0,Approve_Keep,0,0.0,None,0,0,Self-harm reference in private broadcast requiring immediate crisis triage
MOD-2026-10902,2026-09-07 04:46:50,AGENT_15,Senior (6mo+),Fraud_Scams,Short_Video,0,Tier2_Escalated,99.6,188.3,0,Remove_Delete,0,0.0,None,0,0,Phishing link impersonating official platform customer verification support
MOD-2026-10959,2026-09-07 05:04:55,AGENT_12,Senior (6mo+),Fraud_Scams,Text_Post,0,Manual_Review,17.9,160.3,0,Remove_Delete,1,100.0,None,0,0,Counterfeit luxury goods listing utilizing stolen trademark imagery
MOD-2026-12630,2026-09-07 05:20:41,AGENT_02,New Hire (<30d),Emergency_TCO,Live_Stream,1,Auto_Rejected,4.9,61.1,1,Remove_Delete,0,0.0,None,0,0,Urgent notice-and-action request under EU 1-hour removal mandate
MOD-2026-12431,2026-09-07 05:31:17,AGENT_09,Core (1-6mo),Fraud_Scams,Text_Post,0,Auto_Rejected,5.9,166.8,0,Remove_Delete,0,0.0,None,0,0,Unauthorized credential harvesting page embedded in bio link
MOD-2026-11947,2026-09-07 05:51:37,AGENT_13,Senior (6mo+),Spam_Commercial,Text_Post,0,Auto_Approved,3.3,94.1,0,Approve_Keep,0,0.0,None,0,0,Keyword stuffing and hidden redirects on promotional landing page
MOD-2026-10321,2026-09-07 06:16:54,AGENT_10,Core (1-6mo),Hate_Speech,Static_Image,1,Manual_Review,61.0,78.9,0,Remove_Delete,0,0.0,None,0,0,Incitement to boycott and harass private individual based on religion
MOD-2026-11983,2026-09-07 06:25:00,AGENT_06,Core (1-6mo),Fraud_Scams,Static_Image,0,Manual_Review,74.2,56.8,0,Remove_Delete,0,0.0,None,1,0,Phishing link impersonating official platform customer verification support
MOD-2026-12778,2026-09-07 06:26:24,AGENT_04,Core (1-6mo),Hate_Speech,Short_Video,0,Manual_Review,235.7,309.3,1,Content_Warning,1,100.0,None,0,0,Nuanced political satire flagged by automated keyword filter as hate
MOD-2026-12795,2026-09-07 06:45:09,AGENT_09,Core (1-6mo),Violence_HighRisk,Short_Video,0,Manual_Review,264.1,220.7,1,Remove_Delete,0,0.0,None,1,0,Self-harm reference in private broadcast requiring immediate crisis triage
MOD-2026-11010,2026-09-07 07:28:52,AGENT_12,Senior (6mo+),Violence_HighRisk,Live_Stream,1,Auto_Rejected,3.9,221.2,1,Remove_Delete,0,0.0,None,0,0,Threatening physical altercation clip uploaded without contextual warning
MOD-2026-11372,2026-09-07 07:39:02,AGENT_14,Senior (6mo+),Violence_HighRisk,Live_Stream,1,Tier2_Escalated,309.6,204.3,1,Remove_Delete,0,0.0,None,0,0,Self-harm reference in private broadcast requiring immediate crisis triage
MOD-2026-12331,2026-09-07 07:47:37,AGENT_07,Core (1-6mo),Violence_HighRisk,Static_Image,1,Manual_Review,79.0,225.0,1,Remove_Delete,0,0.0,None,0,0,Self-harm reference in private broadcast requiring immediate crisis triage
MOD-2026-11848,2026-09-07 08:01:31,AGENT_12,Senior (6mo+),Violence_HighRisk,Short_Video,1,Auto_Rejected,4.1,166.6,0,Remove_Delete,0,0.0,None,1,0,Self-harm reference in private broadcast requiring immediate crisis triage
MOD-2026-12256,2026-09-07 08:13:24,AGENT_11,Core (1-6mo),Fraud_Scams,Static_Image,0,Auto_Approved,5.3,83.9,0,Approve_Keep,0,0.0,None,0,0,Gift card prize sweepstakes scam targeting senior account holders
MOD-2026-12797,2026-09-07 08:40:14,AGENT_09,Core (1-6mo),Hate_Speech,Short_Video,0,Manual_Review,194.7,251.7,1,Remove_Delete,0,0.0,None,0,0,Coordinated brigading comments containing coded discriminatory dogwhistles
MOD-2026-12591,2026-09-07 08:50:15,AGENT_10,Core (1-6mo),Violence_HighRisk,Short_Video,0,Manual_Review,155.4,159.1,0,Content_Warning,0,0.0,None,0,0,Self-harm reference in private broadcast requiring immediate crisis triage
MOD-2026-12201,2026-09-07 09:15:27,AGENT_03,New Hire (<30d),Violence_HighRisk,Short_Video,1,Auto_Rejected,3.7,194.6,1,Remove_Delete,0,0.0,None,0,0,Reported altercation outside transit station with physical violence
MOD-2026-12048,2026-09-07 09:16:19,AGENT_12,Senior (6mo+),Fraud_Scams,Text_Post,0,Tier2_Escalated,23.9,57.8,0,Remove_Delete,0,0.0,None,0,0,Cryptocurrency investment scheme promising guaranteed 500% daily returns
MOD-2026-10272,2026-09-07 09:23:56,AGENT_13,Senior (6mo+),Emergency_TCO,Static_Image,1,Manual_Review,38.9,69.3,1,Account_Suspend,0,0.0,None,1,0,Urgent notice-and-action request under EU 1-hour removal mandate
MOD-2026-10086,2026-09-07 09:33:41,AGENT_10,Core (1-6mo),Emergency_TCO,Short_Video,1,Manual_Review,233.4,61.7,1,Escalate,0,0.0,None,0,0,Coordinated tactical propaganda audio recording flagged by intelligence unit
MOD-2026-11664,2026-09-07 09:46:43,AGENT_15,Senior (6mo+),Fraud_Scams,Short_Video,0,Manual_Review,149.3,143.7,0,Account_Suspend,0,0.0,None,0,0,Cryptocurrency investment scheme promising guaranteed 500% daily returns
MOD-2026-10490,2026-09-07 10:11:29,AGENT_06,Core (1-6mo),Fraud_Scams,Text_Post,0,Manual_Review,22.4,77.3,0,Remove_Delete,0,0.0,None,0,0,Counterfeit luxury goods listing utilizing stolen trademark imagery
MOD-2026-10893,2026-09-07 10:50:29,AGENT_06,Core (1-6mo),Fraud_Scams,Static_Image,0,Auto_Rejected,3.3,85.5,0,Remove_Delete,0,0.0,None,0,0,Cryptocurrency investment scheme promising guaranteed 500% daily returns
MOD-2026-11059,2026-09-07 11:24:53,AGENT_01,New Hire (<30d),Fraud_Scams,Text_Post,0,Auto_Rejected,3.5,27.1,0,Remove_Delete,1,100.0,None,0,0,Unauthorized credential harvesting page embedded in bio link
MOD-2026-11101,2026-09-07 11:35:16,AGENT_04,Core (1-6mo),Hate_Speech,Static_Image,0,Manual_Review,82.9,214.8,0,Remove_Delete,0,0.0,None,1,0,Nuanced political satire flagged by automated keyword filter as hate
MOD-2026-10264,2026-09-07 11:51:26,AGENT_06,Core (1-6mo),Hate_Speech,Text_Post,0,Manual_Review,20.3,225.8,0,Content_Warning,0,0.0,None,0,0,Coordinated brigading comments containing coded discriminatory dogwhistles
MOD-2026-12109,2026-09-07 11:55:20,AGENT_13,Senior (6mo+),Spam_Commercial,Short_Video,0,Auto_Approved,4.1,70.9,0,Approve_Keep,0,0.0,None,0,0,Automated script posting identical promotional link 120 times in forum
MOD-2026-12221,2026-09-07 12:13:36,AGENT_08,Core (1-6mo),Hate_Speech,Static_Image,0,Auto_Approved,5.4,304.5,1,Approve_Keep,0,0.0,None,0,0,Dehumanizing memes comparing ethnic groups to biological pests
MOD-2026-11220,2026-09-07 12:31:15,AGENT_14,Senior (6mo+),Spam_Commercial,Static_Image,0,Auto_Approved,3.9,22.8,0,Approve_Keep,0,0.0,None,0,0,Unsolicited commercial affiliate marketing message blast
MOD-2026-10938,2026-09-07 12:43:36,AGENT_02,New Hire (<30d),Spam_Commercial,Text_Post,0,Auto_Approved,4.2,56.8,0,Approve_Keep,0,0.0,None,0,0,Keyword stuffing and hidden redirects on promotional landing page
MOD-2026-11522,2026-09-07 12:52:57,AGENT_14,Senior (6mo+),Violence_HighRisk,Short_Video,1,Tier2_Escalated,146.4,191.8,1,Remove_Delete,0,0.0,None,0,0,Self-harm reference in private broadcast requiring immediate crisis triage
MOD-2026-12159,2026-09-07 13:01:42,AGENT_15,Senior (6mo+),Violence_HighRisk,Static_Image,0,Auto_Rejected,4.4,221.1,1,Remove_Delete,0,0.0,None,0,0,Reported altercation outside transit station with physical violence
MOD-2026-12740,2026-09-07 13:36:51,AGENT_12,Senior (6mo+),Spam_Commercial,Text_Post,0,Auto_Rejected,3.0,162.0,0,Remove_Delete,1,100.0,None,0,0,Repetitive bot activity promoting unverified pharmaceutical supplements
MOD-2026-11543,2026-09-07 13:51:02,AGENT_03,New Hire (<30d),Hate_Speech,Text_Post,1,Manual_Review,45.2,73.1,0,Approve_Keep,0,0.0,None,0,0,Incitement to boycott and harass private individual based on religion
MOD-2026-11513,2026-09-07 13:52:45,AGENT_10,Core (1-6mo),Violence_HighRisk,Short_Video,1,Auto_Rejected,3.3,143.8,0,Remove_Delete,1,100.0,None,1,0,Reported altercation outside transit station with physical violence
MOD-2026-10770,2026-09-07 13:55:11,AGENT_12,Senior (6mo+),Fraud_Scams,Short_Video,0,Auto_Rejected,3.4,110.4,0,Remove_Delete,0,0.0,None,0,0,Gift card prize sweepstakes scam targeting senior account holders
MOD-2026-12678,2026-09-07 14:02:59,AGENT_10,Core (1-6mo),Emergency_TCO,Live_Stream,1,Auto_Rejected,5.7,30.5,0,Remove_Delete,0,0.0,None,0,0,Emergency legal escalation concerning imminent threat of platform violence
MOD-2026-10145,2026-09-07 14:11:28,AGENT_09,Core (1-6mo),Spam_Commercial,Text_Post,0,Auto_Approved,5.2,160.8,0,Approve_Keep,0,0.0,None,0,0,Keyword stuffing and hidden redirects on promotional landing page
MOD-2026-12751,2026-09-07 14:11:55,AGENT_12,Senior (6mo+),Spam_Commercial,Text_Post,0,Manual_Review,13.6,36.7,0,Approve_Keep,1,100.0,None,0,0,Repetitive bot activity promoting unverified pharmaceutical supplements
MOD-2026-10633,2026-09-07 14:14:53,AGENT_15,Senior (6mo+),Hate_Speech,Live_Stream,1,Auto_Rejected,5.4,87.3,0,Remove_Delete,1,100.0,None,0,0,Nuanced political satire flagged by automated keyword filter as hate
MOD-2026-11532,2026-09-07 14:38:59,AGENT_14,Senior (6mo+),Hate_Speech,Text_Post,0,Manual_Review,20.3,69.5,0,Approve_Keep,0,0.0,None,0,0,Derogatory slur targeting protected demographic in comment section
MOD-2026-10002,2026-09-07 14:54:59,AGENT_07,Core (1-6mo),Fraud_Scams,Static_Image,0,Manual_Review,43.0,137.9,0,Account_Suspend,1,100.0,None,0,0,Counterfeit luxury goods listing utilizing stolen trademark imagery
MOD-2026-12590,2026-09-07 15:10:48,AGENT_05,Core (1-6mo),Emergency_TCO,Short_Video,1,Manual_Review,177.3,20.7,0,Remove_Delete,0,0.0,None,0,0,Violent extremist manifestos distribution attempt flagged by cross-platform hash
MOD-2026-11052,2026-09-07 15:20:11,AGENT_06,Core (1-6mo),Hate_Speech,Static_Image,0,Auto_Rejected,2.5,209.8,0,Remove_Delete,0,0.0,None,1,0,Nuanced political satire flagged by automated keyword filter as hate
MOD-2026-10048,2026-09-07 15:25:05,AGENT_02,New Hire (<30d),Spam_Commercial,Text_Post,0,Auto_Rejected,3.0,112.3,0,Remove_Delete,1,100.0,None,0,0,Repetitive bot activity promoting unverified pharmaceutical supplements
MOD-2026-11966,2026-09-07 15:30:54,AGENT_07,Core (1-6mo),Hate_Speech,Static_Image,0,Auto_Approved,5.3,293.8,1,Approve_Keep,0,0.0,None,0,0,Dehumanizing memes comparing ethnic groups to biological pests
MOD-2026-12038,2026-09-07 15:39:32,AGENT_04,Core (1-6mo),Violence_HighRisk,Live_Stream,1,Auto_Approved,4.7,50.7,0,Approve_Keep,0,0.0,None,0,0,Reported altercation outside transit station with physical violence
MOD-2026-10993,2026-09-07 15:51:54,AGENT_09,Core (1-6mo),Fraud_Scams,Text_Post,0,Manual_Review,37.5,21.3,0,Account_Suspend,1,100.0,None,0,0,Gift card prize sweepstakes scam targeting senior account holders
MOD-2026-10306,2026-09-07 15:58:55,AGENT_13,Senior (6mo+),Hate_Speech,Text_Post,0,Tier2_Escalated,31.6,231.4,0,Approve_Keep,0,0.0,None,0,0,Derogatory slur targeting protected demographic in comment section
MOD-2026-11910,2026-09-07 16:10:51,AGENT_08,Core (1-6mo),Hate_Speech,Static_Image,0,Manual_Review,45.5,155.7,0,Content_Warning,0,0.0,None,0,0,Derogatory slur targeting protected demographic in comment section
MOD-2026-11278,2026-09-07 16:13:56,AGENT_14,Senior (6mo+),Violence_HighRisk,Short_Video,1,Manual_Review,194.7,202.2,1,Approve_Keep,0,0.0,None,0,0,Self-harm reference in private broadcast requiring immediate crisis triage
MOD-2026-10857,2026-09-07 16:40:45,AGENT_01,New Hire (<30d),Hate_Speech,Text_Post,1,Auto_Rejected,3.6,196.7,0,Remove_Delete,0,0.0,None,1,0,Coordinated brigading comments containing coded discriminatory dogwhistles
MOD-2026-12691,2026-09-07 16:42:43,AGENT_06,Core (1-6mo),Spam_Commercial,Text_Post,0,Auto_Approved,4.5,52.7,0,Approve_Keep,0,0.0,None,0,0,Unsolicited commercial affiliate marketing message blast
MOD-2026-10573,2026-09-07 17:08:16,AGENT_12,Senior (6mo+),Violence_HighRisk,Static_Image,0,Auto_Approved,4.2,130.3,0,Approve_Keep,0,0.0,None,0,0,Threatening physical altercation clip uploaded without contextual warning
MOD-2026-12561,2026-09-07 17:31:44,AGENT_15,Senior (6mo+),Emergency_TCO,Static_Image,1,Tier2_Escalated,73.9,46.2,0,Remove_Delete,0,0.0,None,0,0,Suspected terrorist recruitment video uploaded across multiple hashtags
MOD-2026-12266,2026-09-07 17:31:58,AGENT_07,Core (1-6mo),Spam_Commercial,Text_Post,0,Manual_Review,21.1,193.4,0,Remove_Delete,0,0.0,None,0,0,Unsolicited commercial affiliate marketing message blast
MOD-2026-11003,2026-09-07 17:44:37,AGENT_01,New Hire (<30d),Hate_Speech,Text_Post,0,Manual_Review,48.9,133.9,0,Remove_Delete,0,0.0,None,0,0,Nuanced political satire flagged by automated keyword filter as hate
MOD-2026-12292,2026-09-07 18:00:42,AGENT_08,Core (1-6mo),Hate_Speech,Short_Video,0,Auto_Approved,3.0,164.4,0,Approve_Keep,0,0.0,None,0,0,Dehumanizing memes comparing ethnic groups to biological pests
MOD-2026-11491,2026-09-07 18:05:52,AGENT_10,Core (1-6mo),Hate_Speech,Text_Post,0,Manual_Review,25.5,158.3,0,Approve_Keep,1,100.0,None,0,0,Incitement to boycott and harass private individual based on religion
MOD-2026-12284,2026-09-07 18:08:06,AGENT_09,Core (1-6mo),Spam_Commercial,Static_Image,0,Auto_Rejected,5.7,200.2,0,Remove_Delete,0,0.0,None,0,0,Bulk account creation posting duplicate SEO spam articles
MOD-2026-11585,2026-09-07 18:43:12,AGENT_09,Core (1-6mo),Fraud_Scams,Static_Image,0,Manual_Review,75.0,155.3,0,Remove_Delete,0,0.0,None,0,0,Counterfeit luxury goods listing utilizing stolen trademark imagery
MOD-2026-10852,2026-09-07 19:10:08,AGENT_14,Senior (6mo+),Violence_HighRisk,Static_Image,1,Auto_Approved,3.0,72.0,0,Approve_Keep,0,0.0,None,0,0,Self-harm reference in private broadcast requiring immediate crisis triage
MOD-2026-11431,2026-09-07 19:33:31,AGENT_09,Core (1-6mo),Fraud_Scams,Text_Post,0,Auto_Rejected,5.0,124.0,0,Remove_Delete,0,0.0,None,0,0,Gift card prize sweepstakes scam targeting senior account holders
MOD-2026-11535,2026-09-07 19:34:36,AGENT_15,Senior (6mo+),Spam_Commercial,Static_Image,0,Manual_Review,27.5,72.0,0,Remove_Delete,0,0.0,None,0,0,Repetitive bot activity promoting unverified pharmaceutical supplements
MOD-2026-12794,2026-09-07 19:52:40,AGENT_08,Core (1-6mo),Fraud_Scams,Text_Post,0,Auto_Approved,4.5,142.9,0,Approve_Keep,0,0.0,None,0,0,Unauthorized credential harvesting page embedded in bio link
MOD-2026-12760,2026-09-07 20:05:26,AGENT_07,Core (1-6mo),Emergency_TCO,Short_Video,1,Manual_Review,247.2,27.3,0,Remove_Delete,0,0.0,None,1,0,Emergency legal escalation concerning imminent threat of platform violence
MOD-2026-12461,2026-09-07 20:23:49,AGENT_12,Senior (6mo+),Fraud_Scams,Text_Post,0,Auto_Approved,3.8,134.6,0,Approve_Keep,0,0.0,None,0,0,Gift card prize sweepstakes scam targeting senior account holders
MOD-2026-11263,2026-09-07 20:43:16,AGENT_08,Core (1-6mo),Fraud_Scams,Text_Post,0,Auto_Rejected,3.8,127.8,0,Remove_Delete,1,100.0,None,0,0,Counterfeit luxury goods listing utilizing stolen trademark imagery
MOD-2026-10284,2026-09-07 21:43:43,AGENT_11,Core (1-6mo),Violence_HighRisk,Static_Image,0,Manual_Review,68.2,245.4,1,Approve_Keep,0,0.0,None,0,0,Dangerous weapons demonstration video flagged for policy violation
MOD-2026-11918,2026-09-07 21:52:42,AGENT_01,New Hire (<30d),Spam_Commercial,Static_Image,0,Auto_Approved,3.7,165.7,0,Approve_Keep,0,0.0,None,0,0,Keyword stuffing and hidden redirects on promotional landing page
MOD-2026-11844,2026-09-07 21:53:56,AGENT_02,New Hire (<30d),Fraud_Scams,Static_Image,0,Manual_Review,67.7,28.7,0,Remove_Delete,0,0.0,None,0,0,Cryptocurrency investment scheme promising guaranteed 500% daily returns
MOD-2026-10402,2026-09-07 21:56:17,AGENT_03,New Hire (<30d),Fraud_Scams,Text_Post,0,Manual_Review,36.2,44.1,0,Remove_Delete,0,0.0,None,1,0,Unauthorized credential harvesting page embedded in bio link
MOD-2026-12491,2026-09-07 22:02:58,AGENT_05,Core (1-6mo),Hate_Speech,Text_Post,0,Manual_Review,22.7,114.8,0,Content_Warning,0,0.0,None,0,0,Nuanced political satire flagged by automated keyword filter as hate
MOD-2026-11088,2026-09-07 22:15:43,AGENT_09,Core (1-6mo),Hate_Speech,Text_Post,0,Auto_Approved,5.5,192.9,0,Approve_Keep,1,100.0,None,0,0,Nuanced political satire flagged by automated keyword filter as hate
MOD-2026-12199,2026-09-07 22:28:03,AGENT_03,New Hire (<30d),Emergency_TCO,Static_Image,1,Auto_Rejected,3.6,61.8,1,Remove_Delete,0,0.0,None,1,1,Coordinated tactical propaganda audio recording flagged by intelligence unit
MOD-2026-12462,2026-09-07 22:57:52,AGENT_09,Core (1-6mo),Fraud_Scams,Static_Image,0,Manual_Review,46.8,156.0,0,Remove_Delete,0,0.0,None,0,0,Counterfeit luxury goods listing utilizing stolen trademark imagery
MOD-2026-11716,2026-09-07 23:00:48,AGENT_03,New Hire (<30d),Spam_Commercial,Text_Post,0,Auto_Rejected,3.2,41.6,0,Remove_Delete,0,0.0,None,0,0,Keyword stuffing and hidden redirects on promotional landing page
MOD-2026-10548,2026-09-07 23:10:14,AGENT_02,New Hire (<30d),Hate_Speech,Text_Post,0,Manual_Review,43.1,111.1,0,Remove_Delete,1,100.0,None,0,0,Dehumanizing memes comparing ethnic groups to biological pests
MOD-2026-12053,2026-09-07 23:20:41,AGENT_08,Core (1-6mo),Emergency_TCO,Short_Video,1,Manual_Review,116.7,63.2,1,Approve_Keep,0,0.0,None,0,0,Suspected terrorist recruitment video uploaded across multiple hashtags
MOD-2026-10201,2026-09-07 23:24:27,AGENT_01,New Hire (<30d),Spam_Commercial,Text_Post,0,Manual_Review,34.3,102.5,0,Remove_Delete,0,0.0,None,0,0,Automated script posting identical promotional link 120 times in forum
MOD-2026-11660,2026-09-08 00:28:06,AGENT_14,Senior (6mo+),Spam_Commercial,Text_Post,0,Auto_Approved,4.8,119.9,0,Approve_Keep,1,100.0,None,0,0,Repetitive bot activity promoting unverified pharmaceutical supplements
MOD-2026-10997,2026-09-08 01:31:08,AGENT_10,Core (1-6mo),Spam_Commercial,Text_Post,0,Auto_Approved,5.8,154.7,0,Approve_Keep,0,0.0,None,0,0,Unsolicited commercial affiliate marketing message blast
MOD-2026-11315,2026-09-08 02:07:28,AGENT_09,Core (1-6mo),Fraud_Scams,Static_Image,0,Manual_Review,35.4,213.6,0,Account_Suspend,0,0.0,None,0,0,Unauthorized credential harvesting page embedded in bio link
MOD-2026-11581,2026-09-08 02:26:35,AGENT_15,Senior (6mo+),Spam_Commercial,Static_Image,0,Tier2_Escalated,35.3,55.0,0,Approve_Keep,0,0.0,None,0,0,Keyword stuffing and hidden redirects on promotional landing page
MOD-2026-11870,2026-09-08 02:31:29,AGENT_10,Core (1-6mo),Hate_Speech,Short_Video,0,Auto_Rejected,3.6,85.0,0,Remove_Delete,0,0.0,None,0,0,Dehumanizing memes comparing ethnic groups to biological pests
MOD-2026-12096,2026-09-08 02:41:52,AGENT_04,Core (1-6mo),Spam_Commercial,Text_Post,0,Auto_Rejected,3.0,131.0,0,Remove_Delete,0,0.0,None,0,0,Unsolicited commercial affiliate marketing message blast
MOD-2026-10071,2026-09-08 02:45:18,AGENT_13,Senior (6mo+),Fraud_Scams,Text_Post,0,Auto_Rejected,4.3,217.6,0,Remove_Delete,0,0.0,None,0,0,Unauthorized credential harvesting page embedded in bio link
MOD-2026-11041,2026-09-08 02:47:41,AGENT_10,Core (1-6mo),Spam_Commercial,Text_Post,0,Auto_Approved,5.0,89.4,0,Approve_Keep,0,0.0,None,0,0,Repetitive bot activity promoting unverified pharmaceutical supplements
MOD-2026-10138,2026-09-08 03:05:21,AGENT_15,Senior (6mo+),Hate_Speech,Text_Post,1,Auto_Approved,3.9,269.2,1,Approve_Keep,0,0.0,None,0,0,Derogatory slur targeting protected demographic in comment section
MOD-2026-11526,2026-09-08 03:31:00,AGENT_09,Core (1-6mo),Violence_HighRisk,Short_Video,1,Manual_Review,129.8,194.4,1,Content_Warning,0,0.0,None,0,0,Graphic injury footage from sports accident flagged by audience
MOD-2026-11498,2026-09-08 03:52:25,AGENT_10,Core (1-6mo),Spam_Commercial,Text_Post,0,Auto_Rejected,4.9,113.1,0,Remove_Delete,0,0.0,None,0,0,Bulk account creation posting duplicate SEO spam articles
MOD-2026-10318,2026-09-08 03:57:11,AGENT_14,Senior (6mo+),Fraud_Scams,Static_Image,0,Tier2_Escalated,53.5,126.2,0,Approve_Keep,1,100.0,None,0,0,Cryptocurrency investment scheme promising guaranteed 500% daily returns
MOD-2026-10442,2026-09-08 03:57:57,AGENT_15,Senior (6mo+),Fraud_Scams,Text_Post,0,Auto_Rejected,3.3,182.2,0,Remove_Delete,1,100.0,None,0,0,Phishing link impersonating official platform customer verification support
MOD-2026-10525,2026-09-08 04:04:54,AGENT_15,Senior (6mo+),Fraud_Scams,Text_Post,0,Manual_Review,21.4,20.7,0,Remove_Delete,0,0.0,None,0,0,Unauthorized credential harvesting page embedded in bio link
MOD-2026-10360,2026-09-08 04:08:26,AGENT_10,Core (1-6mo),Violence_HighRisk,Text_Post,0,Manual_Review,45.3,239.5,1,Remove_Delete,0,0.0,None,0,0,Graphic injury footage from sports accident flagged by audience
MOD-2026-11463,2026-09-08 04:28:58,AGENT_01,New Hire (<30d),Spam_Commercial,Text_Post,0,Auto_Rejected,3.2,145.0,0,Remove_Delete,0,0.0,None,1,0,Automated script posting identical promotional link 120 times in forum
MOD-2026-12737,2026-09-08 04:29:44,AGENT_14,Senior (6mo+),Fraud_Scams,Text_Post,0,Auto_Approved,4.1,187.5,0,Approve_Keep,0,0.0,None,0,0,Unauthorized credential harvesting page embedded in bio link
MOD-2026-12730,2026-09-08 05:03:45,AGENT_14,Senior (6mo+),Hate_Speech,Text_Post,0,Manual_Review,37.6,143.9,0,Remove_Delete,0,0.0,None,0,0,Nuanced political satire flagged by automated keyword filter as hate
MOD-2026-11341,2026-09-08 05:06:03,AGENT_07,Core (1-6mo),Spam_Commercial,Static_Image,0,Auto_Rejected,4.4,28.1,0,Remove_Delete,0,0.0,None,0,0,Bulk account creation posting duplicate SEO spam articles
MOD-2026-10300,2026-09-08 05:11:05,AGENT_08,Core (1-6mo),Hate_Speech,Short_Video,0,Auto_Approved,5.6,50.6,0,Approve_Keep,0,0.0,None,0,0,Incitement to boycott and harass private individual based on religion
MOD-2026-12747,2026-09-08 05:11:16,AGENT_06,Core (1-6mo),Hate_Speech,Short_Video,1,Manual_Review,182.6,61.8,0,Approve_Keep,0,0.0,None,0,0,Nuanced political satire flagged by automated keyword filter as hate
MOD-2026-10195,2026-09-08 06:04:34,AGENT_12,Senior (6mo+),Spam_Commercial,Text_Post,0,Manual_Review,20.3,63.4,0,Approve_Keep,0,0.0,None,0,0,Repetitive bot activity promoting unverified pharmaceutical supplements
MOD-2026-12091,2026-09-08 06:21:37,AGENT_02,New Hire (<30d),Spam_Commercial,Static_Image,0,Auto_Rejected,2.7,118.8,0,Remove_Delete,1,100.0,None,0,0,Keyword stuffing and hidden redirects on promotional landing page
MOD-2026-12018,2026-09-08 06:29:36,AGENT_11,Core (1-6mo),Hate_Speech,Text_Post,0,Manual_Review,44.1,217.8,0,Remove_Delete,1,100.0,None,0,0,Dehumanizing memes comparing ethnic groups to biological pests
MOD-2026-12046,2026-09-08 06:30:28,AGENT_03,New Hire (<30d),Violence_HighRisk,Short_Video,1,Auto_Rejected,5.8,236.0,1,Remove_Delete,0,0.0,None,0,0,Self-harm reference in private broadcast requiring immediate crisis triage
MOD-2026-11240,2026-09-08 06:45:17,AGENT_06,Core (1-6mo),Hate_Speech,Text_Post,0,Manual_Review,39.3,204.9,0,Remove_Delete,0,0.0,None,0,0,Dehumanizing memes comparing ethnic groups to biological pests
MOD-2026-11423,2026-09-08 07:00:05,AGENT_08,Core (1-6mo),Violence_HighRisk,Static_Image,1,Manual_Review,80.6,108.8,0,Remove_Delete,0,0.0,None,0,0,Self-harm reference in private broadcast requiring immediate crisis triage
MOD-2026-11500,2026-09-08 07:06:48,AGENT_12,Senior (6mo+),Hate_Speech,Text_Post,0,Tier2_Escalated,36.7,280.2,1,Remove_Delete,1,100.0,None,0,0,Dehumanizing memes comparing ethnic groups to biological pests
MOD-2026-12081,2026-09-08 07:36:57,AGENT_05,Core (1-6mo),Hate_Speech,Static_Image,0,Manual_Review,65.0,171.6,0,Remove_Delete,0,0.0,None,0,0,Incitement to boycott and harass private individual based on religion
MOD-2026-12294,2026-09-08 07:44:33,AGENT_10,Core (1-6mo),Spam_Commercial,Static_Image,0,Auto_Rejected,2.8,115.3,0,Remove_Delete,0,0.0,None,0,0,Repetitive bot activity promoting unverified pharmaceutical supplements
MOD-2026-12236,2026-09-08 08:33:57,AGENT_09,Core (1-6mo),Spam_Commercial,Static_Image,0,Auto_Approved,3.2,91.3,0,Approve_Keep,0,0.0,None,0,0,Keyword stuffing and hidden redirects on promotional landing page
MOD-2026-11574,2026-09-08 08:35:13,AGENT_13,Senior (6mo+),Hate_Speech,Static_Image,1,Auto_Rejected,3.6,195.0,0,Remove_Delete,0,0.0,None,0,0,Dehumanizing memes comparing ethnic groups to biological pests
MOD-2026-11990,2026-09-08 08:58:00,AGENT_13,Senior (6mo+),Hate_Speech,Text_Post,0,Auto_Rejected,4.4,165.9,0,Remove_Delete,0,0.0,None,0,0,Derogatory slur targeting protected demographic in comment section
MOD-2026-10581,2026-09-08 09:32:08,AGENT_08,Core (1-6mo),Violence_HighRisk,Text_Post,1,Manual_Review,24.8,88.2,0,Approve_Keep,0,0.0,None,0,0,Reported altercation outside transit station with physical violence
MOD-2026-12100,2026-09-08 09:45:30,AGENT_15,Senior (6mo+),Fraud_Scams,Static_Image,0,Manual_Review,26.1,45.4,0,Approve_Keep,0,0.0,None,0,0,Gift card prize sweepstakes scam targeting senior account holders
MOD-2026-11481,2026-09-08 09:57:10,AGENT_15,Senior (6mo+),Violence_HighRisk,Static_Image,1,Manual_Review,41.6,250.4,1,Approve_Keep,0,0.0,None,0,0,Reported altercation outside transit station with physical violence
MOD-2026-12531,2026-09-08 10:06:39,AGENT_13,Senior (6mo+),Spam_Commercial,Text_Post,0,Auto_Rejected,3.4,126.8,0,Remove_Delete,1,100.0,None,0,0,Keyword stuffing and hidden redirects on promotional landing page
MOD-2026-10100,2026-09-08 10:31:26,AGENT_05,Core (1-6mo),Spam_Commercial,Short_Video,0,Auto_Rejected,5.9,32.2,0,Remove_Delete,0,0.0,None,0,0,Automated script posting identical promotional link 120 times in forum
MOD-2026-11031,2026-09-08 11:10:02,AGENT_01,New Hire (<30d),Emergency_TCO,Short_Video,1,Manual_Review,348.8,64.4,1,Account_Suspend,0,0.0,None,0,0,Coordinated tactical propaganda audio recording flagged by intelligence unit
MOD-2026-11379,2026-09-08 11:27:44,AGENT_13,Senior (6mo+),Fraud_Scams,Text_Post,0,Auto_Approved,2.5,188.4,0,Approve_Keep,0,0.0,None,0,0,Cryptocurrency investment scheme promising guaranteed 500% daily returns
MOD-2026-10223,2026-09-08 11:36:33,AGENT_13,Senior (6mo+),Fraud_Scams,Static_Image,0,Manual_Review,38.7,179.2,0,Approve_Keep,1,100.0,None,0,0,Gift card prize sweepstakes scam targeting senior account holders
MOD-2026-10967,2026-09-08 11:44:52,AGENT_11,Core (1-6mo),Hate_Speech,Text_Post,0,Manual_Review,27.4,193.9,0,Remove_Delete,1,100.0,None,0,0,Incitement to boycott and harass private individual based on religion
MOD-2026-11851,2026-09-08 12:06:48,AGENT_14,Senior (6mo+),Hate_Speech,Text_Post,0,Auto_Rejected,5.8,283.3,1,Remove_Delete,0,0.0,None,0,0,Incitement to boycott and harass private individual based on religion
MOD-2026-12364,2026-09-08 12:11:51,AGENT_01,New Hire (<30d),Hate_Speech,Text_Post,0,Auto_Rejected,5.3,138.6,0,Remove_Delete,0,0.0,None,0,0,Nuanced political satire flagged by automated keyword filter as hate
MOD-2026-12260,2026-09-08 12:15:35,AGENT_05,Core (1-6mo),Violence_HighRisk,Short_Video,0,Manual_Review,128.0,155.1,0,Account_Suspend,0,0.0,None,0,0,Reported altercation outside transit station with physical violence
MOD-2026-10946,2026-09-08 12:20:46,AGENT_08,Core (1-6mo),Violence_HighRisk,Short_Video,1,Manual_Review,240.4,139.6,0,Content_Warning,0,0.0,None,0,0,Dangerous weapons demonstration video flagged for policy violation
MOD-2026-11382,2026-09-08 12:40:00,AGENT_03,New Hire (<30d),Spam_Commercial,Text_Post,0,Auto_Approved,2.7,109.9,0,Approve_Keep,0,0.0,None,0,0,Automated script posting identical promotional link 120 times in forum
MOD-2026-11119,2026-09-08 12:51:33,AGENT_03,New Hire (<30d),Violence_HighRisk,Static_Image,1,Auto_Rejected,4.1,39.0,0,Remove_Delete,0,0.0,None,0,0,Graphic injury footage from sports accident flagged by audience
MOD-2026-11601,2026-09-08 12:51:41,AGENT_03,New Hire (<30d),Hate_Speech,Static_Image,1,Manual_Review,54.4,284.2,1,Remove_Delete,1,100.0,None,0,0,Derogatory slur targeting protected demographic in comment section
MOD-2026-10111,2026-09-08 12:54:54,AGENT_04,Core (1-6mo),Hate_Speech,Live_Stream,1,Auto_Rejected,5.2,124.6,0,Remove_Delete,1,100.0,None,0,0,Dehumanizing memes comparing ethnic groups to biological pests
MOD-2026-11904,2026-09-08 13:14:11,AGENT_15,Senior (6mo+),Hate_Speech,Text_Post,1,Manual_Review,24.3,101.9,0,Remove_Delete,1,100.0,None,0,0,Incitement to boycott and harass private individual based on religion
MOD-2026-10677,2026-09-08 13:23:01,AGENT_12,Senior (6mo+),Emergency_TCO,Live_Stream,1,Tier2_Escalated,338.5,57.4,0,Remove_Delete,0,0.0,None,0,0,Emergency legal escalation concerning imminent threat of platform violence
MOD-2026-10260,2026-09-08 13:34:20,AGENT_15,Senior (6mo+),Fraud_Scams,Text_Post,0,Auto_Approved,2.6,180.6,0,Approve_Keep,0,0.0,None,0,0,Unauthorized credential harvesting page embedded in bio link
MOD-2026-12478,2026-09-08 13:50:18,AGENT_11,Core (1-6mo),Spam_Commercial,Text_Post,0,Auto_Rejected,2.9,128.7,0,Remove_Delete,0,0.0,None,0,0,Keyword stuffing and hidden redirects on promotional landing page
MOD-2026-11673,2026-09-08 14:20:27,AGENT_03,New Hire (<30d),Spam_Commercial,Text_Post,0,Auto_Approved,5.8,32.6,0,Approve_Keep,0,0.0,None,0,0,Repetitive bot activity promoting unverified pharmaceutical supplements
MOD-2026-11725,2026-09-08 14:22:14,AGENT_12,Senior (6mo+),Violence_HighRisk,Static_Image,1,Tier2_Escalated,38.4,195.1,1,Account_Suspend,0,0.0,None,0,0,Reported altercation outside transit station with physical violence
MOD-2026-11537,2026-09-08 14:33:07,AGENT_03,New Hire (<30d),Hate_Speech,Text_Post,0,Manual_Review,54.9,149.6,0,Approve_Keep,0,0.0,None,0,0,Derogatory slur targeting protected demographic in comment section
MOD-2026-11894,2026-09-08 14:35:06,AGENT_06,Core (1-6mo),Violence_HighRisk,Short_Video,1,Manual_Review,224.0,194.3,1,Escalate,0,0.0,None,0,0,Threatening physical altercation clip uploaded without contextual warning
MOD-2026-11720,2026-09-08 14:40:45,AGENT_07,Core (1-6mo),Violence_HighRisk,Live_Stream,1,Auto_Rejected,4.1,107.5,0,Remove_Delete,0,0.0,None,0,0,Dangerous weapons demonstration video flagged for policy violation
MOD-2026-12707,2026-09-08 15:14:50,AGENT_14,Senior (6mo+),Spam_Commercial,Text_Post,0,Auto_Approved,4.0,192.9,0,Approve_Keep,0,0.0,None,0,0,Keyword stuffing and hidden redirects on promotional landing page
MOD-2026-11777,2026-09-08 15:27:51,AGENT_13,Senior (6mo+),Hate_Speech,Short_Video,0,Tier2_Escalated,154.8,303.0,1,Remove_Delete,0,0.0,None,0,0,Nuanced political satire flagged by automated keyword filter as hate
MOD-2026-12314,2026-09-08 16:28:10,AGENT_05,Core (1-6mo),Spam_Commercial,Text_Post,0,Auto_Approved,2.9,82.1,0,Approve_Keep,0,0.0,None,0,0,Automated script posting identical promotional link 120 times in forum
MOD-2026-11671,2026-09-08 16:38:02,AGENT_12,Senior (6mo+),Violence_HighRisk,Static_Image,0,Tier2_Escalated,67.8,124.5,0,Remove_Delete,0,0.0,None,0,0,Threatening physical altercation clip uploaded without contextual warning
MOD-2026-10674,2026-09-08 16:40:57,AGENT_03,New Hire (<30d),Spam_Commercial,Text_Post,0,Auto_Approved,4.2,44.5,0,Approve_Keep,0,0.0,None,0,0,Automated script posting identical promotional link 120 times in forum
MOD-2026-10159,2026-09-08 16:41:27,AGENT_08,Core (1-6mo),Violence_HighRisk,Short_Video,0,Manual_Review,151.8,31.9,0,Approve_Keep,0,0.0,None,0,0,Graphic injury footage from sports accident flagged by audience
MOD-2026-10635,2026-09-08 16:43:08,AGENT_12,Senior (6mo+),Spam_Commercial,Text_Post,0,Manual_Review,11.7,210.4,0,Remove_Delete,0,0.0,None,0,0,Bulk account creation posting duplicate SEO spam articles
MOD-2026-10270,2026-09-08 17:01:53,AGENT_12,Senior (6mo+),Fraud_Scams,Text_Post,0,Tier2_Escalated,34.7,190.9,0,Remove_Delete,0,0.0,None,1,1,Cryptocurrency investment scheme promising guaranteed 500% daily returns
MOD-2026-11398,2026-09-08 17:05:12,AGENT_01,New Hire (<30d),Hate_Speech,Short_Video,0,Auto_Rejected,2.6,174.2,0,Remove_Delete,0,0.0,None,0,0,Coordinated brigading comments containing coded discriminatory dogwhistles
MOD-2026-12415,2026-09-08 17:16:16,AGENT_11,Core (1-6mo),Spam_Commercial,Text_Post,0,Auto_Approved,5.7,73.5,0,Approve_Keep,0,0.0,None,0,0,Bulk account creation posting duplicate SEO spam articles
MOD-2026-12436,2026-09-08 18:02:41,AGENT_14,Senior (6mo+),Fraud_Scams,Text_Post,0,Manual_Review,17.9,187.0,0,Remove_Delete,0,0.0,None,1,0,Counterfeit luxury goods listing utilizing stolen trademark imagery
MOD-2026-11559,2026-09-08 18:15:25,AGENT_15,Senior (6mo+),Hate_Speech,Text_Post,1,Manual_Review,22.8,161.5,0,Remove_Delete,0,0.0,None,0,0,Derogatory slur targeting protected demographic in comment section
MOD-2026-10042,2026-09-08 18:30:31,AGENT_03,New Hire (<30d),Fraud_Scams,Short_Video,0,Auto_Approved,4.8,217.6,0,Approve_Keep,0,0.0,None,0,0,Unauthorized credential harvesting page embedded in bio link
MOD-2026-12375,2026-09-08 20:19:01,AGENT_04,Core (1-6mo),Fraud_Scams,Text_Post,0,Manual_Review,19.4,188.0,0,Approve_Keep,1,100.0,None,0,0,Unauthorized credential harvesting page embedded in bio link
MOD-2026-11206,2026-09-08 20:35:50,AGENT_07,Core (1-6mo),Fraud_Scams,Static_Image,0,Auto_Rejected,3.5,219.0,0,Remove_Delete,0,0.0,None,0,0,Counterfeit luxury goods listing utilizing stolen trademark imagery
MOD-2026-10129,2026-09-08 20:47:37,AGENT_02,New Hire (<30d),Fraud_Scams,Short_Video,0,Manual_Review,229.9,123.2,0,Remove_Delete,1,100.0,None,0,0,Gift card prize sweepstakes scam targeting senior account holders
MOD-2026-10742,2026-09-08 21:04:05,AGENT_04,Core (1-6mo),Fraud_Scams,Text_Post,0,Auto_Rejected,3.8,67.7,0,Remove_Delete,1,100.0,None,0,0,Counterfeit luxury goods listing utilizing stolen trademark imagery
MOD-2026-10541,2026-09-08 21:06:58,AGENT_08,Core (1-6mo),Spam_Commercial,Text_Post,0,Manual_Review,20.2,34.2,0,Approve_Keep,0,0.0,None,0,0,Keyword stuffing and hidden redirects on promotional landing page
MOD-2026-12541,2026-09-08 21:09:50,AGENT_02,New Hire (<30d),Spam_Commercial,Text_Post,0,Auto_Rejected,4.2,48.7,0,Remove_Delete,0,0.0,None,1,0,Repetitive bot activity promoting unverified pharmaceutical supplements
MOD-2026-11667,2026-09-08 21:19:44,AGENT_10,Core (1-6mo),Emergency_TCO,Live_Stream,1,Manual_Review,253.5,62.6,1,Remove_Delete,0,0.0,None,0,0,Violent extremist manifestos distribution attempt flagged by cross-platform hash
MOD-2026-12345,2026-09-08 21:25:29,AGENT_08,Core (1-6mo),Fraud_Scams,Text_Post,0,Manual_Review,30.7,124.3,0,Remove_Delete,0,0.0,None,0,0,Gift card prize sweepstakes scam targeting senior account holders
MOD-2026-11607,2026-09-08 22:01:45,AGENT_08,Core (1-6mo),Spam_Commercial,Text_Post,0,Auto_Approved,4.0,82.8,0,Approve_Keep,1,100.0,None,0,0,Repetitive bot activity promoting unverified pharmaceutical supplements
MOD-2026-11505,2026-09-08 22:20:09,AGENT_07,Core (1-6mo),Violence_HighRisk,Short_Video,1,Auto_Rejected,3.0,71.6,0,Remove_Delete,0,0.0,None,0,0,Threatening physical altercation clip uploaded without contextual warning
MOD-2026-12307,2026-09-08 22:25:10,AGENT_03,New Hire (<30d),Spam_Commercial,Text_Post,0,Manual_Review,19.0,138.7,0,Approve_Keep,0,0.0,None,0,0,Automated script posting identical promotional link 120 times in forum
MOD-2026-12690,2026-09-08 22:34:30,AGENT_15,Senior (6mo+),Hate_Speech,Text_Post,1,Manual_Review,16.2,231.0,0,Approve_Keep,1,100.0,None,0,0,Incitement to boycott and harass private individual based on religion
MOD-2026-11388,2026-09-08 22:40:20,AGENT_08,Core (1-6mo),Hate_Speech,Static_Image,0,Auto_Approved,4.8,240.9,1,Approve_Keep,0,0.0,None,0,0,Derogatory slur targeting protected demographic in comment section
MOD-2026-12755,2026-09-08 22:43:18,AGENT_12,Senior (6mo+),Emergency_TCO,Live_Stream,1,Manual_Review,359.6,69.7,1,Remove_Delete,0,0.0,None,0,0,Emergency legal escalation concerning imminent threat of platform violence
MOD-2026-10964,2026-09-08 22:54:42,AGENT_02,New Hire (<30d),Hate_Speech,Text_Post,0,Manual_Review,34.2,82.7,0,Account_Suspend,0,0.0,None,0,0,Dehumanizing memes comparing ethnic groups to biological pests
MOD-2026-10786,2026-09-08 23:03:29,AGENT_03,New Hire (<30d),Spam_Commercial,Static_Image,0,Auto_Rejected,4.0,116.5,0,Remove_Delete,0,0.0,None,0,0,Unsolicited commercial affiliate marketing message blast
MOD-2026-10072,2026-09-08 23:09:08,AGENT_13,Senior (6mo+),Violence_HighRisk,Short_Video,0,Manual_Review,103.5,91.4,0,Approve_Keep,0,0.0,None,0,0,Threatening physical altercation clip uploaded without contextual warning
MOD-2026-10515,2026-09-08 23:17:38,AGENT_03,New Hire (<30d),Fraud_Scams,Static_Image,0,Auto_Approved,4.2,115.3,0,Approve_Keep,0,0.0,None,0,0,Gift card prize sweepstakes scam targeting senior account holders
MOD-2026-10334,2026-09-08 23:34:26,AGENT_08,Core (1-6mo),Violence_HighRisk,Live_Stream,1,Manual_Review,378.9,47.2,0,Remove_Delete,0,0.0,None,0,0,Reported altercation outside transit station with physical violence
MOD-2026-11712,2026-09-08 23:37:21,AGENT_06,Core (1-6mo),Spam_Commercial,Text_Post,0,Auto_Rejected,5.2,60.8,0,Remove_Delete,0,0.0,None,0,0,Bulk account creation posting duplicate SEO spam articles
MOD-2026-12607,2026-09-09 00:31:32,AGENT_10,Core (1-6mo),Violence_HighRisk,Static_Image,1,Auto_Approved,4.5,211.2,1,Approve_Keep,0,0.0,None,0,0,Self-harm reference in private broadcast requiring immediate crisis triage
MOD-2026-12003,2026-09-09 00:47:30,AGENT_01,New Hire (<30d),Fraud_Scams,Text_Post,0,Manual_Review,42.8,116.9,0,Remove_Delete,0,0.0,None,0,0,Gift card prize sweepstakes scam targeting senior account holders
MOD-2026-12373,2026-09-09 00:53:30,AGENT_06,Core (1-6mo),Emergency_TCO,Short_Video,1,Auto_Rejected,6.0,40.7,0,Remove_Delete,0,0.0,None,0,0,Violent extremist manifestos distribution attempt flagged by cross-platform hash
MOD-2026-10007,2026-09-09 01:10:20,AGENT_04,Core (1-6mo),Hate_Speech,Text_Post,0,Auto_Rejected,4.5,242.4,1,Remove_Delete,0,0.0,None,0,0,Nuanced political satire flagged by automated keyword filter as hate
MOD-2026-10423,2026-09-09 01:17:21,AGENT_15,Senior (6mo+),Hate_Speech,Text_Post,0,Auto_Approved,5.4,272.8,1,Approve_Keep,0,0.0,None,0,0,Dehumanizing memes comparing ethnic groups to biological pests
MOD-2026-10206,2026-09-09 01:22:43,AGENT_14,Senior (6mo+),Fraud_Scams,Static_Image,0,Auto_Approved,5.2,133.2,0,Approve_Keep,0,0.0,None,0,0,Phishing link impersonating official platform customer verification support
MOD-2026-10280,2026-09-09 01:26:25,AGENT_15,Senior (6mo+),Hate_Speech,Text_Post,0,Auto_Approved,5.3,138.7,0,Approve_Keep,0,0.0,None,0,0,Incitement to boycott and harass private individual based on religion
MOD-2026-10303,2026-09-09 01:29:04,AGENT_09,Core (1-6mo),Fraud_Scams,Text_Post,0,Auto_Rejected,5.2,124.9,0,Remove_Delete,0,0.0,None,0,0,Cryptocurrency investment scheme promising guaranteed 500% daily returns
MOD-2026-11783,2026-09-09 01:39:36,AGENT_02,New Hire (<30d),Violence_HighRisk,Static_Image,1,Auto_Rejected,2.7,194.9,1,Remove_Delete,0,0.0,None,0,0,Dangerous weapons demonstration video flagged for policy violation
MOD-2026-10867,2026-09-09 02:28:41,AGENT_01,New Hire (<30d),Spam_Commercial,Text_Post,0,Manual_Review,20.5,41.1,0,Remove_Delete,0,0.0,None,0,0,Unsolicited commercial affiliate marketing message blast
MOD-2026-10304,2026-09-09 03:08:27,AGENT_05,Core (1-6mo),Hate_Speech,Text_Post,0,Manual_Review,30.9,172.7,0,Remove_Delete,0,0.0,None,0,0,Dehumanizing memes comparing ethnic groups to biological pests
MOD-2026-10759,2026-09-09 03:13:50,AGENT_04,Core (1-6mo),Fraud_Scams,Short_Video,0,Manual_Review,157.4,204.3,0,Remove_Delete,0,0.0,None,1,0,Cryptocurrency investment scheme promising guaranteed 500% daily returns
MOD-2026-12401,2026-09-09 03:26:30,AGENT_11,Core (1-6mo),Spam_Commercial,Text_Post,0,Auto_Rejected,2.8,54.2,0,Remove_Delete,0,0.0,None,0,0,Repetitive bot activity promoting unverified pharmaceutical supplements
MOD-2026-12689,2026-09-09 03:49:32,AGENT_12,Senior (6mo+),Hate_Speech,Text_Post,0,Manual_Review,28.0,149.3,0,Remove_Delete,0,0.0,None,0,0,Derogatory slur targeting protected demographic in comment section
MOD-2026-11478,2026-09-09 04:00:17,AGENT_07,Core (1-6mo),Emergency_TCO,Live_Stream,1,Manual_Review,391.1,42.0,0,Remove_Delete,0,0.0,None,0,0,Coordinated tactical propaganda audio recording flagged by intelligence unit
MOD-2026-11989,2026-09-09 04:30:19,AGENT_15,Senior (6mo+),Hate_Speech,Text_Post,0,Auto_Approved,3.3,132.5,0,Approve_Keep,0,0.0,None,0,0,Incitement to boycott and harass private individual based on religion
MOD-2026-10783,2026-09-09 04:31:17,AGENT_13,Senior (6mo+),Emergency_TCO,Static_Image,1,Tier2_Escalated,72.8,71.1,1,Remove_Delete,0,0.0,None,0,0,Urgent notice-and-action request under EU 1-hour removal mandate
MOD-2026-10016,2026-09-09 04:35:34,AGENT_04,Core (1-6mo),Hate_Speech,Short_Video,0,Auto_Approved,4.2,193.3,0,Approve_Keep,0,0.0,None,0,0,Coordinated brigading comments containing coded discriminatory dogwhistles
MOD-2026-11015,2026-09-09 04:39:42,AGENT_06,Core (1-6mo),Spam_Commercial,Text_Post,0,Auto_Approved,2.6,157.8,0,Approve_Keep,0,0.0,None,0,0,Automated script posting identical promotional link 120 times in forum
MOD-2026-11644,2026-09-09 04:55:33,AGENT_04,Core (1-6mo),Hate_Speech,Text_Post,0,Auto_Rejected,5.7,281.6,1,Remove_Delete,0,0.0,None,1,0,Incitement to boycott and harass private individual based on religion
MOD-2026-12762,2026-09-09 05:02:56,AGENT_01,New Hire (<30d),Violence_HighRisk,Static_Image,1,Manual_Review,114.7,163.4,0,Content_Warning,1,100.0,None,0,0,Dangerous weapons demonstration video flagged for policy violation
MOD-2026-11518,2026-09-09 05:12:15,AGENT_01,New Hire (<30d),Spam_Commercial,Static_Image,0,Auto_Rejected,5.3,167.3,0,Remove_Delete,0,0.0,None,0,0,Bulk account creation posting duplicate SEO spam articles
MOD-2026-10281,2026-09-09 05:23:15,AGENT_14,Senior (6mo+),Violence_HighRisk,Short_Video,0,Manual_Review,155.5,113.9,0,Approve_Keep,0,0.0,None,0,0,Threatening physical altercation clip uploaded without contextual warning
MOD-2026-12207,2026-09-09 05:45:30,AGENT_11,Core (1-6mo),Violence_HighRisk,Static_Image,1,Manual_Review,67.2,243.3,1,Approve_Keep,0,0.0,None,0,0,Threatening physical altercation clip uploaded without contextual warning
MOD-2026-12230,2026-09-09 05:55:18,AGENT_12,Senior (6mo+),Fraud_Scams,Text_Post,0,Tier2_Escalated,21.1,147.6,0,Approve_Keep,1,100.0,None,0,0,Counterfeit luxury goods listing utilizing stolen trademark imagery
MOD-2026-10407,2026-09-09 05:56:50,AGENT_12,Senior (6mo+),Hate_Speech,Text_Post,0,Auto_Approved,3.8,199.1,0,Approve_Keep,0,0.0,None,0,0,Incitement to boycott and harass private individual based on religion
MOD-2026-10185,2026-09-09 06:12:10,AGENT_01,New Hire (<30d),Spam_Commercial,Text_Post,0,Manual_Review,23.5,56.0,0,Approve_Keep,0,0.0,None,0,0,Bulk account creation posting duplicate SEO spam articles
MOD-2026-10253,2026-09-09 06:27:04,AGENT_12,Senior (6mo+),Spam_Commercial,Text_Post,0,Auto_Approved,4.0,160.4,0,Approve_Keep,1,100.0,None,0,0,Keyword stuffing and hidden redirects on promotional landing page
MOD-2026-10829,2026-09-09 06:49:45,AGENT_07,Core (1-6mo),Spam_Commercial,Static_Image,0,Auto_Rejected,4.4,122.7,0,Remove_Delete,1,100.0,None,0,0,Keyword stuffing and hidden redirects on promotional landing page
MOD-2026-12350,2026-09-09 07:27:20,AGENT_06,Core (1-6mo),Hate_Speech,Short_Video,1,Auto_Rejected,2.6,290.2,1,Remove_Delete,1,100.0,None,0,0,Dehumanizing memes comparing ethnic groups to biological pests
MOD-2026-11368,2026-09-09 07:32:29,AGENT_09,Core (1-6mo),Spam_Commercial,Static_Image,0,Auto_Rejected,3.9,196.3,0,Remove_Delete,0,0.0,None,0,0,Bulk account creation posting duplicate SEO spam articles
MOD-2026-11556,2026-09-09 08:04:49,AGENT_07,Core (1-6mo),Hate_Speech,Static_Image,0,Manual_Review,48.7,131.5,0,Remove_Delete,0,0.0,None,0,0,Coordinated brigading comments containing coded discriminatory dogwhistles
MOD-2026-10702,2026-09-09 08:14:16,AGENT_11,Core (1-6mo),Spam_Commercial,Text_Post,0,Auto_Approved,2.9,31.2,0,Approve_Keep,1,100.0,None,0,0,Bulk account creation posting duplicate SEO spam articles
MOD-2026-12009,2026-09-09 08:21:47,AGENT_01,New Hire (<30d),Hate_Speech,Text_Post,0,Manual_Review,33.4,136.7,0,Remove_Delete,0,0.0,None,0,0,Derogatory slur targeting protected demographic in comment section
MOD-2026-11755,2026-09-09 08:45:24,AGENT_08,Core (1-6mo),Violence_HighRisk,Short_Video,1,Auto_Rejected,5.8,227.3,1,Remove_Delete,0,0.0,None,0,0,Dangerous weapons demonstration video flagged for policy violation
MOD-2026-12119,2026-09-09 09:00:44,AGENT_07,Core (1-6mo),Fraud_Scams,Short_Video,0,Manual_Review,200.3,48.0,0,Account_Suspend,0,0.0,None,0,0,Unauthorized credential harvesting page embedded in bio link
MOD-2026-11935,2026-09-09 09:09:39,AGENT_02,New Hire (<30d),Hate_Speech,Text_Post,0,Auto_Approved,5.0,83.4,0,Approve_Keep,0,0.0,None,0,0,Derogatory slur targeting protected demographic in comment section
MOD-2026-11766,2026-09-09 09:19:03,AGENT_01,New Hire (<30d),Spam_Commercial,Text_Post,0,Auto_Approved,4.4,139.1,0,Approve_Keep,0,0.0,None,0,0,Bulk account creation posting duplicate SEO spam articles
MOD-2026-10242,2026-09-09 09:47:08,AGENT_14,Senior (6mo+),Spam_Commercial,Text_Post,0,Manual_Review,12.9,73.7,0,Remove_Delete,0,0.0,None,0,0,Keyword stuffing and hidden redirects on promotional landing page
MOD-2026-11602,2026-09-09 09:49:50,AGENT_06,Core (1-6mo),Fraud_Scams,Text_Post,0,Manual_Review,27.3,210.1,0,Remove_Delete,0,0.0,None,0,0,Unauthorized credential harvesting page embedded in bio link
MOD-2026-11186,2026-09-09 10:09:24,AGENT_01,New Hire (<30d),Hate_Speech,Static_Image,0,Manual_Review,111.9,64.1,0,Approve_Keep,0,0.0,None,0,0,Coordinated brigading comments containing coded discriminatory dogwhistles
MOD-2026-10533,2026-09-09 10:30:57,AGENT_13,Senior (6mo+),Spam_Commercial,Text_Post,0,Auto_Rejected,2.7,60.5,0,Remove_Delete,0,0.0,None,0,0,Bulk account creation posting duplicate SEO spam articles
MOD-2026-10973,2026-09-09 10:36:57,AGENT_08,Core (1-6mo),Hate_Speech,Text_Post,0,Auto_Rejected,4.7,85.4,0,Remove_Delete,0,0.0,None,1,1,Derogatory slur targeting protected demographic in comment section
MOD-2026-12628,2026-09-09 10:37:39,AGENT_03,New Hire (<30d),Fraud_Scams,Static_Image,0,Manual_Review,71.3,70.7,0,Remove_Delete,0,0.0,None,0,0,Unauthorized credential harvesting page embedded in bio link
MOD-2026-11744,2026-09-09 10:50:09,AGENT_02,New Hire (<30d),Spam_Commercial,Text_Post,0,Manual_Review,37.1,54.6,0,Approve_Keep,0,0.0,None,0,0,Keyword stuffing and hidden redirects on promotional landing page
MOD-2026-12635,2026-09-09 10:53:19,AGENT_05,Core (1-6mo),Spam_Commercial,Text_Post,0,Auto_Rejected,2.5,157.2,0,Remove_Delete,0,0.0,None,0,0,Repetitive bot activity promoting unverified pharmaceutical supplements
MOD-2026-10589,2026-09-09 11:23:35,AGENT_07,Core (1-6mo),Hate_Speech,Text_Post,0,Manual_Review,24.6,275.5,1,Remove_Delete,0,0.0,None,0,0,Coordinated brigading comments containing coded discriminatory dogwhistles
MOD-2026-12404,2026-09-09 11:45:58,AGENT_03,New Hire (<30d),Spam_Commercial,Static_Image,0,Auto_Approved,5.9,54.6,0,Approve_Keep,0,0.0,None,0,0,Automated script posting identical promotional link 120 times in forum
MOD-2026-11118,2026-09-09 12:05:11,AGENT_12,Senior (6mo+),Hate_Speech,Short_Video,0,Tier2_Escalated,166.0,267.8,1,Content_Warning,1,100.0,None,0,0,Incitement to boycott and harass private individual based on religion
MOD-2026-11402,2026-09-09 12:20:55,AGENT_09,Core (1-6mo),Violence_HighRisk,Short_Video,1,Manual_Review,202.9,184.0,1,Content_Warning,0,0.0,None,0,0,Dangerous weapons demonstration video flagged for policy violation
MOD-2026-12012,2026-09-09 12:31:59,AGENT_08,Core (1-6mo),Spam_Commercial,Static_Image,0,Auto_Rejected,2.8,171.4,0,Remove_Delete,1,100.0,None,1,0,Keyword stuffing and hidden redirects on promotional landing page
MOD-2026-10465,2026-09-09 13:03:15,AGENT_12,Senior (6mo+),Violence_HighRisk,Live_Stream,1,Manual_Review,246.5,135.2,0,Remove_Delete,0,0.0,None,1,0,Threatening physical altercation clip uploaded without contextual warning
MOD-2026-11280,2026-09-09 13:17:04,AGENT_13,Senior (6mo+),Fraud_Scams,Static_Image,0,Manual_Review,50.4,93.9,0,Remove_Delete,0,0.0,None,0,0,Counterfeit luxury goods listing utilizing stolen trademark imagery
MOD-2026-12348,2026-09-09 13:31:39,AGENT_04,Core (1-6mo),Spam_Commercial,Text_Post,0,Auto_Rejected,4.1,115.6,0,Remove_Delete,0,0.0,None,0,0,Unsolicited commercial affiliate marketing message blast
MOD-2026-10454,2026-09-09 13:35:31,AGENT_14,Senior (6mo+),Hate_Speech,Text_Post,0,Manual_Review,18.9,125.4,0,Content_Warning,0,0.0,None,0,0,Coordinated brigading comments containing coded discriminatory dogwhistles
MOD-2026-10433,2026-09-09 13:41:15,AGENT_02,New Hire (<30d),Violence_HighRisk,Live_Stream,1,Auto_Approved,2.8,161.3,0,Approve_Keep,0,0.0,None,0,0,Threatening physical altercation clip uploaded without contextual warning
MOD-2026-12082,2026-09-09 13:42:13,AGENT_15,Senior (6mo+),Fraud_Scams,Static_Image,0,Auto_Rejected,5.0,60.3,0,Remove_Delete,0,0.0,None,0,0,Cryptocurrency investment scheme promising guaranteed 500% daily returns
MOD-2026-12517,2026-09-09 13:51:16,AGENT_12,Senior (6mo+),Hate_Speech,Text_Post,0,Manual_Review,19.2,283.8,1,Approve_Keep,0,0.0,None,0,0,Nuanced political satire flagged by automated keyword filter as hate
MOD-2026-12206,2026-09-09 13:56:24,AGENT_12,Senior (6mo+),Violence_HighRisk,Short_Video,1,Auto_Rejected,4.2,42.6,0,Remove_Delete,0,0.0,None,0,0,Self-harm reference in private broadcast requiring immediate crisis triage
MOD-2026-11229,2026-09-09 13:58:25,AGENT_03,New Hire (<30d),Hate_Speech,Static_Image,0,Auto_Rejected,5.2,175.3,0,Remove_Delete,0,0.0,None,1,0,Coordinated brigading comments containing coded discriminatory dogwhistles
MOD-2026-10553,2026-09-09 14:04:03,AGENT_06,Core (1-6mo),Fraud_Scams,Static_Image,0,Auto_Approved,2.9,115.7,0,Approve_Keep,0,0.0,None,0,0,Gift card prize sweepstakes scam targeting senior account holders
MOD-2026-11021,2026-09-09 14:06:59,AGENT_04,Core (1-6mo),Emergency_TCO,Text_Post,1,Manual_Review,45.5,47.3,0,Remove_Delete,1,100.0,None,0,0,Violent extremist manifestos distribution attempt flagged by cross-platform hash
MOD-2026-12715,2026-09-09 14:32:00,AGENT_05,Core (1-6mo),Fraud_Scams,Static_Image,0,Auto_Approved,5.6,103.7,0,Approve_Keep,0,0.0,None,0,0,Phishing link impersonating official platform customer verification support
MOD-2026-12540,2026-09-09 14:42:20,AGENT_08,Core (1-6mo),Spam_Commercial,Text_Post,0,Auto_Approved,3.4,167.5,0,Approve_Keep,0,0.0,None,0,0,Repetitive bot activity promoting unverified pharmaceutical supplements
MOD-2026-12502,2026-09-09 14:51:07,AGENT_01,New Hire (<30d),Hate_Speech,Text_Post,0,Manual_Review,51.2,282.1,1,Content_Warning,0,0.0,None,0,0,Incitement to boycott and harass private individual based on religion
MOD-2026-11236,2026-09-09 15:06:10,AGENT_02,New Hire (<30d),Violence_HighRisk,Static_Image,1,Manual_Review,108.4,253.6,1,Remove_Delete,0,0.0,None,0,0,Threatening physical altercation clip uploaded without contextual warning
MOD-2026-10248,2026-09-09 15:42:19,AGENT_08,Core (1-6mo),Fraud_Scams,Text_Post,0,Manual_Review,25.1,62.6,0,Remove_Delete,0,0.0,None,0,0,Unauthorized credential harvesting page embedded in bio link
MOD-2026-12771,2026-09-09 15:44:26,AGENT_15,Senior (6mo+),Violence_HighRisk,Short_Video,1,Manual_Review,96.1,75.6,0,Remove_Delete,1,100.0,None,0,0,Reported altercation outside transit station with physical violence
MOD-2026-10097,2026-09-09 15:56:11,AGENT_14,Senior (6mo+),Spam_Commercial,Text_Post,0,Auto_Rejected,3.6,49.5,0,Remove_Delete,0,0.0,None,1,0,Unsolicited commercial affiliate marketing message blast
MOD-2026-10050,2026-09-09 15:56:46,AGENT_04,Core (1-6mo),Spam_Commercial,Static_Image,0,Manual_Review,30.3,24.1,0,Approve_Keep,0,0.0,None,0,0,Automated script posting identical promotional link 120 times in forum
MOD-2026-11863,2026-09-09 15:58:32,AGENT_09,Core (1-6mo),Hate_Speech,Text_Post,0,Auto_Rejected,2.5,247.2,1,Remove_Delete,0,0.0,None,0,0,Incitement to boycott and harass private individual based on religion
MOD-2026-12190,2026-09-09 16:31:17,AGENT_11,Core (1-6mo),Hate_Speech,Short_Video,1,Auto_Rejected,3.5,176.7,0,Remove_Delete,0,0.0,None,0,0,Coordinated brigading comments containing coded discriminatory dogwhistles
MOD-2026-10523,2026-09-09 16:51:18,AGENT_03,New Hire (<30d),Fraud_Scams,Short_Video,0,Manual_Review,211.5,41.7,0,Remove_Delete,0,0.0,None,0,0,Phishing link impersonating official platform customer verification support
MOD-2026-11809,2026-09-09 17:10:54,AGENT_09,Core (1-6mo),Spam_Commercial,Short_Video,0,Manual_Review,107.5,95.8,0,Remove_Delete,0,0.0,None,1,0,Keyword stuffing and hidden redirects on promotional landing page
MOD-2026-12504,2026-09-09 17:16:30,AGENT_13,Senior (6mo+),Fraud_Scams,Text_Post,0,Tier2_Escalated,34.2,44.6,0,Remove_Delete,0,0.0,None,0,0,Phishing link impersonating official platform customer verification support
MOD-2026-11078,2026-09-09 17:22:19,AGENT_15,Senior (6mo+),Violence_HighRisk,Text_Post,1,Tier2_Escalated,37.7,46.2,0,Remove_Delete,0,0.0,None,0,0,Reported altercation outside transit station with physical violence
MOD-2026-12528,2026-09-09 17:39:38,AGENT_15,Senior (6mo+),Violence_HighRisk,Short_Video,0,Tier2_Escalated,174.2,84.2,0,Account_Suspend,0,0.0,None,0,0,Threatening physical altercation clip uploaded without contextual warning
MOD-2026-10526,2026-09-09 17:40:19,AGENT_15,Senior (6mo+),Fraud_Scams,Text_Post,0,Tier2_Escalated,16.3,127.1,0,Escalate,0,0.0,None,0,0,Counterfeit luxury goods listing utilizing stolen trademark imagery
MOD-2026-12389,2026-09-09 17:43:06,AGENT_14,Senior (6mo+),Violence_HighRisk,Static_Image,1,Tier2_Escalated,69.9,47.9,0,Remove_Delete,0,0.0,None,0,0,Self-harm reference in private broadcast requiring immediate crisis triage
MOD-2026-11211,2026-09-09 18:00:06,AGENT_14,Senior (6mo+),Violence_HighRisk,Short_Video,0,Manual_Review,133.1,182.9,1,Remove_Delete,1,100.0,None,0,0,Reported altercation outside transit station with physical violence
MOD-2026-12001,2026-09-09 18:23:28,AGENT_08,Core (1-6mo),Hate_Speech,Text_Post,0,Manual_Review,28.1,292.8,1,Content_Warning,0,0.0,None,1,0,Nuanced political satire flagged by automated keyword filter as hate
MOD-2026-10952,2026-09-09 18:34:00,AGENT_02,New Hire (<30d),Fraud_Scams,Text_Post,0,Manual_Review,27.1,66.1,0,Remove_Delete,0,0.0,None,0,0,Counterfeit luxury goods listing utilizing stolen trademark imagery
MOD-2026-10006,2026-09-09 19:11:23,AGENT_03,New Hire (<30d),Fraud_Scams,Text_Post,0,Manual_Review,36.4,74.0,0,Account_Suspend,0,0.0,None,0,0,Counterfeit luxury goods listing utilizing stolen trademark imagery
MOD-2026-11329,2026-09-09 19:31:01,AGENT_10,Core (1-6mo),Spam_Commercial,Text_Post,0,Auto_Approved,3.1,175.2,0,Approve_Keep,0,0.0,None,0,0,Bulk account creation posting duplicate SEO spam articles
MOD-2026-12118,2026-09-09 20:04:49,AGENT_05,Core (1-6mo),Hate_Speech,Static_Image,0,Manual_Review,52.3,214.6,0,Approve_Keep,0,0.0,None,0,0,Incitement to boycott and harass private individual based on religion
MOD-2026-11260,2026-09-09 20:07:36,AGENT_05,Core (1-6mo),Fraud_Scams,Text_Post,0,Manual_Review,37.8,128.4,0,Approve_Keep,0,0.0,None,0,0,Phishing link impersonating official platform customer verification support
MOD-2026-11377,2026-09-09 20:35:23,AGENT_04,Core (1-6mo),Violence_HighRisk,Live_Stream,1,Manual_Review,391.2,80.2,0,Approve_Keep,0,0.0,None,0,0,Self-harm reference in private broadcast requiring immediate crisis triage
MOD-2026-11995,2026-09-09 20:40:06,AGENT_07,Core (1-6mo),Emergency_TCO,Live_Stream,1,Manual_Review,265.6,68.6,1,Remove_Delete,0,0.0,None,0,0,Emergency legal escalation concerning imminent threat of platform violence
MOD-2026-11421,2026-09-09 20:40:39,AGENT_04,Core (1-6mo),Hate_Speech,Static_Image,1,Auto_Approved,3.7,59.3,0,Approve_Keep,0,0.0,None,0,0,Coordinated brigading comments containing coded discriminatory dogwhistles
MOD-2026-11573,2026-09-09 20:47:24,AGENT_09,Core (1-6mo),Spam_Commercial,Text_Post,0,Auto_Approved,5.5,141.3,0,Approve_Keep,0,0.0,None,0,0,Unsolicited commercial affiliate marketing message blast
MOD-2026-10948,2026-09-09 20:54:47,AGENT_03,New Hire (<30d),Hate_Speech,Text_Post,0,Auto_Approved,4.9,148.8,0,Approve_Keep,0,0.0,None,0,0,Coordinated brigading comments containing coded discriminatory dogwhistles
MOD-2026-12219,2026-09-09 20:59:31,AGENT_06,Core (1-6mo),Violence_HighRisk,Static_Image,1,Manual_Review,90.0,72.8,0,Content_Warning,0,0.0,None,0,0,Self-harm reference in private broadcast requiring immediate crisis triage
MOD-2026-11177,2026-09-09 21:00:31,AGENT_10,Core (1-6mo),Spam_Commercial,Text_Post,0,Auto_Rejected,5.7,61.2,0,Remove_Delete,0,0.0,None,0,0,Automated script posting identical promotional link 120 times in forum
MOD-2026-10025,2026-09-09 21:21:17,AGENT_06,Core (1-6mo),Fraud_Scams,Static_Image,0,Auto_Approved,5.6,93.9,0,Approve_Keep,0,0.0,None,0,0,Gift card prize sweepstakes scam targeting senior account holders
MOD-2026-12014,2026-09-09 21:29:15,AGENT_06,Core (1-6mo),Fraud_Scams,Text_Post,0,Auto_Approved,2.8,167.3,0,Approve_Keep,1,100.0,None,0,0,Unauthorized credential harvesting page embedded in bio link
MOD-2026-11308,2026-09-09 21:32:13,AGENT_10,Core (1-6mo),Fraud_Scams,Text_Post,0,Auto_Rejected,3.8,79.9,0,Remove_Delete,1,100.0,None,0,0,Cryptocurrency investment scheme promising guaranteed 500% daily returns
MOD-2026-10543,2026-09-09 21:40:05,AGENT_03,New Hire (<30d),Fraud_Scams,Static_Image,0,Manual_Review,52.4,141.9,0,Remove_Delete,0,0.0,None,0,0,Cryptocurrency investment scheme promising guaranteed 500% daily returns
MOD-2026-12523,2026-09-09 21:45:59,AGENT_03,New Hire (<30d),Fraud_Scams,Text_Post,0,Manual_Review,39.0,164.2,0,Remove_Delete,0,0.0,None,0,0,Gift card prize sweepstakes scam targeting senior account holders
MOD-2026-12579,2026-09-09 21:50:08,AGENT_01,New Hire (<30d),Spam_Commercial,Static_Image,0,Manual_Review,60.5,96.1,0,Remove_Delete,0,0.0,None,0,0,Repetitive bot activity promoting unverified pharmaceutical supplements
MOD-2026-12674,2026-09-09 22:04:59,AGENT_11,Core (1-6mo),Fraud_Scams,Text_Post,0,Auto_Rejected,4.6,147.0,0,Remove_Delete,0,0.0,None,0,0,Cryptocurrency investment scheme promising guaranteed 500% daily returns
MOD-2026-12422,2026-09-09 22:17:47,AGENT_15,Senior (6mo+),Hate_Speech,Static_Image,1,Manual_Review,67.0,276.9,1,Approve_Keep,1,100.0,None,0,0,Dehumanizing memes comparing ethnic groups to biological pests
MOD-2026-12741,2026-09-09 22:34:24,AGENT_14,Senior (6mo+),Fraud_Scams,Static_Image,0,Tier2_Escalated,30.4,190.6,0,Account_Suspend,0,0.0,None,0,0,Unauthorized credential harvesting page embedded in bio link
MOD-2026-11355,2026-09-09 22:40:44,AGENT_12,Senior (6mo+),Emergency_TCO,Short_Video,1,Manual_Review,137.6,16.4,0,Escalate,0,0.0,None,0,0,Suspected terrorist recruitment video uploaded across multiple hashtags
MOD-2026-12684,2026-09-09 22:50:09,AGENT_07,Core (1-6mo),Fraud_Scams,Short_Video,0,Auto_Approved,3.9,123.1,0,Approve_Keep,0,0.0,None,0,0,Phishing link impersonating official platform customer verification support
MOD-2026-12062,2026-09-09 22:57:00,AGENT_05,Core (1-6mo),Fraud_Scams,Short_Video,0,Auto_Rejected,3.7,70.3,0,Remove_Delete,1,100.0,None,0,0,Unauthorized credential harvesting page embedded in bio link
MOD-2026-10080,2026-09-09 23:10:52,AGENT_12,Senior (6mo+),Fraud_Scams,Short_Video,0,Auto_Rejected,2.8,85.7,0,Remove_Delete,0,0.0,None,0,0,Counterfeit luxury goods listing utilizing stolen trademark imagery
MOD-2026-11136,2026-09-09 23:13:49,AGENT_12,Senior (6mo+),Hate_Speech,Static_Image,0,Tier2_Escalated,33.9,157.9,0,Approve_Keep,0,0.0,None,0,0,Dehumanizing memes comparing ethnic groups to biological pests
MOD-2026-10907,2026-09-09 23:25:49,AGENT_12,Senior (6mo+),Hate_Speech,Static_Image,0,Auto_Rejected,3.0,171.7,0,Remove_Delete,0,0.0,None,0,0,Coordinated brigading comments containing coded discriminatory dogwhistles
MOD-2026-12204,2026-09-09 23:55:38,AGENT_04,Core (1-6mo),Hate_Speech,Text_Post,0,Auto_Rejected,5.2,77.5,0,Remove_Delete,0,0.0,None,0,0,Dehumanizing memes comparing ethnic groups to biological pests
MOD-2026-12471,2026-09-10 00:01:56,AGENT_07,Core (1-6mo),Hate_Speech,Static_Image,0,Auto_Approved,2.9,179.5,0,Approve_Keep,0,0.0,None,0,0,Coordinated brigading comments containing coded discriminatory dogwhistles
MOD-2026-10398,2026-09-10 00:34:47,AGENT_04,Core (1-6mo),Fraud_Scams,Text_Post,0,Auto_Rejected,3.4,209.4,0,Remove_Delete,0,0.0,None,0,0,Unauthorized credential harvesting page embedded in bio link
MOD-2026-12790,2026-09-10 00:37:26,AGENT_02,New Hire (<30d),Hate_Speech,Text_Post,0,Manual_Review,61.6,319.8,1,Content_Warning,0,0.0,None,0,0,Nuanced political satire flagged by automated keyword filter as hate
MOD-2026-12355,2026-09-10 00:39:18,AGENT_11,Core (1-6mo),Fraud_Scams,Static_Image,0,Auto_Approved,3.8,143.3,0,Approve_Keep,0,0.0,None,0,0,Gift card prize sweepstakes scam targeting senior account holders
MOD-2026-11567,2026-09-10 00:42:33,AGENT_05,Core (1-6mo),Violence_HighRisk,Static_Image,1,Auto_Rejected,5.2,140.1,0,Remove_Delete,0,0.0,None,0,0,Self-harm reference in private broadcast requiring immediate crisis triage
MOD-2026-11415,2026-09-10 00:50:23,AGENT_13,Senior (6mo+),Hate_Speech,Text_Post,1,Manual_Review,30.0,74.9,0,Approve_Keep,0,0.0,None,0,0,Coordinated brigading comments containing coded discriminatory dogwhistles
MOD-2026-10843,2026-09-10 00:53:03,AGENT_12,Senior (6mo+),Fraud_Scams,Text_Post,0,Tier2_Escalated,33.6,140.9,0,Remove_Delete,0,0.0,None,0,0,Unauthorized credential harvesting page embedded in bio link
MOD-2026-10737,2026-09-10 01:10:05,AGENT_07,Core (1-6mo),Spam_Commercial,Text_Post,0,Manual_Review,20.6,70.6,0,Remove_Delete,0,0.0,None,1,0,Bulk account creation posting duplicate SEO spam articles
MOD-2026-11411,2026-09-10 01:31:32,AGENT_09,Core (1-6mo),Emergency_TCO,Live_Stream,1,Manual_Review,327.6,72.7,1,Escalate,1,100.0,None,0,0,Coordinated tactical propaganda audio recording flagged by intelligence unit
MOD-2026-12339,2026-09-10 01:34:25,AGENT_10,Core (1-6mo),Fraud_Scams,Short_Video,0,Auto_Rejected,5.5,82.1,0,Remove_Delete,0,0.0,None,1,0,Cryptocurrency investment scheme promising guaranteed 500% daily returns
MOD-2026-10919,2026-09-10 01:41:05,AGENT_08,Core (1-6mo),Violence_HighRisk,Short_Video,1,Manual_Review,192.5,142.3,0,Remove_Delete,1,100.0,None,0,0,Graphic injury footage from sports accident flagged by audience
MOD-2026-10979,2026-09-10 02:04:27,AGENT_10,Core (1-6mo),Emergency_TCO,Live_Stream,1,Manual_Review,337.0,59.0,0,Remove_Delete,0,0.0,None,0,0,Suspected terrorist recruitment video uploaded across multiple hashtags
MOD-2026-12321,2026-09-10 03:09:53,AGENT_13,Senior (6mo+),Hate_Speech,Text_Post,0,Auto_Approved,4.3,251.3,1,Approve_Keep,0,0.0,None,0,0,Dehumanizing memes comparing ethnic groups to biological pests
MOD-2026-12400,2026-09-10 03:29:58,AGENT_06,Core (1-6mo),Hate_Speech,Live_Stream,0,Manual_Review,317.8,235.8,0,Remove_Delete,0,0.0,None,0,0,Coordinated brigading comments containing coded discriminatory dogwhistles
MOD-2026-10004,2026-09-10 03:48:31,AGENT_14,Senior (6mo+),Fraud_Scams,Static_Image,0,Manual_Review,38.9,58.5,0,Approve_Keep,0,0.0,None,0,0,Counterfeit luxury goods listing utilizing stolen trademark imagery
MOD-2026-12698,2026-09-10 03:51:22,AGENT_14,Senior (6mo+),Hate_Speech,Static_Image,1,Auto_Approved,4.3,92.0,0,Approve_Keep,0,0.0,None,0,0,Incitement to boycott and harass private individual based on religion
MOD-2026-11621,2026-09-10 03:58:17,AGENT_14,Senior (6mo+),Hate_Speech,Text_Post,0,Tier2_Escalated,37.9,225.0,0,Remove_Delete,0,0.0,None,0,0,Coordinated brigading comments containing coded discriminatory dogwhistles
MOD-2026-12516,2026-09-10 04:22:38,AGENT_11,Core (1-6mo),Violence_HighRisk,Text_Post,1,Manual_Review,42.4,48.9,0,Content_Warning,0,0.0,None,0,0,Graphic injury footage from sports accident flagged by audience
MOD-2026-10749,2026-09-10 04:29:44,AGENT_04,Core (1-6mo),Violence_HighRisk,Short_Video,1,Auto_Rejected,3.3,196.8,1,Remove_Delete,0,0.0,None,0,0,Graphic injury footage from sports accident flagged by audience
MOD-2026-11521,2026-09-10 04:51:57,AGENT_09,Core (1-6mo),Emergency_TCO,Live_Stream,1,Manual_Review,419.9,44.5,0,Remove_Delete,0,0.0,None,0,0,Urgent notice-and-action request under EU 1-hour removal mandate
MOD-2026-10005,2026-09-10 04:57:51,AGENT_08,Core (1-6mo),Spam_Commercial,Static_Image,0,Auto_Approved,3.8,94.0,0,Approve_Keep,0,0.0,None,0,0,Repetitive bot activity promoting unverified pharmaceutical supplements
MOD-2026-12718,2026-09-10 05:05:45,AGENT_09,Core (1-6mo),Fraud_Scams,Text_Post,0,Manual_Review,34.7,55.2,0,Remove_Delete,0,0.0,None,0,0,Gift card prize sweepstakes scam targeting senior account holders
MOD-2026-10435,2026-09-10 05:09:23,AGENT_12,Senior (6mo+),Fraud_Scams,Static_Image,0,Auto_Rejected,4.0,93.8,0,Remove_Delete,0,0.0,None,0,0,Counterfeit luxury goods listing utilizing stolen trademark imagery
MOD-2026-11616,2026-09-10 05:16:42,AGENT_14,Senior (6mo+),Hate_Speech,Text_Post,0,Auto_Approved,2.6,302.7,1,Approve_Keep,0,0.0,None,0,0,Incitement to boycott and harass private individual based on religion
MOD-2026-11049,2026-09-10 05:38:38,AGENT_03,New Hire (<30d),Violence_HighRisk,Live_Stream,1,Manual_Review,452.4,224.5,1,Remove_Delete,0,0.0,None,0,0,Threatening physical altercation clip uploaded without contextual warning
MOD-2026-10957,2026-09-10 05:53:53,AGENT_12,Senior (6mo+),Spam_Commercial,Text_Post,0,Auto_Approved,2.6,121.5,0,Approve_Keep,0,0.0,None,0,0,Bulk account creation posting duplicate SEO spam articles
MOD-2026-10929,2026-09-10 06:02:35,AGENT_11,Core (1-6mo),Hate_Speech,Text_Post,0,Auto_Rejected,4.0,310.9,1,Remove_Delete,1,100.0,None,0,0,Incitement to boycott and harass private individual based on religion
MOD-2026-11393,2026-09-10 06:26:43,AGENT_13,Senior (6mo+),Violence_HighRisk,Static_Image,0,Auto_Rejected,4.8,43.2,0,Remove_Delete,0,0.0,None,0,0,Reported altercation outside transit station with physical violence
MOD-2026-11987,2026-09-10 06:37:53,AGENT_11,Core (1-6mo),Violence_HighRisk,Short_Video,1,Manual_Review,130.9,67.3,0,Content_Warning,0,0.0,None,0,0,Self-harm reference in private broadcast requiring immediate crisis triage
MOD-2026-11017,2026-09-10 06:52:40,AGENT_03,New Hire (<30d),Spam_Commercial,Text_Post,0,Auto_Approved,3.1,169.6,0,Approve_Keep,0,0.0,None,0,0,Bulk account creation posting duplicate SEO spam articles
MOD-2026-10872,2026-09-10 07:11:52,AGENT_11,Core (1-6mo),Hate_Speech,Static_Image,0,Manual_Review,79.0,95.6,0,Approve_Keep,0,0.0,None,0,0,Nuanced political satire flagged by automated keyword filter as hate
MOD-2026-11153,2026-09-10 07:47:00,AGENT_03,New Hire (<30d),Hate_Speech,Text_Post,0,Auto_Rejected,3.5,181.0,0,Remove_Delete,0,0.0,None,0,0,Dehumanizing memes comparing ethnic groups to biological pests
MOD-2026-12262,2026-09-10 07:56:30,AGENT_06,Core (1-6mo),Violence_HighRisk,Static_Image,1,Manual_Review,87.3,229.0,1,Remove_Delete,0,0.0,None,0,0,Graphic injury footage from sports accident flagged by audience
MOD-2026-10721,2026-09-10 08:01:28,AGENT_05,Core (1-6mo),Hate_Speech,Text_Post,0,Auto_Approved,2.8,64.6,0,Approve_Keep,1,100.0,None,0,0,Dehumanizing memes comparing ethnic groups to biological pests
MOD-2026-11853,2026-09-10 08:05:54,AGENT_02,New Hire (<30d),Spam_Commercial,Text_Post,0,Auto_Approved,4.4,93.9,0,Approve_Keep,0,0.0,None,0,0,Keyword stuffing and hidden redirects on promotional landing page
MOD-2026-10447,2026-09-10 08:10:19,AGENT_05,Core (1-6mo),Fraud_Scams,Static_Image,0,Manual_Review,35.9,120.4,0,Content_Warning,0,0.0,None,0,0,Gift card prize sweepstakes scam targeting senior account holders
MOD-2026-11620,2026-09-10 08:20:39,AGENT_13,Senior (6mo+),Fraud_Scams,Text_Post,0,Manual_Review,30.4,133.2,0,Account_Suspend,1,100.0,None,0,0,Phishing link impersonating official platform customer verification support
MOD-2026-12439,2026-09-10 08:29:01,AGENT_05,Core (1-6mo),Spam_Commercial,Static_Image,0,Manual_Review,22.7,60.8,0,Account_Suspend,0,0.0,None,1,0,Unsolicited commercial affiliate marketing message blast
MOD-2026-11033,2026-09-10 08:29:51,AGENT_01,New Hire (<30d),Hate_Speech,Short_Video,1,Manual_Review,203.6,280.9,1,Approve_Keep,0,0.0,None,0,0,Coordinated brigading comments containing coded discriminatory dogwhistles
MOD-2026-11143,2026-09-10 08:48:38,AGENT_04,Core (1-6mo),Violence_HighRisk,Short_Video,1,Manual_Review,213.9,183.1,1,Approve_Keep,0,0.0,None,0,0,Threatening physical altercation clip uploaded without contextual warning
MOD-2026-11740,2026-09-10 09:32:05,AGENT_12,Senior (6mo+),Violence_HighRisk,Short_Video,1,Manual_Review,214.3,64.7,0,Remove_Delete,1,100.0,None,0,0,Threatening physical altercation clip uploaded without contextual warning
MOD-2026-11538,2026-09-10 09:54:17,AGENT_14,Senior (6mo+),Spam_Commercial,Text_Post,0,Auto_Rejected,5.3,140.0,0,Remove_Delete,0,0.0,None,0,0,Unsolicited commercial affiliate marketing message blast
MOD-2026-12050,2026-09-10 09:59:16,AGENT_01,New Hire (<30d),Hate_Speech,Text_Post,0,Manual_Review,62.0,166.7,0,Remove_Delete,0,0.0,None,0,0,Dehumanizing memes comparing ethnic groups to biological pests
MOD-2026-12488,2026-09-10 10:24:15,AGENT_10,Core (1-6mo),Fraud_Scams,Text_Post,0,Auto_Rejected,4.9,89.0,0,Remove_Delete,1,100.0,None,1,1,Phishing link impersonating official platform customer verification support
MOD-2026-10795,2026-09-10 10:34:41,AGENT_09,Core (1-6mo),Emergency_TCO,Short_Video,1,Manual_Review,144.9,73.6,1,Remove_Delete,0,0.0,None,1,0,Violent extremist manifestos distribution attempt flagged by cross-platform hash
MOD-2026-11999,2026-09-10 10:36:36,AGENT_02,New Hire (<30d),Violence_HighRisk,Static_Image,1,Auto_Approved,2.7,255.1,1,Approve_Keep,0,0.0,None,0,0,Threatening physical altercation clip uploaded without contextual warning
MOD-2026-10039,2026-09-10 10:47:38,AGENT_13,Senior (6mo+),Hate_Speech,Static_Image,0,Auto_Approved,3.6,266.8,1,Approve_Keep,0,0.0,None,0,0,Derogatory slur targeting protected demographic in comment section
MOD-2026-10063,2026-09-10 11:14:34,AGENT_13,Senior (6mo+),Emergency_TCO,Static_Image,1,Tier2_Escalated,69.4,37.8,0,Account_Suspend,0,0.0,None,0,0,Coordinated tactical propaganda audio recording flagged by intelligence unit
MOD-2026-10659,2026-09-10 11:18:16,AGENT_04,Core (1-6mo),Hate_Speech,Static_Image,0,Manual_Review,47.1,252.2,1,Remove_Delete,0,0.0,None,0,0,Nuanced political satire flagged by automated keyword filter as hate
MOD-2026-11862,2026-09-10 11:19:37,AGENT_02,New Hire (<30d),Violence_HighRisk,Static_Image,1,Auto_Rejected,5.1,70.4,0,Remove_Delete,0,0.0,None,0,0,Threatening physical altercation clip uploaded without contextual warning
MOD-2026-10471,2026-09-10 11:23:21,AGENT_09,Core (1-6mo),Fraud_Scams,Text_Post,0,Manual_Review,33.0,52.0,0,Remove_Delete,1,100.0,None,0,0,Cryptocurrency investment scheme promising guaranteed 500% daily returns
MOD-2026-10931,2026-09-10 11:43:43,AGENT_13,Senior (6mo+),Hate_Speech,Short_Video,0,Auto_Approved,4.0,83.1,0,Approve_Keep,0,0.0,None,0,0,Incitement to boycott and harass private individual based on religion
MOD-2026-10380,2026-09-10 11:54:15,AGENT_04,Core (1-6mo),Hate_Speech,Static_Image,0,Manual_Review,84.8,210.2,0,Remove_Delete,0,0.0,None,0,0,Coordinated brigading comments containing coded discriminatory dogwhistles
MOD-2026-11473,2026-09-10 12:12:32,AGENT_06,Core (1-6mo),Spam_Commercial,Text_Post,0,Auto_Approved,2.9,185.5,0,Approve_Keep,0,0.0,None,0,0,Unsolicited commercial affiliate marketing message blast
MOD-2026-10149,2026-09-10 12:26:53,AGENT_07,Core (1-6mo),Violence_HighRisk,Short_Video,0,Manual_Review,233.9,219.4,1,Approve_Keep,0,0.0,None,0,0,Reported altercation outside transit station with physical violence
MOD-2026-11255,2026-09-10 12:42:58,AGENT_06,Core (1-6mo),Fraud_Scams,Short_Video,0,Auto_Rejected,4.1,127.8,0,Remove_Delete,0,0.0,None,0,0,Counterfeit luxury goods listing utilizing stolen trademark imagery
MOD-2026-11608,2026-09-10 12:55:26,AGENT_12,Senior (6mo+),Spam_Commercial,Text_Post,0,Auto_Approved,3.5,182.1,0,Approve_Keep,0,0.0,None,0,0,Keyword stuffing and hidden redirects on promotional landing page
MOD-2026-10178,2026-09-10 13:03:24,AGENT_15,Senior (6mo+),Hate_Speech,Text_Post,0,Manual_Review,21.5,116.7,0,Approve_Keep,0,0.0,None,0,0,Incitement to boycott and harass private individual based on religion
MOD-2026-10297,2026-09-10 13:23:39,AGENT_08,Core (1-6mo),Hate_Speech,Text_Post,0,Auto_Rejected,2.5,237.6,0,Remove_Delete,0,0.0,None,0,0,Derogatory slur targeting protected demographic in comment section
MOD-2026-11975,2026-09-10 13:28:35,AGENT_11,Core (1-6mo),Fraud_Scams,Text_Post,0,Auto_Rejected,4.6,23.9,0,Remove_Delete,0,0.0,None,0,0,Gift card prize sweepstakes scam targeting senior account holders
MOD-2026-11945,2026-09-10 13:34:59,AGENT_10,Core (1-6mo),Hate_Speech,Static_Image,0,Manual_Review,71.0,159.8,0,Approve_Keep,0,0.0,None,0,0,Derogatory slur targeting protected demographic in comment section
MOD-2026-10567,2026-09-10 13:48:05,AGENT_10,Core (1-6mo),Emergency_TCO,Short_Video,1,Manual_Review,197.5,71.6,1,Account_Suspend,0,0.0,None,0,0,Coordinated tactical propaganda audio recording flagged by intelligence unit
MOD-2026-10880,2026-09-10 14:05:05,AGENT_10,Core (1-6mo),Spam_Commercial,Text_Post,0,Auto_Rejected,2.9,170.0,0,Remove_Delete,0,0.0,None,0,0,Bulk account creation posting duplicate SEO spam articles
MOD-2026-10906,2026-09-10 14:32:48,AGENT_12,Senior (6mo+),Violence_HighRisk,Live_Stream,1,Tier2_Escalated,350.0,229.6,1,Remove_Delete,0,0.0,None,0,0,Graphic injury footage from sports accident flagged by audience
MOD-2026-10114,2026-09-10 14:40:43,AGENT_02,New Hire (<30d),Hate_Speech,Text_Post,0,Manual_Review,41.1,130.3,0,Remove_Delete,0,0.0,None,0,0,Coordinated brigading comments containing coded discriminatory dogwhistles
MOD-2026-11397,2026-09-10 15:19:46,AGENT_10,Core (1-6mo),Hate_Speech,Text_Post,0,Manual_Review,23.1,158.6,0,Remove_Delete,0,0.0,None,0,0,Incitement to boycott and harass private individual based on religion
MOD-2026-10621,2026-09-10 15:39:54,AGENT_03,New Hire (<30d),Emergency_TCO,Static_Image,1,Manual_Review,53.6,52.1,0,Remove_Delete,0,0.0,None,0,0,Urgent notice-and-action request under EU 1-hour removal mandate
MOD-2026-10636,2026-09-10 15:54:42,AGENT_11,Core (1-6mo),Violence_HighRisk,Static_Image,1,Manual_Review,78.3,180.4,1,Approve_Keep,0,0.0,None,0,0,Threatening physical altercation clip uploaded without contextual warning
MOD-2026-10502,2026-09-10 16:01:38,AGENT_14,Senior (6mo+),Fraud_Scams,Static_Image,0,Manual_Review,30.3,78.8,0,Remove_Delete,0,0.0,None,1,0,Counterfeit luxury goods listing utilizing stolen trademark imagery
MOD-2026-11391,2026-09-10 16:08:19,AGENT_12,Senior (6mo+),Fraud_Scams,Static_Image,0,Auto_Approved,2.8,172.0,0,Approve_Keep,0,0.0,None,0,0,Counterfeit luxury goods listing utilizing stolen trademark imagery
MOD-2026-11805,2026-09-10 16:11:37,AGENT_09,Core (1-6mo),Fraud_Scams,Static_Image,0,Manual_Review,67.2,170.9,0,Remove_Delete,0,0.0,None,0,0,Counterfeit luxury goods listing utilizing stolen trademark imagery
MOD-2026-11834,2026-09-10 16:14:46,AGENT_02,New Hire (<30d),Violence_HighRisk,Short_Video,1,Auto_Rejected,4.4,117.6,0,Remove_Delete,1,100.0,None,0,0,Threatening physical altercation clip uploaded without contextual warning
MOD-2026-10214,2026-09-10 16:24:48,AGENT_07,Core (1-6mo),Hate_Speech,Text_Post,0,Auto_Rejected,3.9,259.3,1,Remove_Delete,0,0.0,None,0,0,Dehumanizing memes comparing ethnic groups to biological pests
MOD-2026-11849,2026-09-10 16:50:08,AGENT_14,Senior (6mo+),Violence_HighRisk,Static_Image,0,Auto_Approved,3.8,203.2,1,Approve_Keep,0,0.0,None,0,0,Dangerous weapons demonstration video flagged for policy violation
MOD-2026-11988,2026-09-10 16:53:11,AGENT_06,Core (1-6mo),Spam_Commercial,Text_Post,0,Auto_Approved,3.1,201.9,0,Approve_Keep,0,0.0,None,0,0,Bulk account creation posting duplicate SEO spam articles
MOD-2026-10091,2026-09-10 17:12:37,AGENT_08,Core (1-6mo),Spam_Commercial,Text_Post,0,Auto_Rejected,5.1,72.4,0,Remove_Delete,0,0.0,None,0,0,Repetitive bot activity promoting unverified pharmaceutical supplements
MOD-2026-11811,2026-09-10 17:15:45,AGENT_11,Core (1-6mo),Hate_Speech,Live_Stream,0,Auto_Rejected,3.9,148.3,0,Remove_Delete,0,0.0,None,0,0,Incitement to boycott and harass private individual based on religion
MOD-2026-11048,2026-09-10 17:19:19,AGENT_03,New Hire (<30d),Hate_Speech,Static_Image,0,Manual_Review,76.5,226.1,0,Approve_Keep,0,0.0,None,0,0,Incitement to boycott and harass private individual based on religion
MOD-2026-10009,2026-09-10 17:55:01,AGENT_03,New Hire (<30d),Spam_Commercial,Static_Image,0,Auto_Approved,4.0,32.7,0,Approve_Keep,0,0.0,None,0,0,Bulk account creation posting duplicate SEO spam articles
MOD-2026-10292,2026-09-10 18:10:55,AGENT_07,Core (1-6mo),Fraud_Scams,Text_Post,0,Auto_Rejected,4.1,72.7,0,Remove_Delete,0,0.0,None,0,0,Counterfeit luxury goods listing utilizing stolen trademark imagery
MOD-2026-12254,2026-09-10 18:44:38,AGENT_14,Senior (6mo+),Spam_Commercial,Short_Video,0,Auto_Rejected,4.0,49.3,0,Remove_Delete,0,0.0,None,0,0,Keyword stuffing and hidden redirects on promotional landing page
MOD-2026-10096,2026-09-10 18:48:26,AGENT_01,New Hire (<30d),Fraud_Scams,Static_Image,0,Manual_Review,46.3,86.7,0,Escalate,0,0.0,None,0,0,Cryptocurrency investment scheme promising guaranteed 500% daily returns
MOD-2026-10909,2026-09-10 18:57:14,AGENT_14,Senior (6mo+),Hate_Speech,Text_Post,1,Manual_Review,21.9,223.0,0,Content_Warning,0,0.0,None,1,0,Dehumanizing memes comparing ethnic groups to biological pests
MOD-2026-11599,2026-09-10 19:04:25,AGENT_15,Senior (6mo+),Fraud_Scams,Static_Image,0,Tier2_Escalated,34.5,52.5,0,Remove_Delete,0,0.0,None,0,0,Phishing link impersonating official platform customer verification support
MOD-2026-11348,2026-09-10 19:13:22,AGENT_12,Senior (6mo+),Hate_Speech,Text_Post,1,Tier2_Escalated,39.0,215.6,0,Account_Suspend,0,0.0,None,0,0,Dehumanizing memes comparing ethnic groups to biological pests
MOD-2026-11123,2026-09-10 19:19:55,AGENT_07,Core (1-6mo),Hate_Speech,Text_Post,0,Manual_Review,45.2,192.6,0,Approve_Keep,0,0.0,None,0,0,Derogatory slur targeting protected demographic in comment section
MOD-2026-11300,2026-09-10 19:37:36,AGENT_09,Core (1-6mo),Fraud_Scams,Static_Image,0,Auto_Rejected,4.1,78.6,0,Remove_Delete,0,0.0,None,0,0,Cryptocurrency investment scheme promising guaranteed 500% daily returns
MOD-2026-12595,2026-09-10 20:08:58,AGENT_06,Core (1-6mo),Hate_Speech,Text_Post,0,Manual_Review,43.3,161.3,0,Approve_Keep,0,0.0,None,0,0,Coordinated brigading comments containing coded discriminatory dogwhistles
MOD-2026-12695,2026-09-10 20:15:16,AGENT_15,Senior (6mo+),Spam_Commercial,Live_Stream,0,Auto_Approved,4.6,66.0,0,Approve_Keep,0,0.0,None,0,0,Bulk account creation posting duplicate SEO spam articles
MOD-2026-10383,2026-09-10 20:34:27,AGENT_14,Senior (6mo+),Fraud_Scams,Text_Post,0,Manual_Review,14.4,207.5,0,Remove_Delete,0,0.0,None,0,0,Phishing link impersonating official platform customer verification support
MOD-2026-10729,2026-09-10 20:38:03,AGENT_10,Core (1-6mo),Violence_HighRisk,Short_Video,1,Manual_Review,181.4,72.9,0,Approve_Keep,0,0.0,None,0,0,Graphic injury footage from sports accident flagged by audience
MOD-2026-12666,2026-09-10 20:38:12,AGENT_13,Senior (6mo+),Emergency_TCO,Static_Image,1,Manual_Review,69.8,65.6,1,Remove_Delete,0,0.0,None,0,0,Urgent notice-and-action request under EU 1-hour removal mandate
MOD-2026-12411,2026-09-10 20:40:59,AGENT_12,Senior (6mo+),Violence_HighRisk,Live_Stream,0,Manual_Review,280.7,60.5,0,Remove_Delete,0,0.0,None,0,0,Threatening physical altercation clip uploaded without contextual warning
MOD-2026-10124,2026-09-10 20:52:50,AGENT_06,Core (1-6mo),Fraud_Scams,Static_Image,0,Auto_Rejected,5.8,88.3,0,Remove_Delete,0,0.0,None,0,0,Cryptocurrency investment scheme promising guaranteed 500% daily returns
MOD-2026-11961,2026-09-10 21:21:30,AGENT_05,Core (1-6mo),Hate_Speech,Text_Post,0,Manual_Review,26.6,59.1,0,Remove_Delete,1,100.0,None,0,0,Incitement to boycott and harass private individual based on religion
MOD-2026-12246,2026-09-10 21:26:34,AGENT_15,Senior (6mo+),Spam_Commercial,Static_Image,0,Manual_Review,28.2,44.1,0,Remove_Delete,0,0.0,None,0,0,Repetitive bot activity promoting unverified pharmaceutical supplements
MOD-2026-12290,2026-09-10 21:45:59,AGENT_08,Core (1-6mo),Hate_Speech,Text_Post,0,Auto_Approved,5.2,233.8,0,Approve_Keep,0,0.0,None,0,0,Dehumanizing memes comparing ethnic groups to biological pests
MOD-2026-10641,2026-09-10 22:04:56,AGENT_06,Core (1-6mo),Fraud_Scams,Static_Image,0,Manual_Review,42.8,36.4,0,Remove_Delete,1,100.0,None,0,0,Cryptocurrency investment scheme promising guaranteed 500% daily returns
MOD-2026-11448,2026-09-10 22:07:09,AGENT_11,Core (1-6mo),Hate_Speech,Text_Post,1,Manual_Review,25.9,72.9,0,Remove_Delete,1,100.0,None,0,0,Nuanced political satire flagged by automated keyword filter as hate
MOD-2026-11131,2026-09-10 22:11:52,AGENT_05,Core (1-6mo),Hate_Speech,Text_Post,1,Manual_Review,24.2,140.6,0,Remove_Delete,0,0.0,None,0,0,Coordinated brigading comments containing coded discriminatory dogwhistles
MOD-2026-12200,2026-09-10 22:56:20,AGENT_11,Core (1-6mo),Fraud_Scams,Text_Post,0,Manual_Review,22.4,94.7,0,Remove_Delete,0,0.0,None,1,1,Phishing link impersonating official platform customer verification support
MOD-2026-11014,2026-09-10 23:08:10,AGENT_13,Senior (6mo+),Fraud_Scams,Text_Post,0,Tier2_Escalated,16.4,100.6,0,Account_Suspend,0,0.0,None,0,0,Cryptocurrency investment scheme promising guaranteed 500% daily returns
MOD-2026-10802,2026-09-10 23:18:46,AGENT_09,Core (1-6mo),Fraud_Scams,Static_Image,0,Manual_Review,44.9,39.8,0,Approve_Keep,0,0.0,None,0,0,Unauthorized credential harvesting page embedded in bio link
MOD-2026-12183,2026-09-10 23:23:24,AGENT_07,Core (1-6mo),Spam_Commercial,Text_Post,0,Auto_Rejected,3.5,196.8,0,Remove_Delete,0,0.0,None,1,1,Keyword stuffing and hidden redirects on promotional landing page
MOD-2026-10701,2026-09-10 23:27:52,AGENT_01,New Hire (<30d),Fraud_Scams,Static_Image,0,Auto_Approved,3.8,198.0,0,Approve_Keep,0,0.0,None,0,0,Cryptocurrency investment scheme promising guaranteed 500% daily returns
MOD-2026-10703,2026-09-10 23:39:01,AGENT_13,Senior (6mo+),Fraud_Scams,Static_Image,0,Manual_Review,51.1,22.1,0,Remove_Delete,0,0.0,None,0,0,Gift card prize sweepstakes scam targeting senior account holders
MOD-2026-12788,2026-09-10 23:40:50,AGENT_15,Senior (6mo+),Spam_Commercial,Text_Post,0,Auto_Rejected,5.9,187.2,0,Remove_Delete,0,0.0,None,0,0,Automated script posting identical promotional link 120 times in forum
MOD-2026-11649,2026-09-10 23:47:39,AGENT_11,Core (1-6mo),Fraud_Scams,Text_Post,0,Manual_Review,17.4,52.4,0,Remove_Delete,0,0.0,None,0,0,Phishing link impersonating official platform customer verification support
MOD-2026-11693,2026-09-10 23:57:27,AGENT_04,Core (1-6mo),Violence_HighRisk,Short_Video,1,Auto_Approved,5.1,128.9,0,Approve_Keep,0,0.0,None,0,0,Threatening physical altercation clip uploaded without contextual warning
MOD-2026-10204,2026-09-11 00:12:49,AGENT_05,Core (1-6mo),Fraud_Scams,Text_Post,0,Manual_Review,37.6,73.5,0,Remove_Delete,0,0.0,None,0,0,Gift card prize sweepstakes scam targeting senior account holders
MOD-2026-11198,2026-09-11 01:05:18,AGENT_14,Senior (6mo+),Spam_Commercial,Text_Post,0,Auto_Approved,3.7,38.0,0,Approve_Keep,0,0.0,None,0,0,Repetitive bot activity promoting unverified pharmaceutical supplements
MOD-2026-11202,2026-09-11 01:05:36,AGENT_07,Core (1-6mo),Spam_Commercial,Text_Post,0,Auto_Approved,5.2,137.2,0,Approve_Keep,0,0.0,None,0,0,Repetitive bot activity promoting unverified pharmaceutical supplements
MOD-2026-10088,2026-09-11 01:12:15,AGENT_08,Core (1-6mo),Spam_Commercial,Text_Post,0,Auto_Approved,3.8,46.3,0,Approve_Keep,0,0.0,None,0,0,Repetitive bot activity promoting unverified pharmaceutical supplements
MOD-2026-12570,2026-09-11 01:28:31,AGENT_04,Core (1-6mo),Hate_Speech,Text_Post,0,Manual_Review,37.0,257.4,1,Approve_Keep,1,100.0,None,0,0,Dehumanizing memes comparing ethnic groups to biological pests
MOD-2026-10226,2026-09-11 01:44:20,AGENT_13,Senior (6mo+),Hate_Speech,Static_Image,0,Auto_Rejected,2.6,139.3,0,Remove_Delete,1,100.0,None,0,0,Dehumanizing memes comparing ethnic groups to biological pests
MOD-2026-10018,2026-09-11 02:39:54,AGENT_04,Core (1-6mo),Violence_HighRisk,Short_Video,0,Auto_Rejected,4.1,127.0,0,Remove_Delete,0,0.0,None,0,0,Reported altercation outside transit station with physical violence
MOD-2026-12544,2026-09-11 02:53:11,AGENT_04,Core (1-6mo),Spam_Commercial,Text_Post,0,Manual_Review,18.1,69.7,0,Content_Warning,0,0.0,None,1,0,Bulk account creation posting duplicate SEO spam articles
MOD-2026-12085,2026-09-11 02:56:37,AGENT_07,Core (1-6mo),Spam_Commercial,Text_Post,0,Auto_Rejected,5.5,62.7,0,Remove_Delete,0,0.0,None,0,0,Automated script posting identical promotional link 120 times in forum
MOD-2026-11172,2026-09-11 03:05:14,AGENT_15,Senior (6mo+),Spam_Commercial,Text_Post,0,Auto_Rejected,4.5,126.4,0,Remove_Delete,0,0.0,None,0,0,Unsolicited commercial affiliate marketing message blast
MOD-2026-12112,2026-09-11 03:12:20,AGENT_07,Core (1-6mo),Hate_Speech,Static_Image,0,Manual_Review,75.3,61.1,0,Remove_Delete,0,0.0,None,0,0,Nuanced political satire flagged by automated keyword filter as hate
MOD-2026-11638,2026-09-11 03:18:49,AGENT_02,New Hire (<30d),Fraud_Scams,Static_Image,0,Manual_Review,62.7,202.1,0,Content_Warning,0,0.0,None,0,0,Phishing link impersonating official platform customer verification support
MOD-2026-10455,2026-09-11 04:02:48,AGENT_02,New Hire (<30d),Spam_Commercial,Text_Post,0,Auto_Rejected,4.3,111.6,0,Remove_Delete,0,0.0,None,1,0,Keyword stuffing and hidden redirects on promotional landing page
MOD-2026-12318,2026-09-11 04:11:09,AGENT_08,Core (1-6mo),Spam_Commercial,Short_Video,0,Manual_Review,71.9,68.3,0,Remove_Delete,0,0.0,None,1,0,Keyword stuffing and hidden redirects on promotional landing page
MOD-2026-11709,2026-09-11 04:13:39,AGENT_10,Core (1-6mo),Hate_Speech,Text_Post,1,Manual_Review,31.7,61.8,0,Approve_Keep,0,0.0,None,0,0,Derogatory slur targeting protected demographic in comment section
MOD-2026-12484,2026-09-11 04:19:23,AGENT_01,New Hire (<30d),Violence_HighRisk,Live_Stream,1,Manual_Review,428.6,70.3,0,Escalate,0,0.0,None,0,0,Reported altercation outside transit station with physical violence
MOD-2026-11564,2026-09-11 04:24:32,AGENT_05,Core (1-6mo),Violence_HighRisk,Live_Stream,0,Manual_Review,331.7,148.9,0,Remove_Delete,1,100.0,None,0,0,Reported altercation outside transit station with physical violence
MOD-2026-10367,2026-09-11 04:33:39,AGENT_06,Core (1-6mo),Hate_Speech,Text_Post,1,Manual_Review,37.0,129.1,0,Remove_Delete,0,0.0,None,0,0,Incitement to boycott and harass private individual based on religion
MOD-2026-10838,2026-09-11 04:46:51,AGENT_01,New Hire (<30d),Spam_Commercial,Text_Post,0,Manual_Review,30.7,95.6,0,Approve_Keep,0,0.0,None,0,0,Automated script posting identical promotional link 120 times in forum
MOD-2026-10389,2026-09-11 04:49:59,AGENT_12,Senior (6mo+),Hate_Speech,Text_Post,0,Manual_Review,33.7,59.3,0,Remove_Delete,0,0.0,None,0,0,Dehumanizing memes comparing ethnic groups to biological pests
MOD-2026-12448,2026-09-11 04:52:11,AGENT_11,Core (1-6mo),Hate_Speech,Text_Post,0,Manual_Review,39.2,187.3,0,Remove_Delete,0,0.0,None,0,0,Nuanced political satire flagged by automated keyword filter as hate
MOD-2026-11483,2026-09-11 04:56:19,AGENT_07,Core (1-6mo),Hate_Speech,Text_Post,0,Manual_Review,37.6,318.7,1,Remove_Delete,0,0.0,None,0,0,Dehumanizing memes comparing ethnic groups to biological pests
MOD-2026-10617,2026-09-11 04:58:09,AGENT_06,Core (1-6mo),Spam_Commercial,Static_Image,0,Auto_Rejected,5.1,129.5,0,Remove_Delete,0,0.0,None,0,0,Automated script posting identical promotional link 120 times in forum
MOD-2026-10740,2026-09-11 05:06:30,AGENT_11,Core (1-6mo),Violence_HighRisk,Static_Image,0,Auto_Rejected,4.9,65.3,0,Remove_Delete,0,0.0,None,0,0,Reported altercation outside transit station with physical violence
MOD-2026-10653,2026-09-11 05:33:40,AGENT_04,Core (1-6mo),Spam_Commercial,Short_Video,0,Auto_Rejected,2.7,23.6,0,Remove_Delete,0,0.0,None,0,0,Unsolicited commercial affiliate marketing message blast
MOD-2026-11808,2026-09-11 05:44:54,AGENT_06,Core (1-6mo),Spam_Commercial,Static_Image,0,Auto_Approved,3.0,62.4,0,Approve_Keep,0,0.0,None,0,0,Bulk account creation posting duplicate SEO spam articles
MOD-2026-10704,2026-09-11 05:59:50,AGENT_06,Core (1-6mo),Hate_Speech,Short_Video,0,Manual_Review,183.2,74.7,0,Approve_Keep,0,0.0,None,0,0,Coordinated brigading comments containing coded discriminatory dogwhistles
MOD-2026-10287,2026-09-11 06:10:22,AGENT_13,Senior (6mo+),Spam_Commercial,Static_Image,0,Auto_Rejected,3.1,34.7,0,Remove_Delete,0,0.0,None,0,0,Repetitive bot activity promoting unverified pharmaceutical supplements
MOD-2026-11867,2026-09-11 06:19:20,AGENT_03,New Hire (<30d),Spam_Commercial,Text_Post,0,Auto_Rejected,6.0,121.9,0,Remove_Delete,0,0.0,None,0,0,Bulk account creation posting duplicate SEO spam articles
MOD-2026-12581,2026-09-11 06:45:49,AGENT_12,Senior (6mo+),Spam_Commercial,Static_Image,0,Auto_Rejected,5.8,211.3,0,Remove_Delete,0,0.0,None,0,0,Repetitive bot activity promoting unverified pharmaceutical supplements
MOD-2026-12334,2026-09-11 06:50:41,AGENT_02,New Hire (<30d),Emergency_TCO,Live_Stream,1,Auto_Approved,4.7,56.1,0,Approve_Keep,0,0.0,None,0,0,Violent extremist manifestos distribution attempt flagged by cross-platform hash
MOD-2026-12714,2026-09-11 06:59:58,AGENT_05,Core (1-6mo),Hate_Speech,Text_Post,1,Manual_Review,27.4,59.5,0,Content_Warning,0,0.0,None,0,0,Nuanced political satire flagged by automated keyword filter as hate
MOD-2026-11024,2026-09-11 07:12:50,AGENT_10,Core (1-6mo),Violence_HighRisk,Short_Video,1,Manual_Review,220.5,166.2,0,Remove_Delete,0,0.0,None,0,0,Threatening physical altercation clip uploaded without contextual warning
MOD-2026-12102,2026-09-11 07:18:28,AGENT_13,Senior (6mo+),Spam_Commercial,Short_Video,0,Manual_Review,75.8,29.8,0,Remove_Delete,0,0.0,None,0,0,Bulk account creation posting duplicate SEO spam articles
MOD-2026-11817,2026-09-11 07:21:40,AGENT_13,Senior (6mo+),Hate_Speech,Text_Post,0,Auto_Approved,4.6,263.4,1,Approve_Keep,0,0.0,None,0,0,Coordinated brigading comments containing coded discriminatory dogwhistles
MOD-2026-11008,2026-09-11 07:26:43,AGENT_05,Core (1-6mo),Fraud_Scams,Static_Image,0,Auto_Approved,3.3,174.5,0,Approve_Keep,0,0.0,None,0,0,Counterfeit luxury goods listing utilizing stolen trademark imagery
MOD-2026-11139,2026-09-11 07:33:06,AGENT_08,Core (1-6mo),Spam_Commercial,Text_Post,0,Auto_Approved,2.9,168.6,0,Approve_Keep,0,0.0,None,0,0,Automated script posting identical promotional link 120 times in forum
MOD-2026-12368,2026-09-11 07:34:17,AGENT_06,Core (1-6mo),Hate_Speech,Text_Post,0,Manual_Review,20.3,138.1,0,Remove_Delete,0,0.0,None,0,0,Derogatory slur targeting protected demographic in comment section
MOD-2026-10820,2026-09-11 08:04:45,AGENT_14,Senior (6mo+),Spam_Commercial,Text_Post,0,Auto_Approved,4.7,65.9,0,Approve_Keep,0,0.0,None,0,0,Automated script posting identical promotional link 120 times in forum
MOD-2026-12133,2026-09-11 08:06:59,AGENT_01,New Hire (<30d),Hate_Speech,Text_Post,0,Manual_Review,31.5,281.5,1,Remove_Delete,0,0.0,None,0,0,Coordinated brigading comments containing coded discriminatory dogwhistles
MOD-2026-12145,2026-09-11 08:18:14,AGENT_12,Senior (6mo+),Hate_Speech,Text_Post,0,Manual_Review,39.5,306.5,1,Remove_Delete,0,0.0,None,0,0,Incitement to boycott and harass private individual based on religion
MOD-2026-11350,2026-09-11 08:40:01,AGENT_03,New Hire (<30d),Spam_Commercial,Static_Image,0,Auto_Rejected,4.7,174.7,0,Remove_Delete,0,0.0,None,1,0,Unsolicited commercial affiliate marketing message blast
MOD-2026-12205,2026-09-11 09:38:47,AGENT_07,Core (1-6mo),Spam_Commercial,Static_Image,0,Manual_Review,54.7,162.3,0,Remove_Delete,0,0.0,None,0,0,Bulk account creation posting duplicate SEO spam articles
MOD-2026-10225,2026-09-11 09:48:31,AGENT_12,Senior (6mo+),Hate_Speech,Short_Video,1,Manual_Review,108.8,130.8,0,Remove_Delete,0,0.0,None,0,0,Nuanced political satire flagged by automated keyword filter as hate
MOD-2026-11802,2026-09-11 10:06:49,AGENT_09,Core (1-6mo),Violence_HighRisk,Short_Video,1,Auto_Rejected,4.0,153.4,0,Remove_Delete,0,0.0,None,0,0,Self-harm reference in private broadcast requiring immediate crisis triage
MOD-2026-10947,2026-09-11 10:50:13,AGENT_13,Senior (6mo+),Spam_Commercial,Text_Post,0,Manual_Review,23.7,204.5,0,Approve_Keep,0,0.0,None,0,0,Automated script posting identical promotional link 120 times in forum
MOD-2026-12342,2026-09-11 11:18:50,AGENT_03,New Hire (<30d),Hate_Speech,Text_Post,0,Manual_Review,37.0,287.2,1,Approve_Keep,0,0.0,None,0,0,Incitement to boycott and harass private individual based on religion
MOD-2026-10339,2026-09-11 11:52:27,AGENT_12,Senior (6mo+),Violence_HighRisk,Static_Image,1,Manual_Review,54.0,88.5,0,Remove_Delete,0,0.0,None,0,0,Dangerous weapons demonstration video flagged for policy violation
MOD-2026-11259,2026-09-11 11:59:45,AGENT_13,Senior (6mo+),Hate_Speech,Static_Image,1,Manual_Review,38.3,45.2,0,Remove_Delete,0,0.0,None,0,0,Dehumanizing memes comparing ethnic groups to biological pests
MOD-2026-12333,2026-09-11 12:01:46,AGENT_07,Core (1-6mo),Fraud_Scams,Text_Post,0,Manual_Review,37.7,217.6,0,Remove_Delete,0,0.0,None,0,0,Gift card prize sweepstakes scam targeting senior account holders
MOD-2026-10213,2026-09-11 12:08:26,AGENT_02,New Hire (<30d),Violence_HighRisk,Live_Stream,1,Manual_Review,327.0,73.1,0,Remove_Delete,0,0.0,None,0,0,Reported altercation outside transit station with physical violence
MOD-2026-11912,2026-09-11 12:12:26,AGENT_09,Core (1-6mo),Hate_Speech,Text_Post,0,Manual_Review,31.3,124.5,0,Content_Warning,0,0.0,None,0,0,Derogatory slur targeting protected demographic in comment section
MOD-2026-11210,2026-09-11 12:43:18,AGENT_04,Core (1-6mo),Hate_Speech,Text_Post,1,Manual_Review,44.3,282.5,1,Approve_Keep,1,100.0,None,0,0,Coordinated brigading comments containing coded discriminatory dogwhistles
MOD-2026-11617,2026-09-11 12:49:38,AGENT_10,Core (1-6mo),Violence_HighRisk,Short_Video,1,Auto_Approved,3.3,248.7,1,Approve_Keep,0,0.0,None,0,0,Threatening physical altercation clip uploaded without contextual warning
MOD-2026-11578,2026-09-11 12:50:32,AGENT_11,Core (1-6mo),Violence_HighRisk,Short_Video,0,Manual_Review,154.9,178.0,0,Approve_Keep,0,0.0,None,0,0,Self-harm reference in private broadcast requiring immediate crisis triage
MOD-2026-10585,2026-09-11 13:02:31,AGENT_04,Core (1-6mo),Violence_HighRisk,Short_Video,1,Auto_Rejected,5.2,102.3,0,Remove_Delete,0,0.0,None,0,0,Threatening physical altercation clip uploaded without contextual warning
MOD-2026-10987,2026-09-11 13:33:47,AGENT_14,Senior (6mo+),Emergency_TCO,Text_Post,1,Tier2_Escalated,40.8,69.6,1,Remove_Delete,0,0.0,None,0,0,Coordinated tactical propaganda audio recording flagged by intelligence unit
MOD-2026-10052,2026-09-11 13:56:39,AGENT_15,Senior (6mo+),Fraud_Scams,Short_Video,0,Manual_Review,160.0,99.3,0,Remove_Delete,1,100.0,None,0,0,Phishing link impersonating official platform customer verification support
MOD-2026-10092,2026-09-11 14:13:56,AGENT_09,Core (1-6mo),Fraud_Scams,Static_Image,0,Manual_Review,47.6,142.0,0,Remove_Delete,0,0.0,None,0,0,Counterfeit luxury goods listing utilizing stolen trademark imagery
MOD-2026-11565,2026-09-11 14:14:03,AGENT_12,Senior (6mo+),Fraud_Scams,Static_Image,0,Auto_Rejected,4.5,59.2,0,Remove_Delete,1,100.0,None,0,0,Counterfeit luxury goods listing utilizing stolen trademark imagery
MOD-2026-10268,2026-09-11 14:57:45,AGENT_09,Core (1-6mo),Violence_HighRisk,Static_Image,1,Manual_Review,61.2,207.2,1,Remove_Delete,0,0.0,None,0,0,Reported altercation outside transit station with physical violence
MOD-2026-11606,2026-09-11 15:14:08,AGENT_07,Core (1-6mo),Emergency_TCO,Short_Video,1,Manual_Review,133.0,67.8,1,Remove_Delete,0,0.0,None,0,0,Coordinated tactical propaganda audio recording flagged by intelligence unit
MOD-2026-12700,2026-09-11 15:19:14,AGENT_12,Senior (6mo+),Violence_HighRisk,Static_Image,1,Auto_Approved,5.3,228.2,1,Approve_Keep,0,0.0,None,0,0,Graphic injury footage from sports accident flagged by audience
MOD-2026-11268,2026-09-11 15:46:48,AGENT_08,Core (1-6mo),Fraud_Scams,Short_Video,0,Auto_Approved,2.5,175.1,0,Approve_Keep,0,0.0,None,0,0,Cryptocurrency investment scheme promising guaranteed 500% daily returns
MOD-2026-10503,2026-09-11 15:48:28,AGENT_12,Senior (6mo+),Spam_Commercial,Static_Image,0,Auto_Approved,4.7,162.4,0,Approve_Keep,0,0.0,None,0,0,Bulk account creation posting duplicate SEO spam articles
MOD-2026-11746,2026-09-11 15:51:03,AGENT_07,Core (1-6mo),Fraud_Scams,Text_Post,0,Manual_Review,25.9,81.1,0,Remove_Delete,0,0.0,None,1,0,Cryptocurrency investment scheme promising guaranteed 500% daily returns
MOD-2026-10913,2026-09-11 16:23:28,AGENT_11,Core (1-6mo),Hate_Speech,Short_Video,1,Auto_Approved,3.7,77.5,0,Approve_Keep,0,0.0,None,0,0,Incitement to boycott and harass private individual based on religion
MOD-2026-11005,2026-09-11 16:31:37,AGENT_10,Core (1-6mo),Spam_Commercial,Text_Post,0,Auto_Approved,5.8,24.2,0,Approve_Keep,0,0.0,None,0,0,Repetitive bot activity promoting unverified pharmaceutical supplements
MOD-2026-10694,2026-09-11 17:15:43,AGENT_09,Core (1-6mo),Spam_Commercial,Text_Post,0,Auto_Rejected,5.1,154.4,0,Remove_Delete,0,0.0,None,0,0,Keyword stuffing and hidden redirects on promotional landing page
MOD-2026-10713,2026-09-11 17:17:17,AGENT_06,Core (1-6mo),Hate_Speech,Text_Post,0,Auto_Rejected,5.8,313.7,1,Remove_Delete,0,0.0,None,0,0,Derogatory slur targeting protected demographic in comment section
MOD-2026-12477,2026-09-11 17:39:52,AGENT_04,Core (1-6mo),Violence_HighRisk,Static_Image,1,Manual_Review,42.1,140.8,0,Content_Warning,0,0.0,None,0,0,Threatening physical altercation clip uploaded without contextual warning
MOD-2026-10001,2026-09-11 17:42:36,AGENT_11,Core (1-6mo),Violence_HighRisk,Static_Image,1,Manual_Review,77.6,155.4,0,Remove_Delete,1,100.0,None,0,0,Self-harm reference in private broadcast requiring immediate crisis triage
MOD-2026-11413,2026-09-11 18:30:23,AGENT_01,New Hire (<30d),Fraud_Scams,Static_Image,0,Manual_Review,58.4,95.5,0,Remove_Delete,0,0.0,None,0,0,Counterfeit luxury goods listing utilizing stolen trademark imagery
MOD-2026-11788,2026-09-11 18:38:48,AGENT_10,Core (1-6mo),Spam_Commercial,Static_Image,0,Auto_Approved,5.3,134.2,0,Approve_Keep,0,0.0,None,0,0,Repetitive bot activity promoting unverified pharmaceutical supplements
MOD-2026-12560,2026-09-11 18:47:31,AGENT_03,New Hire (<30d),Fraud_Scams,Short_Video,0,Auto_Rejected,4.1,90.3,0,Remove_Delete,0,0.0,None,0,0,Cryptocurrency investment scheme promising guaranteed 500% daily returns
MOD-2026-10451,2026-09-11 18:55:21,AGENT_03,New Hire (<30d),Spam_Commercial,Text_Post,0,Auto_Rejected,5.4,22.7,0,Remove_Delete,0,0.0,None,0,0,Bulk account creation posting duplicate SEO spam articles
MOD-2026-11768,2026-09-11 19:07:26,AGENT_11,Core (1-6mo),Hate_Speech,Text_Post,0,Manual_Review,28.4,154.6,0,Remove_Delete,0,0.0,None,0,0,Nuanced political satire flagged by automated keyword filter as hate
MOD-2026-11446,2026-09-11 19:12:42,AGENT_14,Senior (6mo+),Hate_Speech,Text_Post,0,Tier2_Escalated,19.5,181.3,0,Remove_Delete,0,0.0,None,0,0,Dehumanizing memes comparing ethnic groups to biological pests
MOD-2026-11745,2026-09-11 19:14:59,AGENT_09,Core (1-6mo),Spam_Commercial,Text_Post,0,Manual_Review,19.8,119.9,0,Remove_Delete,0,0.0,None,0,0,Keyword stuffing and hidden redirects on promotional landing page
MOD-2026-11243,2026-09-11 19:17:50,AGENT_13,Senior (6mo+),Violence_HighRisk,Live_Stream,0,Tier2_Escalated,309.1,199.2,1,Remove_Delete,0,0.0,None,0,0,Self-harm reference in private broadcast requiring immediate crisis triage
MOD-2026-12235,2026-09-11 19:26:52,AGENT_06,Core (1-6mo),Violence_HighRisk,Short_Video,0,Manual_Review,198.0,193.9,1,Remove_Delete,0,0.0,None,0,0,Threatening physical altercation clip uploaded without contextual warning
MOD-2026-10846,2026-09-11 19:50:44,AGENT_02,New Hire (<30d),Fraud_Scams,Short_Video,0,Auto_Rejected,2.9,173.5,0,Remove_Delete,0,0.0,None,0,0,Unauthorized credential harvesting page embedded in bio link
MOD-2026-11472,2026-09-11 19:53:02,AGENT_04,Core (1-6mo),Spam_Commercial,Text_Post,0,Auto_Approved,5.0,136.4,0,Approve_Keep,0,0.0,None,0,0,Automated script posting identical promotional link 120 times in forum
MOD-2026-10378,2026-09-11 20:02:56,AGENT_03,New Hire (<30d),Fraud_Scams,Static_Image,0,Auto_Rejected,3.9,68.7,0,Remove_Delete,0,0.0,None,0,0,Cryptocurrency investment scheme promising guaranteed 500% daily returns
MOD-2026-11926,2026-09-11 20:15:46,AGENT_14,Senior (6mo+),Fraud_Scams,Static_Image,0,Tier2_Escalated,37.7,163.6,0,Account_Suspend,0,0.0,None,0,0,Gift card prize sweepstakes scam targeting senior account holders
MOD-2026-12329,2026-09-11 20:22:15,AGENT_15,Senior (6mo+),Fraud_Scams,Text_Post,0,Tier2_Escalated,20.2,64.6,0,Approve_Keep,0,0.0,None,0,0,Phishing link impersonating official platform customer verification support
MOD-2026-12535,2026-09-11 20:24:37,AGENT_05,Core (1-6mo),Spam_Commercial,Text_Post,0,Auto_Approved,3.4,212.0,0,Approve_Keep,0,0.0,None,0,0,Keyword stuffing and hidden redirects on promotional landing page
MOD-2026-11018,2026-09-11 20:25:43,AGENT_08,Core (1-6mo),Violence_HighRisk,Short_Video,1,Manual_Review,131.9,231.1,1,Remove_Delete,1,100.0,None,0,0,Graphic injury footage from sports accident flagged by audience
MOD-2026-10115,2026-09-11 20:51:02,AGENT_06,Core (1-6mo),Fraud_Scams,Text_Post,0,Manual_Review,34.7,183.8,0,Account_Suspend,0,0.0,None,0,0,Cryptocurrency investment scheme promising guaranteed 500% daily returns
MOD-2026-10499,2026-09-11 21:11:44,AGENT_14,Senior (6mo+),Fraud_Scams,Static_Image,0,Manual_Review,42.0,81.6,0,Remove_Delete,0,0.0,None,0,0,Gift card prize sweepstakes scam targeting senior account holders
MOD-2026-10090,2026-09-11 22:10:56,AGENT_04,Core (1-6mo),Fraud_Scams,Text_Post,0,Manual_Review,40.6,164.8,0,Account_Suspend,0,0.0,None,0,0,Counterfeit luxury goods listing utilizing stolen trademark imagery
MOD-2026-11043,2026-09-11 22:19:55,AGENT_08,Core (1-6mo),Fraud_Scams,Static_Image,0,Manual_Review,56.0,94.5,0,Remove_Delete,0,0.0,None,1,0,Counterfeit luxury goods listing utilizing stolen trademark imagery
MOD-2026-10346,2026-09-11 22:27:24,AGENT_11,Core (1-6mo),Spam_Commercial,Text_Post,0,Auto_Rejected,4.9,198.8,0,Remove_Delete,0,0.0,None,0,0,Bulk account creation posting duplicate SEO spam articles
MOD-2026-12179,2026-09-11 22:31:19,AGENT_14,Senior (6mo+),Spam_Commercial,Text_Post,0,Auto_Approved,3.6,83.7,0,Approve_Keep,0,0.0,None,0,0,Bulk account creation posting duplicate SEO spam articles
MOD-2026-10489,2026-09-11 22:57:31,AGENT_02,New Hire (<30d),Violence_HighRisk,Live_Stream,1,Manual_Review,379.2,234.5,1,Approve_Keep,0,0.0,None,0,0,Graphic injury footage from sports accident flagged by audience
MOD-2026-11056,2026-09-11 23:06:04,AGENT_06,Core (1-6mo),Fraud_Scams,Static_Image,0,Manual_Review,66.6,162.4,0,Account_Suspend,0,0.0,None,0,0,Cryptocurrency investment scheme promising guaranteed 500% daily returns
MOD-2026-12496,2026-09-11 23:30:41,AGENT_09,Core (1-6mo),Spam_Commercial,Text_Post,0,Auto_Approved,4.6,160.2,0,Approve_Keep,0,0.0,None,0,0,Unsolicited commercial affiliate marketing message blast
MOD-2026-12497,2026-09-12 00:23:37,AGENT_14,Senior (6mo+),Fraud_Scams,Live_Stream,0,Auto_Rejected,3.5,116.7,0,Remove_Delete,0,0.0,None,0,0,Gift card prize sweepstakes scam targeting senior account holders
MOD-2026-12759,2026-09-12 01:05:51,AGENT_12,Senior (6mo+),Hate_Speech,Short_Video,0,Tier2_Escalated,103.3,312.4,1,Remove_Delete,0,0.0,None,1,0,Nuanced political satire flagged by automated keyword filter as hate
MOD-2026-11037,2026-09-12 01:08:50,AGENT_08,Core (1-6mo),Hate_Speech,Static_Image,0,Manual_Review,39.4,297.5,1,Approve_Keep,1,100.0,None,0,0,Derogatory slur targeting protected demographic in comment section
MOD-2026-11383,2026-09-12 01:20:08,AGENT_13,Senior (6mo+),Spam_Commercial,Static_Image,0,Auto_Approved,3.5,157.4,0,Approve_Keep,0,0.0,None,0,0,Automated script posting identical promotional link 120 times in forum
MOD-2026-11540,2026-09-12 01:22:47,AGENT_06,Core (1-6mo),Hate_Speech,Static_Image,0,Manual_Review,58.2,180.9,0,Remove_Delete,0,0.0,None,0,0,Coordinated brigading comments containing coded discriminatory dogwhistles
MOD-2026-10657,2026-09-12 01:32:56,AGENT_05,Core (1-6mo),Spam_Commercial,Short_Video,0,Auto_Approved,5.2,119.7,0,Approve_Keep,0,0.0,None,0,0,Unsolicited commercial affiliate marketing message blast
MOD-2026-11594,2026-09-12 01:50:41,AGENT_08,Core (1-6mo),Fraud_Scams,Live_Stream,0,Manual_Review,289.8,34.5,0,Approve_Keep,0,0.0,None,0,0,Unauthorized credential harvesting page embedded in bio link
MOD-2026-11776,2026-09-12 01:50:49,AGENT_13,Senior (6mo+),Fraud_Scams,Text_Post,0,Manual_Review,15.4,42.6,0,Remove_Delete,0,0.0,None,0,0,Phishing link impersonating official platform customer verification support
MOD-2026-10714,2026-09-12 02:03:17,AGENT_07,Core (1-6mo),Violence_HighRisk,Live_Stream,0,Auto_Rejected,3.6,128.8,0,Remove_Delete,0,0.0,None,0,0,Self-harm reference in private broadcast requiring immediate crisis triage
MOD-2026-10187,2026-09-12 02:13:03,AGENT_04,Core (1-6mo),Violence_HighRisk,Short_Video,1,Manual_Review,250.7,203.9,1,Escalate,0,0.0,None,0,0,Self-harm reference in private broadcast requiring immediate crisis triage
MOD-2026-12305,2026-09-12 02:17:53,AGENT_03,New Hire (<30d),Fraud_Scams,Text_Post,0,Auto_Approved,2.9,154.6,0,Approve_Keep,0,0.0,None,0,0,Cryptocurrency investment scheme promising guaranteed 500% daily returns
MOD-2026-10789,2026-09-12 02:24:53,AGENT_15,Senior (6mo+),Hate_Speech,Text_Post,0,Tier2_Escalated,32.8,317.6,1,Remove_Delete,1,100.0,None,0,0,Nuanced political satire flagged by automated keyword filter as hate
MOD-2026-12637,2026-09-12 02:39:46,AGENT_13,Senior (6mo+),Hate_Speech,Text_Post,1,Manual_Review,26.2,202.6,0,Remove_Delete,1,100.0,None,0,0,Incitement to boycott and harass private individual based on religion
MOD-2026-12106,2026-09-12 02:40:27,AGENT_03,New Hire (<30d),Hate_Speech,Short_Video,0,Manual_Review,236.0,238.4,0,Approve_Keep,0,0.0,None,0,0,Derogatory slur targeting protected demographic in comment section
MOD-2026-10352,2026-09-12 03:03:26,AGENT_10,Core (1-6mo),Hate_Speech,Text_Post,0,Auto_Approved,2.5,173.2,0,Approve_Keep,0,0.0,None,0,0,Derogatory slur targeting protected demographic in comment section
MOD-2026-10574,2026-09-12 03:19:30,AGENT_10,Core (1-6mo),Hate_Speech,Static_Image,1,Auto_Rejected,3.6,286.5,1,Remove_Delete,0,0.0,None,0,0,Incitement to boycott and harass private individual based on religion
MOD-2026-12409,2026-09-12 03:26:11,AGENT_10,Core (1-6mo),Spam_Commercial,Static_Image,0,Auto_Approved,3.9,142.8,0,Approve_Keep,0,0.0,None,0,0,Repetitive bot activity promoting unverified pharmaceutical supplements
MOD-2026-10023,2026-09-12 03:40:40,AGENT_01,New Hire (<30d),Spam_Commercial,Text_Post,0,Auto_Rejected,4.0,136.7,0,Remove_Delete,0,0.0,None,0,0,Unsolicited commercial affiliate marketing message blast
MOD-2026-11116,2026-09-12 04:13:39,AGENT_06,Core (1-6mo),Spam_Commercial,Static_Image,0,Auto_Approved,3.2,38.2,0,Approve_Keep,0,0.0,None,0,0,Bulk account creation posting duplicate SEO spam articles
MOD-2026-11490,2026-09-12 04:53:36,AGENT_04,Core (1-6mo),Fraud_Scams,Text_Post,0,Manual_Review,23.9,177.4,0,Remove_Delete,0,0.0,None,0,0,Cryptocurrency investment scheme promising guaranteed 500% daily returns
MOD-2026-10073,2026-09-12 05:28:17,AGENT_05,Core (1-6mo),Violence_HighRisk,Short_Video,0,Manual_Review,197.9,157.0,0,Approve_Keep,0,0.0,None,0,0,Reported altercation outside transit station with physical violence
MOD-2026-10271,2026-09-12 05:30:11,AGENT_14,Senior (6mo+),Violence_HighRisk,Live_Stream,0,Auto_Rejected,4.9,245.6,1,Remove_Delete,1,100.0,None,0,0,Reported altercation outside transit station with physical violence
MOD-2026-12580,2026-09-12 05:34:58,AGENT_01,New Hire (<30d),Fraud_Scams,Text_Post,0,Manual_Review,36.7,24.9,0,Remove_Delete,0,0.0,None,1,0,Phishing link impersonating official platform customer verification support
MOD-2026-11688,2026-09-12 06:10:08,AGENT_11,Core (1-6mo),Fraud_Scams,Text_Post,0,Auto_Approved,5.2,54.9,0,Approve_Keep,0,0.0,None,0,0,Gift card prize sweepstakes scam targeting senior account holders
MOD-2026-12167,2026-09-12 06:16:24,AGENT_11,Core (1-6mo),Spam_Commercial,Live_Stream,0,Auto_Approved,3.7,195.4,0,Approve_Keep,1,100.0,None,0,0,Repetitive bot activity promoting unverified pharmaceutical supplements
MOD-2026-11333,2026-09-12 06:51:39,AGENT_12,Senior (6mo+),Spam_Commercial,Static_Image,0,Auto_Rejected,5.8,62.0,0,Remove_Delete,0,0.0,None,1,1,Unsolicited commercial affiliate marketing message blast
MOD-2026-10965,2026-09-12 07:00:42,AGENT_15,Senior (6mo+),Hate_Speech,Short_Video,1,Tier2_Escalated,152.3,169.8,0,Approve_Keep,0,0.0,None,0,0,Derogatory slur targeting protected demographic in comment section
MOD-2026-10841,2026-09-12 07:23:36,AGENT_15,Senior (6mo+),Violence_HighRisk,Text_Post,1,Auto_Rejected,3.0,239.8,1,Remove_Delete,1,100.0,None,0,0,Graphic injury footage from sports accident flagged by audience
MOD-2026-10364,2026-09-12 07:34:45,AGENT_02,New Hire (<30d),Violence_HighRisk,Short_Video,1,Manual_Review,211.3,202.1,1,Content_Warning,0,0.0,None,0,0,Self-harm reference in private broadcast requiring immediate crisis triage
MOD-2026-10323,2026-09-12 07:59:55,AGENT_12,Senior (6mo+),Fraud_Scams,Static_Image,0,Auto_Approved,2.5,104.2,0,Approve_Keep,1,100.0,None,0,0,Gift card prize sweepstakes scam targeting senior account holders
MOD-2026-11009,2026-09-12 08:03:15,AGENT_14,Senior (6mo+),Spam_Commercial,Text_Post,0,Auto_Rejected,3.4,37.0,0,Remove_Delete,1,100.0,None,0,0,Bulk account creation posting duplicate SEO spam articles
MOD-2026-10678,2026-09-12 08:12:57,AGENT_12,Senior (6mo+),Fraud_Scams,Text_Post,0,Tier2_Escalated,34.8,124.4,0,Remove_Delete,0,0.0,None,1,0,Gift card prize sweepstakes scam targeting senior account holders
MOD-2026-10582,2026-09-12 08:13:47,AGENT_03,New Hire (<30d),Spam_Commercial,Text_Post,0,Manual_Review,29.8,25.9,0,Approve_Keep,0,0.0,None,0,0,Repetitive bot activity promoting unverified pharmaceutical supplements
MOD-2026-10151,2026-09-12 08:39:29,AGENT_15,Senior (6mo+),Fraud_Scams,Text_Post,0,Auto_Approved,3.7,208.2,0,Approve_Keep,0,0.0,None,0,0,Phishing link impersonating official platform customer verification support
MOD-2026-11816,2026-09-12 08:58:58,AGENT_04,Core (1-6mo),Violence_HighRisk,Short_Video,1,Auto_Rejected,3.0,126.5,0,Remove_Delete,0,0.0,None,0,0,Self-harm reference in private broadcast requiring immediate crisis triage
MOD-2026-11698,2026-09-12 09:16:24,AGENT_01,New Hire (<30d),Violence_HighRisk,Static_Image,1,Manual_Review,114.1,141.8,0,Remove_Delete,0,0.0,None,0,0,Threatening physical altercation clip uploaded without contextual warning
MOD-2026-10808,2026-09-12 09:16:34,AGENT_12,Senior (6mo+),Hate_Speech,Static_Image,0,Manual_Review,50.4,191.9,0,Remove_Delete,0,0.0,None,0,0,Coordinated brigading comments containing coded discriminatory dogwhistles
MOD-2026-10692,2026-09-12 09:21:37,AGENT_04,Core (1-6mo),Fraud_Scams,Short_Video,0,Manual_Review,189.5,171.7,0,Remove_Delete,0,0.0,None,0,0,Gift card prize sweepstakes scam targeting senior account holders
MOD-2026-12242,2026-09-12 09:42:26,AGENT_13,Senior (6mo+),Spam_Commercial,Static_Image,0,Auto_Rejected,4.4,163.0,0,Remove_Delete,0,0.0,None,0,0,Bulk account creation posting duplicate SEO spam articles
MOD-2026-11711,2026-09-12 10:24:20,AGENT_14,Senior (6mo+),Violence_HighRisk,Text_Post,1,Manual_Review,25.3,243.6,1,Approve_Keep,0,0.0,None,0,0,Self-harm reference in private broadcast requiring immediate crisis triage
MOD-2026-10296,2026-09-12 11:01:02,AGENT_14,Senior (6mo+),Violence_HighRisk,Text_Post,1,Auto_Rejected,5.4,89.3,0,Remove_Delete,0,0.0,None,0,0,Reported altercation outside transit station with physical violence
MOD-2026-11486,2026-09-12 11:08:41,AGENT_05,Core (1-6mo),Hate_Speech,Text_Post,0,Auto_Approved,2.7,248.0,1,Approve_Keep,0,0.0,None,0,0,Coordinated brigading comments containing coded discriminatory dogwhistles
MOD-2026-11929,2026-09-12 11:10:47,AGENT_02,New Hire (<30d),Spam_Commercial,Static_Image,0,Manual_Review,35.9,136.0,0,Remove_Delete,0,0.0,None,0,0,Repetitive bot activity promoting unverified pharmaceutical supplements
MOD-2026-10804,2026-09-12 11:13:47,AGENT_14,Senior (6mo+),Violence_HighRisk,Short_Video,1,Tier2_Escalated,176.4,87.3,0,Remove_Delete,0,0.0,None,0,0,Graphic injury footage from sports accident flagged by audience
MOD-2026-11799,2026-09-12 11:17:17,AGENT_01,New Hire (<30d),Spam_Commercial,Static_Image,0,Manual_Review,38.0,34.3,0,Remove_Delete,0,0.0,None,0,0,Automated script posting identical promotional link 120 times in forum
MOD-2026-10239,2026-09-12 11:50:07,AGENT_06,Core (1-6mo),Spam_Commercial,Text_Post,0,Auto_Approved,5.2,155.2,0,Approve_Keep,0,0.0,None,0,0,Keyword stuffing and hidden redirects on promotional landing page
MOD-2026-10537,2026-09-12 11:50:25,AGENT_03,New Hire (<30d),Hate_Speech,Static_Image,0,Manual_Review,86.4,55.3,0,Approve_Keep,0,0.0,None,0,0,Derogatory slur targeting protected demographic in comment section
MOD-2026-11761,2026-09-12 12:28:23,AGENT_08,Core (1-6mo),Fraud_Scams,Static_Image,0,Manual_Review,70.5,159.0,0,Remove_Delete,0,0.0,None,0,0,Gift card prize sweepstakes scam targeting senior account holders
MOD-2026-10706,2026-09-12 12:45:31,AGENT_05,Core (1-6mo),Hate_Speech,Text_Post,0,Manual_Review,36.8,193.8,0,Approve_Keep,0,0.0,None,0,0,Coordinated brigading comments containing coded discriminatory dogwhistles
MOD-2026-11569,2026-09-12 13:02:01,AGENT_15,Senior (6mo+),Violence_HighRisk,Short_Video,0,Manual_Review,121.0,213.3,1,Escalate,0,0.0,None,0,0,Reported altercation outside transit station with physical violence
MOD-2026-11364,2026-09-12 13:21:12,AGENT_11,Core (1-6mo),Fraud_Scams,Static_Image,0,Manual_Review,40.8,162.2,0,Remove_Delete,0,0.0,None,1,1,Unauthorized credential harvesting page embedded in bio link
MOD-2026-10695,2026-09-12 13:25:04,AGENT_14,Senior (6mo+),Spam_Commercial,Text_Post,0,Manual_Review,13.1,124.6,0,Remove_Delete,0,0.0,None,0,0,Keyword stuffing and hidden redirects on promotional landing page
MOD-2026-11266,2026-09-12 13:34:42,AGENT_09,Core (1-6mo),Fraud_Scams,Static_Image,0,Auto_Approved,4.3,112.6,0,Approve_Keep,0,0.0,None,0,0,Unauthorized credential harvesting page embedded in bio link
MOD-2026-11234,2026-09-12 13:45:17,AGENT_08,Core (1-6mo),Hate_Speech,Text_Post,1,Auto_Rejected,3.6,243.1,1,Remove_Delete,0,0.0,None,0,0,Incitement to boycott and harass private individual based on religion
MOD-2026-12416,2026-09-12 14:05:01,AGENT_10,Core (1-6mo),Hate_Speech,Text_Post,0,Auto_Approved,3.5,96.2,0,Approve_Keep,0,0.0,None,0,0,Derogatory slur targeting protected demographic in comment section
MOD-2026-10123,2026-09-12 14:14:22,AGENT_07,Core (1-6mo),Fraud_Scams,Short_Video,0,Auto_Rejected,3.6,45.6,0,Remove_Delete,0,0.0,None,0,0,Gift card prize sweepstakes scam targeting senior account holders
MOD-2026-10866,2026-09-12 14:16:39,AGENT_02,New Hire (<30d),Hate_Speech,Text_Post,0,Auto_Rejected,4.3,117.3,0,Remove_Delete,0,0.0,None,0,0,Coordinated brigading comments containing coded discriminatory dogwhistles
MOD-2026-10731,2026-09-12 14:27:22,AGENT_15,Senior (6mo+),Fraud_Scams,Static_Image,0,Auto_Approved,3.0,61.1,0,Approve_Keep,0,0.0,None,0,0,Unauthorized credential harvesting page embedded in bio link
MOD-2026-11885,2026-09-12 15:12:10,AGENT_10,Core (1-6mo),Spam_Commercial,Static_Image,0,Manual_Review,41.1,96.8,0,Remove_Delete,0,0.0,None,0,0,Bulk account creation posting duplicate SEO spam articles
MOD-2026-10098,2026-09-12 15:27:06,AGENT_14,Senior (6mo+),Fraud_Scams,Static_Image,0,Auto_Approved,2.6,178.0,0,Approve_Keep,0,0.0,None,0,0,Counterfeit luxury goods listing utilizing stolen trademark imagery
MOD-2026-11442,2026-09-12 15:29:40,AGENT_02,New Hire (<30d),Fraud_Scams,Text_Post,0,Manual_Review,46.7,118.4,0,Remove_Delete,0,0.0,None,0,0,Phishing link impersonating official platform customer verification support
MOD-2026-12716,2026-09-12 15:31:44,AGENT_08,Core (1-6mo),Fraud_Scams,Text_Post,0,Manual_Review,29.5,57.2,0,Account_Suspend,0,0.0,None,0,0,Unauthorized credential harvesting page embedded in bio link
MOD-2026-12769,2026-09-12 15:46:29,AGENT_03,New Hire (<30d),Violence_HighRisk,Static_Image,1,Manual_Review,91.3,140.6,0,Approve_Keep,0,0.0,None,0,0,Self-harm reference in private broadcast requiring immediate crisis triage
MOD-2026-12149,2026-09-12 16:23:29,AGENT_01,New Hire (<30d),Hate_Speech,Text_Post,1,Manual_Review,63.1,120.3,0,Remove_Delete,0,0.0,None,0,0,Derogatory slur targeting protected demographic in comment section
MOD-2026-12310,2026-09-12 16:32:49,AGENT_04,Core (1-6mo),Spam_Commercial,Text_Post,0,Manual_Review,23.1,131.0,0,Approve_Keep,0,0.0,None,0,0,Repetitive bot activity promoting unverified pharmaceutical supplements
MOD-2026-10252,2026-09-12 17:46:16,AGENT_03,New Hire (<30d),Hate_Speech,Short_Video,0,Manual_Review,262.7,307.5,1,Remove_Delete,1,100.0,None,0,0,Derogatory slur targeting protected demographic in comment section
MOD-2026-10839,2026-09-12 17:59:59,AGENT_01,New Hire (<30d),Hate_Speech,Text_Post,1,Manual_Review,57.5,47.6,0,Remove_Delete,0,0.0,None,0,0,Derogatory slur targeting protected demographic in comment section
MOD-2026-10627,2026-09-12 18:04:07,AGENT_05,Core (1-6mo),Emergency_TCO,Short_Video,1,Manual_Review,143.2,44.6,0,Remove_Delete,0,0.0,None,1,0,Coordinated tactical propaganda audio recording flagged by intelligence unit
MOD-2026-10512,2026-09-12 18:25:07,AGENT_12,Senior (6mo+),Fraud_Scams,Text_Post,0,Auto_Rejected,3.1,138.4,0,Remove_Delete,0,0.0,None,0,0,Cryptocurrency investment scheme promising guaranteed 500% daily returns
MOD-2026-11039,2026-09-12 18:38:50,AGENT_10,Core (1-6mo),Hate_Speech,Text_Post,0,Auto_Rejected,3.3,96.8,0,Remove_Delete,0,0.0,None,0,0,Incitement to boycott and harass private individual based on religion
MOD-2026-12071,2026-09-12 18:42:51,AGENT_05,Core (1-6mo),Hate_Speech,Text_Post,1,Auto_Rejected,3.0,290.2,1,Remove_Delete,0,0.0,None,0,0,Coordinated brigading comments containing coded discriminatory dogwhistles
MOD-2026-11335,2026-09-12 18:50:36,AGENT_11,Core (1-6mo),Spam_Commercial,Static_Image,0,Auto_Rejected,5.7,133.3,0,Remove_Delete,0,0.0,None,1,0,Repetitive bot activity promoting unverified pharmaceutical supplements
MOD-2026-10747,2026-09-12 18:52:34,AGENT_14,Senior (6mo+),Hate_Speech,Static_Image,0,Auto_Rejected,2.7,49.9,0,Remove_Delete,0,0.0,None,0,0,Coordinated brigading comments containing coded discriminatory dogwhistles
MOD-2026-11365,2026-09-12 18:54:43,AGENT_01,New Hire (<30d),Emergency_TCO,Static_Image,1,Auto_Rejected,5.0,64.8,1,Remove_Delete,1,100.0,None,0,0,Urgent notice-and-action request under EU 1-hour removal mandate
MOD-2026-10137,2026-09-12 19:26:00,AGENT_13,Senior (6mo+),Violence_HighRisk,Short_Video,0,Auto_Rejected,5.9,140.1,0,Remove_Delete,0,0.0,None,0,0,Threatening physical altercation clip uploaded without contextual warning
MOD-2026-11051,2026-09-12 19:34:09,AGENT_14,Senior (6mo+),Hate_Speech,Text_Post,0,Manual_Review,25.9,153.3,0,Approve_Keep,0,0.0,None,0,0,Coordinated brigading comments containing coded discriminatory dogwhistles
MOD-2026-12796,2026-09-12 19:39:07,AGENT_01,New Hire (<30d),Emergency_TCO,Short_Video,1,Auto_Approved,6.0,43.3,0,Approve_Keep,0,0.0,None,0,0,Emergency legal escalation concerning imminent threat of platform violence
MOD-2026-10372,2026-09-12 19:58:58,AGENT_09,Core (1-6mo),Fraud_Scams,Static_Image,0,Auto_Rejected,3.3,212.8,0,Remove_Delete,0,0.0,None,0,0,Gift card prize sweepstakes scam targeting senior account holders
MOD-2026-11898,2026-09-12 20:06:19,AGENT_06,Core (1-6mo),Hate_Speech,Text_Post,0,Manual_Review,30.1,87.6,0,Content_Warning,0,0.0,None,0,0,Coordinated brigading comments containing coded discriminatory dogwhistles
MOD-2026-10750,2026-09-12 20:25:56,AGENT_07,Core (1-6mo),Hate_Speech,Static_Image,0,Manual_Review,72.5,124.3,0,Approve_Keep,0,0.0,None,0,0,Incitement to boycott and harass private individual based on religion
MOD-2026-10505,2026-09-12 20:26:40,AGENT_15,Senior (6mo+),Violence_HighRisk,Short_Video,1,Tier2_Escalated,201.9,61.2,0,Approve_Keep,0,0.0,None,0,0,Threatening physical altercation clip uploaded without contextual warning
MOD-2026-11946,2026-09-12 20:33:45,AGENT_14,Senior (6mo+),Hate_Speech,Text_Post,0,Manual_Review,35.1,309.8,1,Remove_Delete,0,0.0,None,1,0,Derogatory slur targeting protected demographic in comment section
MOD-2026-10406,2026-09-12 20:40:15,AGENT_12,Senior (6mo+),Emergency_TCO,Live_Stream,1,Manual_Review,244.9,44.2,0,Remove_Delete,0,0.0,None,1,1,Urgent notice-and-action request under EU 1-hour removal mandate
MOD-2026-10988,2026-09-12 20:49:36,AGENT_14,Senior (6mo+),Spam_Commercial,Static_Image,0,Auto_Rejected,2.8,199.1,0,Remove_Delete,0,0.0,None,0,0,Bulk account creation posting duplicate SEO spam articles
MOD-2026-10645,2026-09-12 21:25:08,AGENT_12,Senior (6mo+),Violence_HighRisk,Static_Image,1,Tier2_Escalated,44.2,179.2,0,Remove_Delete,0,0.0,None,0,0,Self-harm reference in private broadcast requiring immediate crisis triage
MOD-2026-10460,2026-09-12 21:34:50,AGENT_10,Core (1-6mo),Hate_Speech,Short_Video,0,Manual_Review,221.3,132.3,0,Remove_Delete,0,0.0,None,0,0,Incitement to boycott and harass private individual based on religion
MOD-2026-12176,2026-09-12 21:57:25,AGENT_04,Core (1-6mo),Fraud_Scams,Text_Post,0,Manual_Review,31.5,42.3,0,Remove_Delete,0,0.0,None,0,0,Cryptocurrency investment scheme promising guaranteed 500% daily returns
MOD-2026-11506,2026-09-12 22:26:09,AGENT_13,Senior (6mo+),Spam_Commercial,Static_Image,0,Manual_Review,29.9,69.7,0,Account_Suspend,0,0.0,None,0,0,Repetitive bot activity promoting unverified pharmaceutical supplements
MOD-2026-11424,2026-09-12 23:01:42,AGENT_02,New Hire (<30d),Hate_Speech,Text_Post,0,Manual_Review,28.8,228.4,0,Remove_Delete,0,0.0,None,0,0,Derogatory slur targeting protected demographic in comment section
MOD-2026-12165,2026-09-12 23:17:14,AGENT_15,Senior (6mo+),Spam_Commercial,Short_Video,0,Auto_Approved,5.9,115.3,0,Approve_Keep,0,0.0,None,0,0,Bulk account creation posting duplicate SEO spam articles
MOD-2026-10995,2026-09-12 23:24:16,AGENT_06,Core (1-6mo),Emergency_TCO,Short_Video,1,Auto_Rejected,5.1,28.3,0,Remove_Delete,1,100.0,None,0,0,Coordinated tactical propaganda audio recording flagged by intelligence unit
MOD-2026-10571,2026-09-12 23:31:53,AGENT_14,Senior (6mo+),Violence_HighRisk,Live_Stream,1,Manual_Review,312.2,222.0,1,Remove_Delete,0,0.0,None,0,0,Reported altercation outside transit station with physical violence
MOD-2026-10458,2026-09-12 23:55:13,AGENT_11,Core (1-6mo),Violence_HighRisk,Short_Video,0,Manual_Review,204.4,126.0,0,Remove_Delete,0,0.0,None,0,0,Self-harm reference in private broadcast requiring immediate crisis triage
MOD-2026-11356,2026-09-13 00:06:41,AGENT_06,Core (1-6mo),Spam_Commercial,Text_Post,0,Manual_Review,14.2,214.9,0,Remove_Delete,0,0.0,None,0,0,Keyword stuffing and hidden redirects on promotional landing page
MOD-2026-11800,2026-09-13 00:23:03,AGENT_08,Core (1-6mo),Hate_Speech,Text_Post,0,Manual_Review,43.2,172.1,0,Content_Warning,0,0.0,None,0,0,Incitement to boycott and harass private individual based on religion
MOD-2026-11239,2026-09-13 00:24:02,AGENT_11,Core (1-6mo),Fraud_Scams,Text_Post,0,Manual_Review,25.8,122.0,0,Remove_Delete,1,100.0,None,0,0,Phishing link impersonating official platform customer verification support
MOD-2026-12442,2026-09-13 00:31:56,AGENT_04,Core (1-6mo),Fraud_Scams,Text_Post,0,Auto_Rejected,4.9,178.7,0,Remove_Delete,0,0.0,None,1,0,Cryptocurrency investment scheme promising guaranteed 500% daily returns
MOD-2026-11598,2026-09-13 00:44:47,AGENT_02,New Hire (<30d),Fraud_Scams,Text_Post,0,Auto_Approved,4.9,187.0,0,Approve_Keep,0,0.0,None,0,0,Counterfeit luxury goods listing utilizing stolen trademark imagery
MOD-2026-12568,2026-09-13 01:21:33,AGENT_06,Core (1-6mo),Emergency_TCO,Live_Stream,1,Manual_Review,225.2,18.5,0,Remove_Delete,0,0.0,None,1,0,Suspected terrorist recruitment video uploaded across multiple hashtags
MOD-2026-10550,2026-09-13 01:30:30,AGENT_06,Core (1-6mo),Spam_Commercial,Text_Post,0,Manual_Review,22.7,160.8,0,Approve_Keep,0,0.0,None,0,0,Bulk account creation posting duplicate SEO spam articles
MOD-2026-12445,2026-09-13 01:40:00,AGENT_10,Core (1-6mo),Violence_HighRisk,Static_Image,1,Auto_Rejected,4.2,147.8,0,Remove_Delete,0,0.0,None,0,0,Threatening physical altercation clip uploaded without contextual warning
MOD-2026-10132,2026-09-13 01:42:18,AGENT_15,Senior (6mo+),Spam_Commercial,Text_Post,0,Auto_Rejected,3.4,187.0,0,Remove_Delete,0,0.0,None,0,0,Keyword stuffing and hidden redirects on promotional landing page
MOD-2026-11850,2026-09-13 01:47:16,AGENT_14,Senior (6mo+),Fraud_Scams,Text_Post,0,Manual_Review,25.6,126.4,0,Content_Warning,0,0.0,None,0,0,Gift card prize sweepstakes scam targeting senior account holders
MOD-2026-11270,2026-09-13 02:11:09,AGENT_08,Core (1-6mo),Violence_HighRisk,Live_Stream,1,Auto_Approved,4.9,34.7,0,Approve_Keep,0,0.0,None,0,0,Graphic injury footage from sports accident flagged by audience
MOD-2026-12213,2026-09-13 02:29:02,AGENT_15,Senior (6mo+),Violence_HighRisk,Text_Post,1,Tier2_Escalated,36.4,67.6,0,Remove_Delete,0,0.0,None,0,0,Dangerous weapons demonstration video flagged for policy violation
MOD-2026-12265,2026-09-13 02:32:19,AGENT_11,Core (1-6mo),Violence_HighRisk,Short_Video,1,Manual_Review,168.7,83.5,0,Escalate,0,0.0,None,0,0,Graphic injury footage from sports accident flagged by audience
MOD-2026-10688,2026-09-13 02:42:15,AGENT_04,Core (1-6mo),Spam_Commercial,Live_Stream,0,Manual_Review,204.1,211.5,0,Remove_Delete,0,0.0,None,0,0,Repetitive bot activity promoting unverified pharmaceutical supplements
MOD-2026-12663,2026-09-13 02:42:31,AGENT_02,New Hire (<30d),Emergency_TCO,Static_Image,1,Manual_Review,73.8,62.5,1,Remove_Delete,1,100.0,None,0,0,Violent extremist manifestos distribution attempt flagged by cross-platform hash
MOD-2026-10529,2026-09-13 03:02:43,AGENT_07,Core (1-6mo),Violence_HighRisk,Text_Post,0,Auto_Rejected,4.4,100.8,0,Remove_Delete,0,0.0,None,0,0,Threatening physical altercation clip uploaded without contextual warning
MOD-2026-10373,2026-09-13 03:32:37,AGENT_03,New Hire (<30d),Hate_Speech,Text_Post,0,Manual_Review,51.3,178.0,0,Remove_Delete,0,0.0,None,0,0,Derogatory slur targeting protected demographic in comment section
MOD-2026-10933,2026-09-13 03:47:38,AGENT_09,Core (1-6mo),Fraud_Scams,Text_Post,0,Auto_Rejected,4.7,200.0,0,Remove_Delete,0,0.0,None,1,0,Cryptocurrency investment scheme promising guaranteed 500% daily returns
MOD-2026-12134,2026-09-13 03:52:06,AGENT_06,Core (1-6mo),Violence_HighRisk,Live_Stream,1,Auto_Approved,5.9,60.0,0,Approve_Keep,0,0.0,None,0,0,Reported altercation outside transit station with physical violence
MOD-2026-12192,2026-09-13 04:05:19,AGENT_01,New Hire (<30d),Spam_Commercial,Text_Post,0,Auto_Approved,3.5,110.9,0,Approve_Keep,0,0.0,None,0,0,Automated script posting identical promotional link 120 times in forum
MOD-2026-10861,2026-09-13 04:07:00,AGENT_09,Core (1-6mo),Spam_Commercial,Text_Post,0,Manual_Review,29.6,141.7,0,Remove_Delete,0,0.0,None,0,0,Unsolicited commercial affiliate marketing message blast
MOD-2026-11718,2026-09-13 04:07:24,AGENT_01,New Hire (<30d),Fraud_Scams,Text_Post,0,Manual_Review,29.3,180.9,0,Approve_Keep,0,0.0,None,0,0,Unauthorized credential harvesting page embedded in bio link
MOD-2026-11409,2026-09-13 04:45:42,AGENT_08,Core (1-6mo),Spam_Commercial,Text_Post,0,Auto_Rejected,5.0,177.5,0,Remove_Delete,0,0.0,None,0,0,Unsolicited commercial affiliate marketing message blast
MOD-2026-12470,2026-09-13 04:50:53,AGENT_07,Core (1-6mo),Spam_Commercial,Static_Image,0,Auto_Rejected,2.9,182.0,0,Remove_Delete,0,0.0,None,0,0,Unsolicited commercial affiliate marketing message blast
MOD-2026-11854,2026-09-13 04:53:04,AGENT_01,New Hire (<30d),Spam_Commercial,Short_Video,0,Auto_Approved,3.4,189.6,0,Approve_Keep,1,100.0,None,0,0,Repetitive bot activity promoting unverified pharmaceutical supplements
MOD-2026-11684,2026-09-13 05:00:57,AGENT_11,Core (1-6mo),Emergency_TCO,Live_Stream,1,Manual_Review,231.5,51.4,0,Remove_Delete,0,0.0,None,0,0,Emergency legal escalation concerning imminent threat of platform violence
MOD-2026-10628,2026-09-13 05:12:14,AGENT_14,Senior (6mo+),Hate_Speech,Text_Post,0,Manual_Review,22.8,144.2,0,Remove_Delete,0,0.0,None,0,0,Incitement to boycott and harass private individual based on religion
MOD-2026-11980,2026-09-13 05:20:42,AGENT_01,New Hire (<30d),Spam_Commercial,Static_Image,0,Auto_Approved,4.1,29.3,0,Approve_Keep,0,0.0,None,0,0,Keyword stuffing and hidden redirects on promotional landing page
MOD-2026-12671,2026-09-13 05:34:41,AGENT_01,New Hire (<30d),Spam_Commercial,Text_Post,0,Manual_Review,21.2,157.1,0,Approve_Keep,0,0.0,None,0,0,Repetitive bot activity promoting unverified pharmaceutical supplements
MOD-2026-11878,2026-09-13 05:45:55,AGENT_01,New Hire (<30d),Violence_HighRisk,Short_Video,0,Manual_Review,199.6,44.4,0,Remove_Delete,1,100.0,None,0,0,Self-harm reference in private broadcast requiring immediate crisis triage
MOD-2026-12682,2026-09-13 05:46:02,AGENT_15,Senior (6mo+),Spam_Commercial,Text_Post,0,Auto_Rejected,3.6,99.8,0,Remove_Delete,1,100.0,None,0,0,Unsolicited commercial affiliate marketing message blast
MOD-2026-10365,2026-09-13 05:58:20,AGENT_03,New Hire (<30d),Violence_HighRisk,Static_Image,0,Auto_Rejected,4.5,42.5,0,Remove_Delete,0,0.0,None,0,0,Self-harm reference in private broadcast requiring immediate crisis triage
MOD-2026-10143,2026-09-13 06:21:00,AGENT_03,New Hire (<30d),Spam_Commercial,Static_Image,0,Auto_Rejected,5.2,93.3,0,Remove_Delete,0,0.0,None,0,0,Keyword stuffing and hidden redirects on promotional landing page
MOD-2026-12130,2026-09-13 06:21:35,AGENT_04,Core (1-6mo),Spam_Commercial,Static_Image,0,Auto_Rejected,5.0,94.5,0,Remove_Delete,0,0.0,None,0,0,Unsolicited commercial affiliate marketing message blast
MOD-2026-12646,2026-09-13 06:22:09,AGENT_02,New Hire (<30d),Hate_Speech,Text_Post,0,Manual_Review,62.7,45.2,0,Remove_Delete,0,0.0,None,0,0,Coordinated brigading comments containing coded discriminatory dogwhistles
MOD-2026-12177,2026-09-13 06:24:12,AGENT_05,Core (1-6mo),Fraud_Scams,Text_Post,0,Manual_Review,18.3,75.5,0,Remove_Delete,0,0.0,None,0,0,Gift card prize sweepstakes scam targeting senior account holders
MOD-2026-10008,2026-09-13 06:27:26,AGENT_10,Core (1-6mo),Hate_Speech,Text_Post,0,Auto_Rejected,4.5,144.5,0,Remove_Delete,0,0.0,None,0,0,Nuanced political satire flagged by automated keyword filter as hate
MOD-2026-11188,2026-09-13 07:10:25,AGENT_01,New Hire (<30d),Spam_Commercial,Static_Image,0,Auto_Approved,5.3,173.7,0,Approve_Keep,1,100.0,None,0,0,Automated script posting identical promotional link 120 times in forum
MOD-2026-12045,2026-09-13 07:22:18,AGENT_13,Senior (6mo+),Fraud_Scams,Static_Image,0,Manual_Review,52.0,62.1,0,Escalate,0,0.0,None,0,0,Counterfeit luxury goods listing utilizing stolen trademark imagery
MOD-2026-10577,2026-09-13 07:26:34,AGENT_06,Core (1-6mo),Violence_HighRisk,Short_Video,1,Manual_Review,246.1,67.5,0,Remove_Delete,0,0.0,None,0,0,Self-harm reference in private broadcast requiring immediate crisis triage
MOD-2026-11214,2026-09-13 07:38:50,AGENT_02,New Hire (<30d),Spam_Commercial,Text_Post,0,Auto_Approved,2.8,57.4,0,Approve_Keep,0,0.0,None,0,0,Unsolicited commercial affiliate marketing message blast
MOD-2026-10681,2026-09-13 07:48:43,AGENT_13,Senior (6mo+),Violence_HighRisk,Short_Video,1,Tier2_Escalated,104.3,251.1,1,Remove_Delete,0,0.0,None,0,0,Reported altercation outside transit station with physical violence
MOD-2026-11828,2026-09-13 08:00:11,AGENT_10,Core (1-6mo),Spam_Commercial,Text_Post,0,Auto_Rejected,4.5,50.2,0,Remove_Delete,0,0.0,None,0,0,Keyword stuffing and hidden redirects on promotional landing page
MOD-2026-11122,2026-09-13 08:10:09,AGENT_10,Core (1-6mo),Spam_Commercial,Text_Post,0,Auto_Approved,3.1,40.0,0,Approve_Keep,0,0.0,None,0,0,Unsolicited commercial affiliate marketing message blast
MOD-2026-12195,2026-09-13 08:14:12,AGENT_06,Core (1-6mo),Fraud_Scams,Text_Post,0,Manual_Review,21.9,64.4,0,Approve_Keep,0,0.0,None,0,0,Cryptocurrency investment scheme promising guaranteed 500% daily returns
MOD-2026-11099,2026-09-13 08:55:17,AGENT_05,Core (1-6mo),Hate_Speech,Static_Image,0,Auto_Rejected,3.9,159.7,0,Remove_Delete,0,0.0,None,0,0,Nuanced political satire flagged by automated keyword filter as hate
MOD-2026-11552,2026-09-13 09:28:24,AGENT_02,New Hire (<30d),Violence_HighRisk,Text_Post,1,Manual_Review,60.0,223.1,1,Remove_Delete,0,0.0,None,0,0,Graphic injury footage from sports accident flagged by audience
MOD-2026-10461,2026-09-13 09:32:46,AGENT_07,Core (1-6mo),Spam_Commercial,Static_Image,0,Manual_Review,54.4,80.7,0,Remove_Delete,0,0.0,None,0,0,Repetitive bot activity promoting unverified pharmaceutical supplements
MOD-2026-12180,2026-09-13 09:39:29,AGENT_12,Senior (6mo+),Violence_HighRisk,Short_Video,1,Tier2_Escalated,197.7,130.4,0,Approve_Keep,0,0.0,None,0,0,Graphic injury footage from sports accident flagged by audience
MOD-2026-11584,2026-09-13 09:45:33,AGENT_15,Senior (6mo+),Violence_HighRisk,Live_Stream,1,Auto_Rejected,2.7,150.1,0,Remove_Delete,0,0.0,None,0,0,Reported altercation outside transit station with physical violence
MOD-2026-11349,2026-09-13 09:53:03,AGENT_15,Senior (6mo+),Hate_Speech,Text_Post,0,Auto_Approved,3.7,138.5,0,Approve_Keep,0,0.0,None,0,0,Nuanced political satire flagged by automated keyword filter as hate
MOD-2026-10624,2026-09-13 10:02:08,AGENT_04,Core (1-6mo),Violence_HighRisk,Live_Stream,1,Manual_Review,313.9,187.4,1,Remove_Delete,1,100.0,None,0,0,Threatening physical altercation clip uploaded without contextual warning
MOD-2026-11276,2026-09-13 10:13:59,AGENT_13,Senior (6mo+),Fraud_Scams,Short_Video,0,Auto_Approved,4.3,217.5,0,Approve_Keep,0,0.0,None,0,0,Cryptocurrency investment scheme promising guaranteed 500% daily returns
MOD-2026-10348,2026-09-13 10:36:05,AGENT_13,Senior (6mo+),Spam_Commercial,Static_Image,0,Auto_Approved,3.8,110.5,0,Approve_Keep,0,0.0,None,0,0,Keyword stuffing and hidden redirects on promotional landing page
MOD-2026-11084,2026-09-13 10:42:55,AGENT_04,Core (1-6mo),Fraud_Scams,Short_Video,0,Auto_Rejected,3.2,80.6,0,Remove_Delete,0,0.0,None,0,0,Gift card prize sweepstakes scam targeting senior account holders
MOD-2026-12024,2026-09-13 10:57:52,AGENT_08,Core (1-6mo),Violence_HighRisk,Static_Image,0,Manual_Review,64.1,92.7,0,Remove_Delete,0,0.0,None,0,0,Reported altercation outside transit station with physical violence
MOD-2026-12472,2026-09-13 10:58:20,AGENT_07,Core (1-6mo),Spam_Commercial,Static_Image,0,Manual_Review,54.9,171.8,0,Remove_Delete,0,0.0,None,0,0,Bulk account creation posting duplicate SEO spam articles
MOD-2026-11874,2026-09-13 10:58:41,AGENT_04,Core (1-6mo),Fraud_Scams,Text_Post,0,Manual_Review,26.6,87.5,0,Remove_Delete,0,0.0,None,0,0,Gift card prize sweepstakes scam targeting senior account holders
MOD-2026-12000,2026-09-13 11:01:39,AGENT_13,Senior (6mo+),Spam_Commercial,Static_Image,0,Manual_Review,26.4,150.4,0,Approve_Keep,1,100.0,None,0,0,Keyword stuffing and hidden redirects on promotional landing page
MOD-2026-10663,2026-09-13 11:06:23,AGENT_09,Core (1-6mo),Spam_Commercial,Text_Post,0,Auto_Approved,4.7,108.4,0,Approve_Keep,0,0.0,None,0,0,Bulk account creation posting duplicate SEO spam articles
MOD-2026-11366,2026-09-13 11:15:10,AGENT_06,Core (1-6mo),Spam_Commercial,Static_Image,0,Manual_Review,52.8,95.7,0,Remove_Delete,0,0.0,None,0,0,Unsolicited commercial affiliate marketing message blast
MOD-2026-12147,2026-09-13 11:24:04,AGENT_13,Senior (6mo+),Hate_Speech,Text_Post,0,Manual_Review,37.1,195.3,0,Remove_Delete,0,0.0,None,0,0,Dehumanizing memes comparing ethnic groups to biological pests
MOD-2026-10130,2026-09-13 11:40:25,AGENT_14,Senior (6mo+),Spam_Commercial,Text_Post,0,Manual_Review,16.1,89.9,0,Approve_Keep,1,100.0,None,0,0,Unsolicited commercial affiliate marketing message blast
MOD-2026-11730,2026-09-13 11:46:18,AGENT_08,Core (1-6mo),Spam_Commercial,Text_Post,0,Auto_Rejected,5.8,178.9,0,Remove_Delete,1,100.0,None,0,0,Automated script posting identical promotional link 120 times in forum
MOD-2026-10041,2026-09-13 11:55:59,AGENT_13,Senior (6mo+),Fraud_Scams,Text_Post,0,Manual_Review,32.2,175.7,0,Remove_Delete,0,0.0,None,0,0,Unauthorized credential harvesting page embedded in bio link
MOD-2026-11332,2026-09-13 12:03:34,AGENT_13,Senior (6mo+),Violence_HighRisk,Short_Video,1,Auto_Approved,3.6,85.0,0,Approve_Keep,0,0.0,None,0,0,Threatening physical altercation clip uploaded without contextual warning
MOD-2026-12703,2026-09-13 12:11:44,AGENT_10,Core (1-6mo),Fraud_Scams,Static_Image,0,Auto_Approved,4.2,206.5,0,Approve_Keep,1,100.0,None,0,0,Counterfeit luxury goods listing utilizing stolen trademark imagery
MOD-2026-11338,2026-09-13 12:12:22,AGENT_09,Core (1-6mo),Hate_Speech,Static_Image,0,Manual_Review,58.0,190.4,0,Remove_Delete,0,0.0,None,0,0,Derogatory slur targeting protected demographic in comment section
MOD-2026-10557,2026-09-13 12:22:44,AGENT_11,Core (1-6mo),Fraud_Scams,Short_Video,0,Manual_Review,91.8,103.3,0,Remove_Delete,0,0.0,None,0,0,Unauthorized credential harvesting page embedded in bio link
MOD-2026-10836,2026-09-13 12:49:18,AGENT_03,New Hire (<30d),Spam_Commercial,Text_Post,0,Auto_Approved,3.1,133.9,0,Approve_Keep,0,0.0,None,0,0,Unsolicited commercial affiliate marketing message blast
MOD-2026-10531,2026-09-13 13:32:36,AGENT_12,Senior (6mo+),Spam_Commercial,Text_Post,0,Auto_Approved,4.8,114.2,0,Approve_Keep,0,0.0,None,0,0,Automated script posting identical promotional link 120 times in forum
MOD-2026-12578,2026-09-13 13:48:06,AGENT_04,Core (1-6mo),Hate_Speech,Text_Post,0,Manual_Review,46.9,109.5,0,Approve_Keep,0,0.0,None,0,0,Dehumanizing memes comparing ethnic groups to biological pests
MOD-2026-10491,2026-09-13 13:58:16,AGENT_02,New Hire (<30d),Violence_HighRisk,Static_Image,0,Manual_Review,67.4,110.6,0,Remove_Delete,0,0.0,None,0,0,Graphic injury footage from sports accident flagged by audience
MOD-2026-11204,2026-09-13 14:09:49,AGENT_11,Core (1-6mo),Violence_HighRisk,Live_Stream,0,Auto_Rejected,5.0,248.2,1,Remove_Delete,1,100.0,None,0,0,Reported altercation outside transit station with physical violence
MOD-2026-11508,2026-09-13 14:20:01,AGENT_05,Core (1-6mo),Spam_Commercial,Text_Post,0,Auto_Approved,4.5,99.0,0,Approve_Keep,0,0.0,None,0,0,Repetitive bot activity promoting unverified pharmaceutical supplements
MOD-2026-12786,2026-09-13 14:28:23,AGENT_04,Core (1-6mo),Spam_Commercial,Static_Image,0,Manual_Review,45.2,116.7,0,Remove_Delete,0,0.0,None,0,0,Bulk account creation posting duplicate SEO spam articles
MOD-2026-11394,2026-09-13 14:30:02,AGENT_13,Senior (6mo+),Emergency_TCO,Static_Image,1,Manual_Review,75.9,53.7,0,Content_Warning,0,0.0,None,1,0,Emergency legal escalation concerning imminent threat of platform violence
MOD-2026-11462,2026-09-13 14:39:57,AGENT_08,Core (1-6mo),Spam_Commercial,Text_Post,0,Auto_Rejected,3.0,186.8,0,Remove_Delete,0,0.0,None,0,0,Bulk account creation posting duplicate SEO spam articles
MOD-2026-10844,2026-09-13 15:01:08,AGENT_05,Core (1-6mo),Spam_Commercial,Static_Image,0,Auto_Rejected,2.9,203.2,0,Remove_Delete,0,0.0,None,0,0,Automated script posting identical promotional link 120 times in forum
MOD-2026-10605,2026-09-13 15:18:48,AGENT_07,Core (1-6mo),Spam_Commercial,Static_Image,0,Manual_Review,33.3,186.0,0,Approve_Keep,0,0.0,None,0,0,Bulk account creation posting duplicate SEO spam articles
MOD-2026-12489,2026-09-13 15:23:38,AGENT_06,Core (1-6mo),Spam_Commercial,Text_Post,0,Auto_Approved,5.8,136.6,0,Approve_Keep,0,0.0,None,0,0,Keyword stuffing and hidden redirects on promotional landing page
MOD-2026-12606,2026-09-13 15:49:45,AGENT_06,Core (1-6mo),Hate_Speech,Text_Post,0,Manual_Review,20.9,299.1,1,Remove_Delete,1,100.0,None,1,0,Derogatory slur targeting protected demographic in comment section
MOD-2026-11504,2026-09-13 15:50:53,AGENT_14,Senior (6mo+),Spam_Commercial,Text_Post,0,Auto_Approved,5.0,112.1,0,Approve_Keep,0,0.0,None,0,0,Unsolicited commercial affiliate marketing message blast
MOD-2026-12093,2026-09-13 15:51:18,AGENT_11,Core (1-6mo),Hate_Speech,Text_Post,1,Auto_Approved,4.6,218.8,0,Approve_Keep,0,0.0,None,0,0,Derogatory slur targeting protected demographic in comment section
MOD-2026-11221,2026-09-13 15:58:22,AGENT_07,Core (1-6mo),Fraud_Scams,Text_Post,0,Auto_Approved,3.4,59.6,0,Approve_Keep,0,0.0,None,0,0,Cryptocurrency investment scheme promising guaranteed 500% daily returns
MOD-2026-12114,2026-09-13 16:34:59,AGENT_12,Senior (6mo+),Hate_Speech,Short_Video,0,Tier2_Escalated,157.5,222.6,0,Remove_Delete,0,0.0,None,0,0,Dehumanizing memes comparing ethnic groups to biological pests
MOD-2026-11104,2026-09-13 16:49:40,AGENT_09,Core (1-6mo),Spam_Commercial,Text_Post,0,Auto_Rejected,3.4,134.5,0,Remove_Delete,0,0.0,None,0,0,Keyword stuffing and hidden redirects on promotional landing page
MOD-2026-10462,2026-09-13 17:02:34,AGENT_13,Senior (6mo+),Spam_Commercial,Text_Post,0,Auto_Approved,4.7,141.1,0,Approve_Keep,0,0.0,None,0,0,Keyword stuffing and hidden redirects on promotional landing page
MOD-2026-12775,2026-09-13 17:18:41,AGENT_09,Core (1-6mo),Fraud_Scams,Text_Post,0,Auto_Rejected,4.6,201.4,0,Remove_Delete,0,0.0,None,0,0,Unauthorized credential harvesting page embedded in bio link
MOD-2026-11857,2026-09-13 17:20:04,AGENT_10,Core (1-6mo),Spam_Commercial,Static_Image,0,Auto_Rejected,3.5,20.2,0,Remove_Delete,0,0.0,None,0,0,Automated script posting identical promotional link 120 times in forum
MOD-2026-11241,2026-09-13 17:23:27,AGENT_05,Core (1-6mo),Fraud_Scams,Short_Video,0,Manual_Review,125.5,94.9,0,Remove_Delete,0,0.0,None,0,0,Counterfeit luxury goods listing utilizing stolen trademark imagery
MOD-2026-10863,2026-09-13 17:33:37,AGENT_01,New Hire (<30d),Fraud_Scams,Live_Stream,0,Auto_Approved,5.5,129.4,0,Approve_Keep,0,0.0,None,0,0,Phishing link impersonating official platform customer verification support
MOD-2026-10254,2026-09-13 17:53:08,AGENT_13,Senior (6mo+),Hate_Speech,Text_Post,0,Auto_Rejected,3.6,206.3,0,Remove_Delete,0,0.0,None,0,0,Derogatory slur targeting protected demographic in comment section
MOD-2026-10045,2026-09-13 18:01:51,AGENT_09,Core (1-6mo),Spam_Commercial,Text_Post,0,Auto_Rejected,2.7,186.6,0,Remove_Delete,0,0.0,None,0,0,Automated script posting identical promotional link 120 times in forum
MOD-2026-10446,2026-09-13 18:29:16,AGENT_10,Core (1-6mo),Violence_HighRisk,Short_Video,1,Manual_Review,193.4,50.7,0,Remove_Delete,0,0.0,None,0,0,Graphic injury footage from sports accident flagged by audience
MOD-2026-11751,2026-09-13 18:45:07,AGENT_10,Core (1-6mo),Spam_Commercial,Text_Post,0,Auto_Rejected,4.9,39.3,0,Remove_Delete,0,0.0,None,0,0,Automated script posting identical promotional link 120 times in forum
MOD-2026-10144,2026-09-13 18:46:06,AGENT_13,Senior (6mo+),Fraud_Scams,Short_Video,0,Auto_Rejected,3.0,93.4,0,Remove_Delete,0,0.0,None,0,0,Phishing link impersonating official platform customer verification support
MOD-2026-10827,2026-09-13 19:02:28,AGENT_15,Senior (6mo+),Violence_HighRisk,Static_Image,1,Auto_Rejected,5.5,158.9,0,Remove_Delete,0,0.0,None,0,0,Reported altercation outside transit station with physical violence
MOD-2026-10353,2026-09-13 19:04:38,AGENT_11,Core (1-6mo),Spam_Commercial,Text_Post,0,Manual_Review,21.6,152.4,0,Remove_Delete,0,0.0,None,0,0,Repetitive bot activity promoting unverified pharmaceutical supplements
MOD-2026-12068,2026-09-13 19:36:56,AGENT_10,Core (1-6mo),Hate_Speech,Short_Video,1,Manual_Review,216.6,159.7,0,Remove_Delete,0,0.0,None,1,0,Incitement to boycott and harass private individual based on religion
MOD-2026-11685,2026-09-13 19:45:09,AGENT_14,Senior (6mo+),Spam_Commercial,Static_Image,0,Auto_Rejected,5.1,90.7,0,Remove_Delete,1,100.0,None,0,0,Repetitive bot activity promoting unverified pharmaceutical supplements
MOD-2026-11996,2026-09-13 19:47:44,AGENT_12,Senior (6mo+),Fraud_Scams,Static_Image,0,Manual_Review,48.6,63.1,0,Remove_Delete,0,0.0,None,0,0,Unauthorized credential harvesting page embedded in bio link
MOD-2026-10031,2026-09-13 20:04:03,AGENT_13,Senior (6mo+),Spam_Commercial,Text_Post,0,Auto_Approved,5.6,25.0,0,Approve_Keep,0,0.0,None,0,0,Repetitive bot activity promoting unverified pharmaceutical supplements
MOD-2026-10125,2026-09-13 20:31:27,AGENT_14,Senior (6mo+),Violence_HighRisk,Live_Stream,1,Manual_Review,298.2,151.1,0,Remove_Delete,0,0.0,None,0,0,Self-harm reference in private broadcast requiring immediate crisis triage
MOD-2026-10639,2026-09-13 20:40:09,AGENT_02,New Hire (<30d),Spam_Commercial,Text_Post,0,Auto_Rejected,4.0,201.4,0,Remove_Delete,0,0.0,None,0,0,Unsolicited commercial affiliate marketing message blast
MOD-2026-12613,2026-09-13 21:13:04,AGENT_10,Core (1-6mo),Violence_HighRisk,Static_Image,1,Manual_Review,51.6,146.6,0,Remove_Delete,0,0.0,None,0,0,Threatening physical altercation clip uploaded without contextual warning
MOD-2026-11729,2026-09-13 21:13:51,AGENT_06,Core (1-6mo),Hate_Speech,Text_Post,0,Manual_Review,30.7,253.5,1,Approve_Keep,0,0.0,None,0,0,Coordinated brigading comments containing coded discriminatory dogwhistles
MOD-2026-11881,2026-09-13 21:16:23,AGENT_10,Core (1-6mo),Spam_Commercial,Short_Video,0,Auto_Rejected,6.0,164.4,0,Remove_Delete,0,0.0,None,0,0,Repetitive bot activity promoting unverified pharmaceutical supplements
MOD-2026-10870,2026-09-13 21:27:05,AGENT_10,Core (1-6mo),Spam_Commercial,Text_Post,0,Auto_Approved,4.6,96.1,0,Approve_Keep,0,0.0,None,0,0,Repetitive bot activity promoting unverified pharmaceutical supplements
MOD-2026-11981,2026-09-13 21:50:29,AGENT_01,New Hire (<30d),Hate_Speech,Text_Post,0,Auto_Approved,4.4,187.3,0,Approve_Keep,0,0.0,None,0,0,Derogatory slur targeting protected demographic in comment section
MOD-2026-11233,2026-09-13 22:53:35,AGENT_05,Core (1-6mo),Fraud_Scams,Static_Image,0,Auto_Approved,3.2,141.3,0,Approve_Keep,0,0.0,None,0,0,Gift card prize sweepstakes scam targeting senior account holders
MOD-2026-10269,2026-09-13 23:38:06,AGENT_10,Core (1-6mo),Spam_Commercial,Text_Post,0,Auto_Rejected,5.4,85.6,0,Remove_Delete,1,100.0,None,0,0,Keyword stuffing and hidden redirects on promotional landing page
MOD-2026-12141,2026-09-13 23:44:27,AGENT_15,Senior (6mo+),Hate_Speech,Text_Post,0,Auto_Approved,3.6,118.3,0,Approve_Keep,0,0.0,None,0,0,Incitement to boycott and harass private individual based on religion
MOD-2026-11201,2026-09-14 00:24:36,AGENT_05,Core (1-6mo),Fraud_Scams,Static_Image,0,Manual_Review,63.7,200.7,0,Account_Suspend,0,0.0,None,0,0,Unauthorized credential harvesting page embedded in bio link
MOD-2026-11515,2026-09-14 00:46:50,AGENT_04,Core (1-6mo),Spam_Commercial,Static_Image,0,Auto_Rejected,5.5,26.5,0,Remove_Delete,1,80.0,Wrong_Selection,0,0,Bulk account creation posting duplicate SEO spam articles
MOD-2026-10121,2026-09-14 00:57:09,AGENT_11,Core (1-6mo),Hate_Speech,Short_Video,0,Manual_Review,177.0,262.0,1,Remove_Delete,1,100.0,None,0,0,Incitement to boycott and harass private individual based on religion
MOD-2026-11134,2026-09-14 00:57:24,AGENT_14,Senior (6mo+),Violence_HighRisk,Static_Image,1,Manual_Review,74.8,194.7,1,Remove_Delete,0,0.0,None,0,0,Dangerous weapons demonstration video flagged for policy violation
MOD-2026-10732,2026-09-14 00:59:36,AGENT_09,Core (1-6mo),Fraud_Scams,Short_Video,0,Manual_Review,179.2,111.8,0,Remove_Delete,0,0.0,None,0,0,Unauthorized credential harvesting page embedded in bio link
MOD-2026-12757,2026-09-14 01:07:05,AGENT_14,Senior (6mo+),Violence_HighRisk,Live_Stream,1,Tier2_Escalated,274.8,128.9,0,Account_Suspend,1,100.0,None,0,0,Threatening physical altercation clip uploaded without contextual warning
MOD-2026-11384,2026-09-14 01:19:43,AGENT_09,Core (1-6mo),Fraud_Scams,Text_Post,0,Auto_Rejected,5.5,104.1,0,Remove_Delete,1,100.0,None,1,0,Unauthorized credential harvesting page embedded in bio link
MOD-2026-10540,2026-09-14 02:08:00,AGENT_05,Core (1-6mo),Fraud_Scams,Text_Post,0,Manual_Review,23.0,70.3,0,Remove_Delete,0,0.0,None,0,0,Phishing link impersonating official platform customer verification support
MOD-2026-11859,2026-09-14 02:08:41,AGENT_12,Senior (6mo+),Emergency_TCO,Static_Image,1,Tier2_Escalated,34.4,20.2,0,Remove_Delete,0,0.0,None,0,0,Urgent notice-and-action request under EU 1-hour removal mandate
MOD-2026-12559,2026-09-14 02:46:37,AGENT_03,New Hire (<30d),Hate_Speech,Text_Post,1,Manual_Review,50.5,88.1,0,Approve_Keep,0,0.0,None,0,0,Coordinated brigading comments containing coded discriminatory dogwhistles
MOD-2026-10854,2026-09-14 02:49:11,AGENT_14,Senior (6mo+),Violence_HighRisk,Live_Stream,1,Tier2_Escalated,327.1,145.4,0,Remove_Delete,0,0.0,None,0,0,Reported altercation outside transit station with physical violence
MOD-2026-11148,2026-09-14 03:06:12,AGENT_07,Core (1-6mo),Hate_Speech,Static_Image,0,Auto_Rejected,5.2,92.3,0,Remove_Delete,0,0.0,None,1,0,Coordinated brigading comments containing coded discriminatory dogwhistles
MOD-2026-10561,2026-09-14 03:20:01,AGENT_14,Senior (6mo+),Spam_Commercial,Text_Post,0,Manual_Review,19.6,200.9,0,Remove_Delete,0,0.0,None,0,0,Repetitive bot activity promoting unverified pharmaceutical supplements
MOD-2026-12567,2026-09-14 03:26:54,AGENT_08,Core (1-6mo),Spam_Commercial,Text_Post,0,Auto_Approved,2.5,40.7,0,Approve_Keep,0,0.0,None,0,0,Automated script posting identical promotional link 120 times in forum
MOD-2026-11443,2026-09-14 03:32:44,AGENT_13,Senior (6mo+),Fraud_Scams,Short_Video,0,Auto_Approved,3.9,124.8,0,Approve_Keep,0,0.0,None,0,0,Phishing link impersonating official platform customer verification support
MOD-2026-11187,2026-09-14 03:41:33,AGENT_07,Core (1-6mo),Violence_HighRisk,Live_Stream,1,Manual_Review,335.2,34.0,0,Remove_Delete,0,0.0,None,0,0,Reported altercation outside transit station with physical violence
MOD-2026-12164,2026-09-14 04:14:41,AGENT_12,Senior (6mo+),Emergency_TCO,Short_Video,1,Tier2_Escalated,136.3,22.2,0,Account_Suspend,0,0.0,None,0,0,Violent extremist manifestos distribution attempt flagged by cross-platform hash
MOD-2026-11903,2026-09-14 04:44:27,AGENT_07,Core (1-6mo),Fraud_Scams,Text_Post,0,Manual_Review,35.1,100.6,0,Remove_Delete,0,0.0,None,0,0,Counterfeit luxury goods listing utilizing stolen trademark imagery
MOD-2026-10472,2026-09-14 04:53:17,AGENT_07,Core (1-6mo),Spam_Commercial,Text_Post,0,Auto_Rejected,5.1,212.2,0,Remove_Delete,0,0.0,None,0,0,Unsolicited commercial affiliate marketing message blast
MOD-2026-12783,2026-09-14 05:06:01,AGENT_02,New Hire (<30d),Hate_Speech,Short_Video,0,Manual_Review,260.1,233.0,0,Approve_Keep,1,0.0,False_Negative,0,0,Dehumanizing memes comparing ethnic groups to biological pests
MOD-2026-11121,2026-09-14 05:10:44,AGENT_14,Senior (6mo+),Violence_HighRisk,Static_Image,1,Manual_Review,44.2,103.8,0,Content_Warning,0,0.0,None,0,0,Reported altercation outside transit station with physical violence
MOD-2026-11215,2026-09-14 05:14:13,AGENT_11,Core (1-6mo),Hate_Speech,Short_Video,0,Manual_Review,138.2,162.3,0,Content_Warning,0,0.0,None,0,0,Incitement to boycott and harass private individual based on religion
MOD-2026-12638,2026-09-14 05:14:35,AGENT_12,Senior (6mo+),Spam_Commercial,Text_Post,0,Auto_Rejected,4.8,215.9,0,Remove_Delete,0,0.0,None,0,0,Keyword stuffing and hidden redirects on promotional landing page
MOD-2026-12023,2026-09-14 05:55:10,AGENT_02,New Hire (<30d),Spam_Commercial,Text_Post,0,Auto_Rejected,3.9,79.1,0,Remove_Delete,0,0.0,None,0,0,Unsolicited commercial affiliate marketing message blast
MOD-2026-12063,2026-09-14 06:18:55,AGENT_15,Senior (6mo+),Violence_HighRisk,Static_Image,1,Manual_Review,44.8,144.5,0,Approve_Keep,0,0.0,None,0,0,Dangerous weapons demonstration video flagged for policy violation
MOD-2026-10699,2026-09-14 07:38:05,AGENT_07,Core (1-6mo),Hate_Speech,Text_Post,0,Auto_Approved,4.6,217.2,0,Approve_Keep,0,0.0,None,0,0,Incitement to boycott and harass private individual based on religion
MOD-2026-12466,2026-09-14 08:12:08,AGENT_07,Core (1-6mo),Fraud_Scams,Text_Post,0,Manual_Review,28.3,154.5,0,Remove_Delete,0,0.0,None,0,0,Gift card prize sweepstakes scam targeting senior account holders
MOD-2026-10014,2026-09-14 08:23:12,AGENT_09,Core (1-6mo),Hate_Speech,Short_Video,0,Auto_Rejected,4.9,241.1,1,Remove_Delete,0,0.0,None,0,0,Incitement to boycott and harass private individual based on religion
MOD-2026-11313,2026-09-14 09:20:25,AGENT_01,New Hire (<30d),Violence_HighRisk,Static_Image,0,Manual_Review,55.9,80.3,0,Remove_Delete,1,100.0,None,0,0,Threatening physical altercation clip uploaded without contextual warning
MOD-2026-12575,2026-09-14 09:24:21,AGENT_06,Core (1-6mo),Spam_Commercial,Text_Post,0,Manual_Review,13.5,100.5,0,Approve_Keep,0,0.0,None,0,0,Automated script posting identical promotional link 120 times in forum
MOD-2026-10020,2026-09-14 09:45:59,AGENT_03,New Hire (<30d),Hate_Speech,Text_Post,0,Manual_Review,38.9,316.0,1,Approve_Keep,0,0.0,None,0,0,Nuanced political satire flagged by automated keyword filter as hate
MOD-2026-12510,2026-09-14 10:14:28,AGENT_01,New Hire (<30d),Hate_Speech,Live_Stream,0,Manual_Review,359.9,313.0,1,Remove_Delete,0,0.0,None,0,0,Incitement to boycott and harass private individual based on religion
MOD-2026-11804,2026-09-14 10:28:49,AGENT_06,Core (1-6mo),Spam_Commercial,Text_Post,0,Auto_Rejected,4.5,105.0,0,Remove_Delete,0,0.0,None,0,0,Repetitive bot activity promoting unverified pharmaceutical supplements
MOD-2026-11964,2026-09-14 10:29:45,AGENT_05,Core (1-6mo),Fraud_Scams,Text_Post,0,Manual_Review,26.0,159.5,0,Remove_Delete,0,0.0,None,0,0,Counterfeit luxury goods listing utilizing stolen trademark imagery
MOD-2026-10576,2026-09-14 10:43:38,AGENT_11,Core (1-6mo),Fraud_Scams,Short_Video,0,Manual_Review,175.8,74.3,0,Remove_Delete,0,0.0,None,0,0,Counterfeit luxury goods listing utilizing stolen trademark imagery
MOD-2026-11655,2026-09-14 10:53:21,AGENT_03,New Hire (<30d),Fraud_Scams,Text_Post,0,Auto_Approved,5.4,37.7,0,Approve_Keep,0,0.0,None,0,0,Counterfeit luxury goods listing utilizing stolen trademark imagery
MOD-2026-10358,2026-09-14 11:01:44,AGENT_11,Core (1-6mo),Emergency_TCO,Short_Video,1,Manual_Review,120.5,55.2,0,Content_Warning,0,0.0,None,0,0,Suspected terrorist recruitment video uploaded across multiple hashtags
MOD-2026-12721,2026-09-14 11:13:25,AGENT_08,Core (1-6mo),Spam_Commercial,Text_Post,0,Manual_Review,13.4,166.7,0,Content_Warning,0,0.0,None,0,0,Automated script posting identical promotional link 120 times in forum
MOD-2026-10535,2026-09-14 11:47:36,AGENT_15,Senior (6mo+),Fraud_Scams,Static_Image,0,Manual_Review,45.8,46.7,0,Content_Warning,0,0.0,None,0,0,Cryptocurrency investment scheme promising guaranteed 500% daily returns
MOD-2026-11847,2026-09-14 11:56:06,AGENT_12,Senior (6mo+),Violence_HighRisk,Static_Image,0,Manual_Review,41.3,33.3,0,Content_Warning,1,100.0,None,0,0,Reported altercation outside transit station with physical violence
MOD-2026-11619,2026-09-14 11:57:20,AGENT_15,Senior (6mo+),Fraud_Scams,Static_Image,0,Manual_Review,33.3,183.5,0,Account_Suspend,0,0.0,None,1,0,Phishing link impersonating official platform customer verification support
MOD-2026-12781,2026-09-14 12:22:55,AGENT_15,Senior (6mo+),Fraud_Scams,Short_Video,0,Auto_Approved,6.0,206.2,0,Approve_Keep,0,0.0,None,0,0,Unauthorized credential harvesting page embedded in bio link
MOD-2026-12667,2026-09-14 12:44:09,AGENT_04,Core (1-6mo),Spam_Commercial,Short_Video,0,Auto_Rejected,4.7,92.9,0,Remove_Delete,0,0.0,None,0,0,Repetitive bot activity promoting unverified pharmaceutical supplements
MOD-2026-11081,2026-09-14 12:50:42,AGENT_08,Core (1-6mo),Hate_Speech,Static_Image,1,Auto_Rejected,2.8,221.6,0,Remove_Delete,1,100.0,None,0,0,Dehumanizing memes comparing ethnic groups to biological pests
MOD-2026-11345,2026-09-14 12:55:32,AGENT_15,Senior (6mo+),Fraud_Scams,Static_Image,0,Manual_Review,40.3,165.8,0,Remove_Delete,0,0.0,None,0,0,Gift card prize sweepstakes scam targeting senior account holders
MOD-2026-11038,2026-09-14 13:17:25,AGENT_02,New Hire (<30d),Spam_Commercial,Text_Post,0,Auto_Approved,5.8,81.6,0,Approve_Keep,0,0.0,None,0,0,Unsolicited commercial affiliate marketing message blast
MOD-2026-11923,2026-09-14 13:39:07,AGENT_14,Senior (6mo+),Violence_HighRisk,Text_Post,0,Auto_Rejected,4.6,68.2,0,Remove_Delete,0,0.0,None,0,0,Graphic injury footage from sports accident flagged by audience
MOD-2026-12728,2026-09-14 14:18:54,AGENT_15,Senior (6mo+),Fraud_Scams,Static_Image,0,Manual_Review,57.7,82.4,0,Remove_Delete,0,0.0,None,0,0,Cryptocurrency investment scheme promising guaranteed 500% daily returns
MOD-2026-10940,2026-09-14 14:58:04,AGENT_08,Core (1-6mo),Fraud_Scams,Static_Image,0,Auto_Rejected,4.8,211.8,0,Remove_Delete,0,0.0,None,0,0,Unauthorized credential harvesting page embedded in bio link
MOD-2026-10153,2026-09-14 15:27:47,AGENT_14,Senior (6mo+),Fraud_Scams,Static_Image,0,Manual_Review,59.6,28.2,0,Account_Suspend,1,100.0,None,0,0,Counterfeit luxury goods listing utilizing stolen trademark imagery
MOD-2026-11921,2026-09-14 15:58:53,AGENT_06,Core (1-6mo),Fraud_Scams,Text_Post,0,Manual_Review,40.6,137.6,0,Remove_Delete,0,0.0,None,0,0,Phishing link impersonating official platform customer verification support
MOD-2026-10560,2026-09-14 16:05:17,AGENT_05,Core (1-6mo),Spam_Commercial,Text_Post,0,Auto_Approved,2.7,90.6,0,Approve_Keep,0,0.0,None,0,0,Unsolicited commercial affiliate marketing message blast
MOD-2026-12627,2026-09-14 16:07:13,AGENT_06,Core (1-6mo),Fraud_Scams,Text_Post,0,Manual_Review,35.6,78.1,0,Remove_Delete,0,0.0,None,0,0,Phishing link impersonating official platform customer verification support
MOD-2026-11292,2026-09-14 16:12:38,AGENT_10,Core (1-6mo),Spam_Commercial,Static_Image,0,Auto_Approved,3.1,134.2,0,Approve_Keep,0,0.0,None,0,0,Repetitive bot activity promoting unverified pharmaceutical supplements
MOD-2026-12529,2026-09-14 16:13:15,AGENT_05,Core (1-6mo),Spam_Commercial,Text_Post,0,Auto_Approved,5.6,192.0,0,Approve_Keep,0,0.0,None,0,0,Bulk account creation posting duplicate SEO spam articles
MOD-2026-12287,2026-09-14 16:38:43,AGENT_10,Core (1-6mo),Spam_Commercial,Static_Image,0,Manual_Review,22.9,113.5,0,Approve_Keep,0,0.0,None,0,0,Unsolicited commercial affiliate marketing message blast
MOD-2026-11742,2026-09-14 16:48:52,AGENT_03,New Hire (<30d),Spam_Commercial,Static_Image,0,Auto_Rejected,3.8,87.0,0,Remove_Delete,0,0.0,None,0,0,Keyword stuffing and hidden redirects on promotional landing page
MOD-2026-11830,2026-09-14 16:51:01,AGENT_04,Core (1-6mo),Hate_Speech,Text_Post,0,Auto_Approved,4.3,72.3,0,Approve_Keep,0,0.0,None,0,0,Derogatory slur targeting protected demographic in comment section
MOD-2026-12673,2026-09-14 17:08:39,AGENT_10,Core (1-6mo),Violence_HighRisk,Static_Image,0,Auto_Rejected,4.0,139.4,0,Remove_Delete,0,0.0,None,0,0,Dangerous weapons demonstration video flagged for policy violation
MOD-2026-12357,2026-09-14 17:52:23,AGENT_09,Core (1-6mo),Spam_Commercial,Text_Post,0,Auto_Approved,4.5,38.6,0,Approve_Keep,1,100.0,None,0,0,Unsolicited commercial affiliate marketing message blast
MOD-2026-10930,2026-09-14 17:54:41,AGENT_10,Core (1-6mo),Fraud_Scams,Static_Image,0,Auto_Rejected,5.2,70.0,0,Remove_Delete,0,0.0,None,0,0,Counterfeit luxury goods listing utilizing stolen trademark imagery
MOD-2026-11925,2026-09-14 17:55:28,AGENT_13,Senior (6mo+),Violence_HighRisk,Static_Image,1,Auto_Approved,4.8,106.2,0,Approve_Keep,0,0.0,None,0,0,Reported altercation outside transit station with physical violence
MOD-2026-10116,2026-09-14 18:08:27,AGENT_03,New Hire (<30d),Fraud_Scams,Static_Image,0,Manual_Review,94.7,145.6,0,Remove_Delete,0,0.0,None,0,0,Gift card prize sweepstakes scam targeting senior account holders
MOD-2026-11474,2026-09-14 18:09:12,AGENT_14,Senior (6mo+),Hate_Speech,Short_Video,0,Manual_Review,188.0,71.8,0,Remove_Delete,0,0.0,None,0,0,Derogatory slur targeting protected demographic in comment section
MOD-2026-11819,2026-09-14 18:22:32,AGENT_15,Senior (6mo+),Violence_HighRisk,Short_Video,0,Tier2_Escalated,178.4,230.4,1,Content_Warning,0,0.0,None,0,0,Dangerous weapons demonstration video flagged for policy violation
MOD-2026-10712,2026-09-14 18:53:43,AGENT_04,Core (1-6mo),Hate_Speech,Text_Post,1,Manual_Review,26.9,50.9,0,Content_Warning,0,0.0,None,1,0,Nuanced political satire flagged by automated keyword filter as hate
MOD-2026-11994,2026-09-14 18:56:02,AGENT_07,Core (1-6mo),Violence_HighRisk,Text_Post,1,Manual_Review,28.6,251.1,1,Remove_Delete,0,0.0,None,0,0,Threatening physical altercation clip uploaded without contextual warning
MOD-2026-11626,2026-09-14 19:01:49,AGENT_13,Senior (6mo+),Emergency_TCO,Short_Video,1,Tier2_Escalated,204.6,56.2,0,Remove_Delete,1,100.0,None,1,0,Coordinated tactical propaganda audio recording flagged by intelligence unit
MOD-2026-11191,2026-09-14 19:08:10,AGENT_03,New Hire (<30d),Emergency_TCO,Short_Video,1,Auto_Rejected,2.6,63.3,1,Remove_Delete,0,0.0,None,0,0,Emergency legal escalation concerning imminent threat of platform violence
MOD-2026-11249,2026-09-14 19:24:07,AGENT_14,Senior (6mo+),Violence_HighRisk,Text_Post,1,Tier2_Escalated,24.5,191.7,1,Remove_Delete,0,0.0,None,0,0,Reported altercation outside transit station with physical violence
MOD-2026-10654,2026-09-14 19:33:26,AGENT_02,New Hire (<30d),Spam_Commercial,Static_Image,0,Auto_Approved,2.9,65.3,0,Approve_Keep,0,0.0,None,0,0,Bulk account creation posting duplicate SEO spam articles
MOD-2026-10487,2026-09-14 19:54:16,AGENT_15,Senior (6mo+),Violence_HighRisk,Short_Video,0,Tier2_Escalated,149.4,213.8,1,Content_Warning,0,0.0,None,0,0,Threatening physical altercation clip uploaded without contextual warning
MOD-2026-11429,2026-09-14 20:02:01,AGENT_13,Senior (6mo+),Spam_Commercial,Text_Post,0,Manual_Review,21.6,78.9,0,Approve_Keep,0,0.0,None,0,0,Bulk account creation posting duplicate SEO spam articles
MOD-2026-11076,2026-09-14 20:08:08,AGENT_03,New Hire (<30d),Fraud_Scams,Static_Image,0,Auto_Approved,5.6,61.4,0,Approve_Keep,0,0.0,None,0,0,Cryptocurrency investment scheme promising guaranteed 500% daily returns
MOD-2026-12692,2026-09-14 20:37:05,AGENT_15,Senior (6mo+),Violence_HighRisk,Text_Post,1,Manual_Review,28.6,238.0,1,Content_Warning,0,0.0,None,0,0,Graphic injury footage from sports accident flagged by audience
MOD-2026-11465,2026-09-14 20:56:48,AGENT_05,Core (1-6mo),Spam_Commercial,Text_Post,0,Auto_Approved,4.3,112.1,0,Approve_Keep,0,0.0,None,0,0,Unsolicited commercial affiliate marketing message blast
MOD-2026-10608,2026-09-14 21:02:15,AGENT_13,Senior (6mo+),Fraud_Scams,Text_Post,0,Manual_Review,15.2,191.9,0,Approve_Keep,0,0.0,None,0,0,Phishing link impersonating official platform customer verification support
MOD-2026-11677,2026-09-14 21:04:00,AGENT_10,Core (1-6mo),Spam_Commercial,Text_Post,0,Auto_Rejected,5.5,176.8,0,Remove_Delete,0,0.0,None,0,0,Keyword stuffing and hidden redirects on promotional landing page
MOD-2026-11911,2026-09-14 21:07:44,AGENT_02,New Hire (<30d),Violence_HighRisk,Short_Video,1,Auto_Rejected,5.4,179.8,0,Remove_Delete,0,0.0,None,0,0,Threatening physical altercation clip uploaded without contextual warning
MOD-2026-11907,2026-09-14 21:28:48,AGENT_01,New Hire (<30d),Violence_HighRisk,Static_Image,1,Auto_Rejected,2.6,150.7,0,Remove_Delete,0,0.0,None,0,0,Threatening physical altercation clip uploaded without contextual warning
MOD-2026-11603,2026-09-14 22:56:54,AGENT_15,Senior (6mo+),Fraud_Scams,Short_Video,0,Manual_Review,138.8,177.5,0,Approve_Keep,1,100.0,None,0,0,Gift card prize sweepstakes scam targeting senior account holders
MOD-2026-11948,2026-09-14 22:57:41,AGENT_10,Core (1-6mo),Violence_HighRisk,Static_Image,1,Auto_Rejected,5.5,189.8,1,Remove_Delete,0,0.0,None,1,0,Threatening physical altercation clip uploaded without contextual warning
MOD-2026-11875,2026-09-15 00:16:56,AGENT_13,Senior (6mo+),Spam_Commercial,Text_Post,0,Auto_Approved,2.6,101.0,0,Approve_Keep,0,0.0,None,0,0,Automated script posting identical promotional link 120 times in forum
MOD-2026-10437,2026-09-15 00:25:52,AGENT_13,Senior (6mo+),Fraud_Scams,Static_Image,0,Manual_Review,50.3,91.6,0,Remove_Delete,0,0.0,None,0,0,Cryptocurrency investment scheme promising guaranteed 500% daily returns
MOD-2026-11347,2026-09-15 00:30:56,AGENT_13,Senior (6mo+),Violence_HighRisk,Short_Video,1,Manual_Review,160.4,147.5,0,Remove_Delete,0,0.0,None,0,0,Graphic injury footage from sports accident flagged by audience
MOD-2026-11636,2026-09-15 00:45:39,AGENT_06,Core (1-6mo),Spam_Commercial,Static_Image,0,Auto_Approved,3.2,71.2,0,Approve_Keep,0,0.0,None,0,0,Automated script posting identical promotional link 120 times in forum
MOD-2026-11703,2026-09-15 00:50:13,AGENT_11,Core (1-6mo),Hate_Speech,Text_Post,0,Manual_Review,24.8,127.4,0,Escalate,0,0.0,None,0,0,Coordinated brigading comments containing coded discriminatory dogwhistles
MOD-2026-12218,2026-09-15 00:55:35,AGENT_01,New Hire (<30d),Fraud_Scams,Text_Post,0,Auto_Rejected,4.5,63.1,0,Remove_Delete,0,0.0,None,0,0,Cryptocurrency investment scheme promising guaranteed 500% daily returns
MOD-2026-11054,2026-09-15 01:09:12,AGENT_02,New Hire (<30d),Violence_HighRisk,Short_Video,0,Manual_Review,219.1,198.5,1,Remove_Delete,0,0.0,None,0,0,Dangerous weapons demonstration video flagged for policy violation
MOD-2026-12576,2026-09-15 01:21:26,AGENT_05,Core (1-6mo),Hate_Speech,Text_Post,0,Auto_Rejected,4.6,205.5,0,Remove_Delete,0,0.0,None,0,0,Derogatory slur targeting protected demographic in comment section
MOD-2026-10679,2026-09-15 01:24:58,AGENT_14,Senior (6mo+),Emergency_TCO,Static_Image,1,Auto_Rejected,5.6,41.7,0,Remove_Delete,0,0.0,None,0,0,Coordinated tactical propaganda audio recording flagged by intelligence unit
MOD-2026-10898,2026-09-15 01:36:13,AGENT_04,Core (1-6mo),Spam_Commercial,Text_Post,0,Auto_Approved,4.8,94.4,0,Approve_Keep,0,0.0,None,0,0,Automated script posting identical promotional link 120 times in forum
MOD-2026-10480,2026-09-15 01:36:25,AGENT_04,Core (1-6mo),Spam_Commercial,Text_Post,0,Auto_Approved,2.6,145.1,0,Approve_Keep,1,100.0,None,0,0,Keyword stuffing and hidden redirects on promotional landing page
MOD-2026-10519,2026-09-15 01:37:05,AGENT_07,Core (1-6mo),Hate_Speech,Text_Post,1,Auto_Approved,2.9,167.6,0,Approve_Keep,0,0.0,None,0,0,Incitement to boycott and harass private individual based on religion
MOD-2026-10083,2026-09-15 01:46:53,AGENT_04,Core (1-6mo),Violence_HighRisk,Text_Post,0,Manual_Review,39.3,164.1,0,Remove_Delete,0,0.0,None,0,0,Reported altercation outside transit station with physical violence
MOD-2026-11839,2026-09-15 02:03:30,AGENT_11,Core (1-6mo),Hate_Speech,Text_Post,0,Manual_Review,28.6,71.0,0,Content_Warning,0,0.0,None,1,0,Incitement to boycott and harass private individual based on religion
MOD-2026-10438,2026-09-15 02:10:37,AGENT_09,Core (1-6mo),Fraud_Scams,Static_Image,0,Manual_Review,78.7,108.6,0,Remove_Delete,0,0.0,None,0,0,Counterfeit luxury goods listing utilizing stolen trademark imagery
MOD-2026-11555,2026-09-15 02:23:33,AGENT_12,Senior (6mo+),Violence_HighRisk,Short_Video,1,Manual_Review,214.4,234.5,1,Approve_Keep,1,100.0,None,0,0,Threatening physical altercation clip uploaded without contextual warning
MOD-2026-11595,2026-09-15 02:25:33,AGENT_01,New Hire (<30d),Hate_Speech,Short_Video,0,Manual_Review,271.3,110.1,0,Approve_Keep,1,100.0,None,0,0,Incitement to boycott and harass private individual based on religion
MOD-2026-10890,2026-09-15 02:26:47,AGENT_07,Core (1-6mo),Violence_HighRisk,Short_Video,1,Manual_Review,135.9,213.0,1,Remove_Delete,0,0.0,None,0,0,Dangerous weapons demonstration video flagged for policy violation
MOD-2026-10803,2026-09-15 02:29:55,AGENT_10,Core (1-6mo),Hate_Speech,Static_Image,0,Manual_Review,80.1,155.7,0,Remove_Delete,0,0.0,None,0,0,Dehumanizing memes comparing ethnic groups to biological pests
MOD-2026-12469,2026-09-15 03:26:00,AGENT_12,Senior (6mo+),Spam_Commercial,Static_Image,0,Auto_Approved,4.6,72.9,0,Approve_Keep,0,0.0,None,0,0,Automated script posting identical promotional link 120 times in forum
MOD-2026-10823,2026-09-15 03:45:21,AGENT_08,Core (1-6mo),Violence_HighRisk,Text_Post,0,Auto_Rejected,4.6,129.1,0,Remove_Delete,0,0.0,None,0,0,Graphic injury footage from sports accident flagged by audience
MOD-2026-12725,2026-09-15 04:02:29,AGENT_11,Core (1-6mo),Fraud_Scams,Text_Post,0,Auto_Rejected,5.3,170.9,0,Remove_Delete,0,0.0,None,0,0,Counterfeit luxury goods listing utilizing stolen trademark imagery
MOD-2026-11132,2026-09-15 04:45:31,AGENT_14,Senior (6mo+),Hate_Speech,Short_Video,0,Auto_Approved,5.2,99.6,0,Approve_Keep,0,0.0,None,0,0,Coordinated brigading comments containing coded discriminatory dogwhistles
MOD-2026-11096,2026-09-15 04:48:33,AGENT_05,Core (1-6mo),Violence_HighRisk,Static_Image,1,Manual_Review,58.4,152.0,0,Approve_Keep,0,0.0,None,0,0,Self-harm reference in private broadcast requiring immediate crisis triage
MOD-2026-11604,2026-09-15 04:56:25,AGENT_07,Core (1-6mo),Violence_HighRisk,Static_Image,1,Auto_Rejected,5.8,154.7,0,Remove_Delete,0,0.0,None,0,0,Reported altercation outside transit station with physical violence
MOD-2026-11373,2026-09-15 05:08:56,AGENT_01,New Hire (<30d),Fraud_Scams,Live_Stream,0,Auto_Approved,4.9,130.8,0,Approve_Keep,0,0.0,None,0,0,Phishing link impersonating official platform customer verification support
MOD-2026-11967,2026-09-15 05:15:10,AGENT_08,Core (1-6mo),Spam_Commercial,Text_Post,0,Manual_Review,26.5,148.5,0,Remove_Delete,0,0.0,None,0,0,Bulk account creation posting duplicate SEO spam articles
MOD-2026-10231,2026-09-15 05:15:44,AGENT_10,Core (1-6mo),Hate_Speech,Text_Post,0,Manual_Review,30.0,96.1,0,Remove_Delete,0,0.0,None,0,0,Dehumanizing memes comparing ethnic groups to biological pests
MOD-2026-11422,2026-09-15 05:40:51,AGENT_13,Senior (6mo+),Hate_Speech,Text_Post,0,Manual_Review,29.7,293.2,1,Remove_Delete,0,0.0,None,0,0,Incitement to boycott and harass private individual based on religion
MOD-2026-12527,2026-09-15 05:48:52,AGENT_03,New Hire (<30d),Hate_Speech,Short_Video,0,Manual_Review,200.3,140.1,0,Approve_Keep,0,0.0,None,0,0,Dehumanizing memes comparing ethnic groups to biological pests
MOD-2026-10618,2026-09-15 06:04:19,AGENT_07,Core (1-6mo),Fraud_Scams,Static_Image,0,Auto_Approved,3.6,135.2,0,Approve_Keep,1,100.0,None,0,0,Cryptocurrency investment scheme promising guaranteed 500% daily returns
MOD-2026-10974,2026-09-15 06:40:23,AGENT_01,New Hire (<30d),Fraud_Scams,Short_Video,0,Manual_Review,214.2,65.6,0,Account_Suspend,0,0.0,None,0,0,Phishing link impersonating official platform customer verification support
MOD-2026-10521,2026-09-15 07:16:15,AGENT_08,Core (1-6mo),Spam_Commercial,Static_Image,0,Auto_Approved,2.8,110.7,0,Approve_Keep,0,0.0,None,0,0,Bulk account creation posting duplicate SEO spam articles
MOD-2026-11212,2026-09-15 08:12:37,AGENT_04,Core (1-6mo),Violence_HighRisk,Live_Stream,1,Manual_Review,280.4,194.9,1,Remove_Delete,0,0.0,None,0,0,Dangerous weapons demonstration video flagged for policy violation
MOD-2026-11902,2026-09-15 08:22:14,AGENT_05,Core (1-6mo),Spam_Commercial,Text_Post,0,Auto_Approved,3.6,111.8,0,Approve_Keep,0,0.0,None,0,0,Automated script posting identical promotional link 120 times in forum
MOD-2026-11877,2026-09-15 09:16:27,AGENT_10,Core (1-6mo),Hate_Speech,Text_Post,0,Auto_Approved,4.3,46.2,0,Approve_Keep,0,0.0,None,0,0,Nuanced political satire flagged by automated keyword filter as hate
MOD-2026-12047,2026-09-15 09:40:28,AGENT_12,Senior (6mo+),Hate_Speech,Text_Post,0,Manual_Review,21.3,243.3,1,Content_Warning,0,0.0,None,1,0,Dehumanizing memes comparing ethnic groups to biological pests
MOD-2026-10725,2026-09-15 10:51:25,AGENT_14,Senior (6mo+),Hate_Speech,Short_Video,0,Manual_Review,146.5,148.0,0,Remove_Delete,0,0.0,None,0,0,Derogatory slur targeting protected demographic in comment section
MOD-2026-11053,2026-09-15 11:00:05,AGENT_03,New Hire (<30d),Violence_HighRisk,Static_Image,1,Manual_Review,80.6,95.5,0,Remove_Delete,0,0.0,None,1,0,Threatening physical altercation clip uploaded without contextual warning
MOD-2026-12397,2026-09-15 11:00:35,AGENT_13,Senior (6mo+),Hate_Speech,Text_Post,1,Tier2_Escalated,37.7,107.1,0,Remove_Delete,0,0.0,None,0,0,Derogatory slur targeting protected demographic in comment section
MOD-2026-10556,2026-09-15 11:26:52,AGENT_15,Senior (6mo+),Spam_Commercial,Text_Post,0,Auto_Approved,5.9,35.4,0,Approve_Keep,0,0.0,None,0,0,Automated script posting identical promotional link 120 times in forum
MOD-2026-10310,2026-09-15 11:27:19,AGENT_13,Senior (6mo+),Violence_HighRisk,Short_Video,0,Manual_Review,192.9,122.9,0,Remove_Delete,0,0.0,None,1,0,Graphic injury footage from sports accident flagged by audience
MOD-2026-11586,2026-09-15 12:36:34,AGENT_04,Core (1-6mo),Hate_Speech,Static_Image,0,Manual_Review,88.5,124.6,0,Approve_Keep,0,0.0,None,0,0,Derogatory slur targeting protected demographic in comment section
MOD-2026-10915,2026-09-15 12:43:29,AGENT_07,Core (1-6mo),Hate_Speech,Static_Image,0,Manual_Review,43.4,58.7,0,Approve_Keep,1,100.0,None,0,0,Derogatory slur targeting protected demographic in comment section
MOD-2026-11285,2026-09-15 13:19:35,AGENT_06,Core (1-6mo),Fraud_Scams,Text_Post,0,Manual_Review,22.4,112.5,0,Remove_Delete,1,100.0,None,0,0,Cryptocurrency investment scheme promising guaranteed 500% daily returns
MOD-2026-11679,2026-09-15 13:29:14,AGENT_05,Core (1-6mo),Spam_Commercial,Text_Post,0,Auto_Approved,4.2,158.7,0,Approve_Keep,0,0.0,None,0,0,Unsolicited commercial affiliate marketing message blast
MOD-2026-10925,2026-09-15 14:01:59,AGENT_07,Core (1-6mo),Violence_HighRisk,Short_Video,1,Manual_Review,237.7,160.3,0,Content_Warning,0,0.0,None,0,0,Reported altercation outside transit station with physical violence
MOD-2026-10646,2026-09-15 14:25:53,AGENT_02,New Hire (<30d),Violence_HighRisk,Short_Video,1,Manual_Review,185.4,65.1,0,Remove_Delete,0,0.0,None,0,0,Threatening physical altercation clip uploaded without contextual warning
MOD-2026-10139,2026-09-15 14:39:05,AGENT_05,Core (1-6mo),Hate_Speech,Short_Video,1,Manual_Review,125.7,146.2,0,Content_Warning,0,0.0,None,0,0,Nuanced political satire flagged by automated keyword filter as hate
MOD-2026-10743,2026-09-15 15:52:23,AGENT_12,Senior (6mo+),Fraud_Scams,Text_Post,0,Tier2_Escalated,31.6,186.1,0,Remove_Delete,0,0.0,None,0,0,Phishing link impersonating official platform customer verification support
MOD-2026-10669,2026-09-15 16:20:35,AGENT_12,Senior (6mo+),Spam_Commercial,Text_Post,0,Auto_Approved,3.9,38.4,0,Approve_Keep,0,0.0,None,0,0,Unsolicited commercial affiliate marketing message blast
MOD-2026-10799,2026-09-15 16:25:37,AGENT_09,Core (1-6mo),Spam_Commercial,Text_Post,0,Auto_Rejected,4.0,50.7,0,Remove_Delete,0,0.0,None,0,0,Automated script posting identical promotional link 120 times in forum
MOD-2026-10826,2026-09-15 16:46:36,AGENT_09,Core (1-6mo),Spam_Commercial,Short_Video,0,Auto_Approved,3.6,114.8,0,Approve_Keep,0,0.0,None,0,0,Keyword stuffing and hidden redirects on promotional landing page
MOD-2026-10429,2026-09-15 16:49:15,AGENT_01,New Hire (<30d),Violence_HighRisk,Short_Video,0,Auto_Rejected,4.0,97.8,0,Remove_Delete,0,0.0,None,0,0,Dangerous weapons demonstration video flagged for policy violation
MOD-2026-12222,2026-09-15 16:56:25,AGENT_10,Core (1-6mo),Hate_Speech,Static_Image,1,Auto_Approved,3.4,62.6,0,Approve_Keep,0,0.0,None,0,0,Nuanced political satire flagged by automated keyword filter as hate
MOD-2026-12639,2026-09-15 16:59:07,AGENT_04,Core (1-6mo),Emergency_TCO,Short_Video,1,Manual_Review,177.5,31.3,0,Remove_Delete,0,0.0,None,0,0,Coordinated tactical propaganda audio recording flagged by intelligence unit
MOD-2026-12245,2026-09-15 17:23:58,AGENT_01,New Hire (<30d),Hate_Speech,Text_Post,0,Manual_Review,40.9,226.1,0,Content_Warning,0,0.0,None,0,0,Nuanced political satire flagged by automated keyword filter as hate
MOD-2026-10705,2026-09-15 17:34:38,AGENT_06,Core (1-6mo),Spam_Commercial,Text_Post,0,Auto_Rejected,5.0,108.9,0,Remove_Delete,0,0.0,None,0,0,Automated script posting identical promotional link 120 times in forum
MOD-2026-11317,2026-09-15 17:38:06,AGENT_05,Core (1-6mo),Hate_Speech,Short_Video,1,Manual_Review,240.2,102.9,0,Escalate,0,0.0,None,0,0,Derogatory slur targeting protected demographic in comment section
MOD-2026-11888,2026-09-15 18:12:23,AGENT_03,New Hire (<30d),Spam_Commercial,Text_Post,0,Manual_Review,19.2,184.8,0,Remove_Delete,1,100.0,None,0,0,Bulk account creation posting duplicate SEO spam articles
MOD-2026-12378,2026-09-15 18:22:45,AGENT_05,Core (1-6mo),Spam_Commercial,Text_Post,0,Auto_Approved,4.6,100.6,0,Approve_Keep,0,0.0,None,0,0,Bulk account creation posting duplicate SEO spam articles
MOD-2026-12127,2026-09-15 18:23:53,AGENT_02,New Hire (<30d),Violence_HighRisk,Short_Video,1,Auto_Approved,4.4,252.0,1,Approve_Keep,1,100.0,None,0,0,Reported altercation outside transit station with physical violence
MOD-2026-11227,2026-09-15 18:27:59,AGENT_10,Core (1-6mo),Spam_Commercial,Short_Video,0,Manual_Review,138.9,65.8,0,Remove_Delete,0,0.0,None,0,0,Bulk account creation posting duplicate SEO spam articles
MOD-2026-12269,2026-09-15 18:51:39,AGENT_14,Senior (6mo+),Hate_Speech,Text_Post,0,Tier2_Escalated,20.3,196.3,0,Remove_Delete,0,0.0,None,0,0,Coordinated brigading comments containing coded discriminatory dogwhistles
MOD-2026-11030,2026-09-15 19:03:42,AGENT_05,Core (1-6mo),Violence_HighRisk,Static_Image,1,Manual_Review,68.9,33.0,0,Remove_Delete,0,0.0,None,0,0,Threatening physical altercation clip uploaded without contextual warning
MOD-2026-11806,2026-09-15 19:22:35,AGENT_10,Core (1-6mo),Violence_HighRisk,Short_Video,0,Auto_Rejected,4.5,32.4,0,Remove_Delete,0,0.0,None,0,0,Self-harm reference in private broadcast requiring immediate crisis triage
MOD-2026-11444,2026-09-15 19:30:15,AGENT_15,Senior (6mo+),Violence_HighRisk,Short_Video,1,Auto_Rejected,5.0,69.4,0,Remove_Delete,0,0.0,None,0,0,Reported altercation outside transit station with physical violence
MOD-2026-11125,2026-09-15 20:41:27,AGENT_11,Core (1-6mo),Violence_HighRisk,Short_Video,0,Auto_Rejected,2.8,122.9,0,Remove_Delete,0,0.0,None,0,0,Dangerous weapons demonstration video flagged for policy violation
MOD-2026-10370,2026-09-15 20:51:35,AGENT_01,New Hire (<30d),Hate_Speech,Short_Video,1,Auto_Approved,4.7,268.5,1,Approve_Keep,0,0.0,None,0,0,Coordinated brigading comments containing coded discriminatory dogwhistles
MOD-2026-11953,2026-09-15 21:05:15,AGENT_07,Core (1-6mo),Fraud_Scams,Static_Image,0,Manual_Review,57.2,115.3,0,Remove_Delete,0,0.0,None,1,0,Cryptocurrency investment scheme promising guaranteed 500% daily returns
MOD-2026-11087,2026-09-15 21:27:15,AGENT_14,Senior (6mo+),Hate_Speech,Text_Post,0,Manual_Review,33.0,270.2,1,Remove_Delete,0,0.0,None,0,0,Incitement to boycott and harass private individual based on religion
MOD-2026-10036,2026-09-15 21:33:45,AGENT_06,Core (1-6mo),Hate_Speech,Text_Post,0,Auto_Rejected,2.9,292.5,1,Remove_Delete,0,0.0,None,0,0,Incitement to boycott and harass private individual based on religion
MOD-2026-10229,2026-09-15 21:36:29,AGENT_09,Core (1-6mo),Fraud_Scams,Text_Post,0,Manual_Review,41.6,82.7,0,Remove_Delete,0,0.0,None,0,0,Counterfeit luxury goods listing utilizing stolen trademark imagery
MOD-2026-10901,2026-09-15 21:39:54,AGENT_02,New Hire (<30d),Violence_HighRisk,Short_Video,1,Auto_Rejected,3.1,105.2,0,Remove_Delete,0,0.0,None,0,0,Graphic injury footage from sports accident flagged by audience
MOD-2026-10664,2026-09-15 21:51:58,AGENT_07,Core (1-6mo),Spam_Commercial,Text_Post,0,Auto_Rejected,5.1,45.2,0,Remove_Delete,0,0.0,None,0,0,Automated script posting identical promotional link 120 times in forum
MOD-2026-10228,2026-09-15 21:53:58,AGENT_05,Core (1-6mo),Hate_Speech,Text_Post,1,Auto_Rejected,5.3,62.2,0,Remove_Delete,1,100.0,None,0,0,Incitement to boycott and harass private individual based on religion
MOD-2026-10813,2026-09-15 22:09:21,AGENT_08,Core (1-6mo),Violence_HighRisk,Short_Video,1,Auto_Rejected,5.2,87.5,0,Remove_Delete,0,0.0,None,0,0,Graphic injury footage from sports accident flagged by audience
MOD-2026-11197,2026-09-15 22:27:54,AGENT_13,Senior (6mo+),Violence_HighRisk,Static_Image,1,Manual_Review,76.7,102.7,0,Account_Suspend,0,0.0,None,0,0,Reported altercation outside transit station with physical violence
MOD-2026-10448,2026-09-15 22:48:47,AGENT_10,Core (1-6mo),Fraud_Scams,Static_Image,0,Auto_Approved,4.3,68.5,0,Approve_Keep,0,0.0,None,0,0,Unauthorized credential harvesting page embedded in bio link
MOD-2026-11939,2026-09-15 23:00:22,AGENT_15,Senior (6mo+),Emergency_TCO,Live_Stream,1,Tier2_Escalated,230.8,36.5,0,Remove_Delete,1,100.0,None,0,0,Violent extremist manifestos distribution attempt flagged by cross-platform hash
MOD-2026-10620,2026-09-15 23:27:36,AGENT_14,Senior (6mo+),Violence_HighRisk,Short_Video,1,Manual_Review,196.7,81.6,0,Account_Suspend,0,0.0,None,0,0,Dangerous weapons demonstration video flagged for policy violation
MOD-2026-11721,2026-09-15 23:49:02,AGENT_01,New Hire (<30d),Hate_Speech,Text_Post,1,Manual_Review,33.0,82.0,0,Remove_Delete,0,0.0,None,0,0,Derogatory slur targeting protected demographic in comment section
MOD-2026-10816,2026-09-15 23:50:32,AGENT_12,Senior (6mo+),Spam_Commercial,Short_Video,0,Tier2_Escalated,85.3,130.0,0,Remove_Delete,0,0.0,None,0,0,Bulk account creation posting duplicate SEO spam articles
MOD-2026-10162,2026-09-15 23:55:09,AGENT_01,New Hire (<30d),Fraud_Scams,Static_Image,0,Auto_Approved,3.7,114.7,0,Approve_Keep,0,0.0,None,0,0,Gift card prize sweepstakes scam targeting senior account holders
MOD-2026-10399,2026-09-16 00:37:42,AGENT_14,Senior (6mo+),Hate_Speech,Text_Post,0,Auto_Rejected,4.7,87.9,0,Remove_Delete,1,100.0,None,0,0,Nuanced political satire flagged by automated keyword filter as hate
MOD-2026-12385,2026-09-16 00:41:31,AGENT_11,Core (1-6mo),Hate_Speech,Text_Post,0,Manual_Review,39.6,61.3,0,Remove_Delete,0,0.0,None,0,0,Derogatory slur targeting protected demographic in comment section
MOD-2026-12296,2026-09-16 00:46:46,AGENT_14,Senior (6mo+),Hate_Speech,Text_Post,1,Manual_Review,18.5,132.3,0,Remove_Delete,0,0.0,None,0,0,Dehumanizing memes comparing ethnic groups to biological pests
MOD-2026-11908,2026-09-16 01:02:02,AGENT_14,Senior (6mo+),Fraud_Scams,Static_Image,0,Tier2_Escalated,47.5,109.9,0,Account_Suspend,0,0.0,None,0,0,Counterfeit luxury goods listing utilizing stolen trademark imagery
MOD-2026-12746,2026-09-16 01:20:14,AGENT_14,Senior (6mo+),Emergency_TCO,Short_Video,1,Manual_Review,186.3,16.3,0,Remove_Delete,0,0.0,None,0,0,Emergency legal escalation concerning imminent threat of platform violence
MOD-2026-12249,2026-09-16 01:21:20,AGENT_12,Senior (6mo+),Emergency_TCO,Static_Image,1,Tier2_Escalated,71.2,29.6,0,Remove_Delete,1,100.0,None,0,0,Coordinated tactical propaganda audio recording flagged by intelligence unit
MOD-2026-10708,2026-09-16 01:27:00,AGENT_04,Core (1-6mo),Fraud_Scams,Text_Post,0,Auto_Approved,4.9,216.4,0,Approve_Keep,0,0.0,None,0,0,Counterfeit luxury goods listing utilizing stolen trademark imagery
MOD-2026-11183,2026-09-16 01:56:06,AGENT_04,Core (1-6mo),Violence_HighRisk,Live_Stream,1,Auto_Rejected,3.9,49.2,0,Remove_Delete,0,0.0,None,1,0,Graphic injury footage from sports accident flagged by audience
MOD-2026-10218,2026-09-16 02:00:32,AGENT_06,Core (1-6mo),Fraud_Scams,Text_Post,0,Auto_Rejected,4.9,118.2,0,Remove_Delete,0,0.0,None,0,0,Unauthorized credential harvesting page embedded in bio link
MOD-2026-10840,2026-09-16 03:43:18,AGENT_05,Core (1-6mo),Violence_HighRisk,Short_Video,0,Manual_Review,166.4,65.5,0,Approve_Keep,0,0.0,None,0,0,Self-harm reference in private broadcast requiring immediate crisis triage
MOD-2026-11736,2026-09-16 03:45:45,AGENT_15,Senior (6mo+),Emergency_TCO,Static_Image,1,Manual_Review,68.6,33.3,0,Account_Suspend,0,0.0,None,0,0,Violent extremist manifestos distribution attempt flagged by cross-platform hash
MOD-2026-10473,2026-09-16 04:20:21,AGENT_08,Core (1-6mo),Violence_HighRisk,Short_Video,1,Manual_Review,187.0,31.3,0,Content_Warning,0,0.0,None,0,0,Threatening physical altercation clip uploaded without contextual warning
MOD-2026-11199,2026-09-16 04:31:13,AGENT_02,New Hire (<30d),Spam_Commercial,Short_Video,0,Auto_Approved,5.7,136.7,0,Approve_Keep,0,0.0,None,0,0,Bulk account creation posting duplicate SEO spam articles
MOD-2026-11697,2026-09-16 04:31:47,AGENT_04,Core (1-6mo),Violence_HighRisk,Text_Post,0,Manual_Review,24.6,147.9,0,Remove_Delete,0,0.0,None,0,0,Dangerous weapons demonstration video flagged for policy violation
MOD-2026-10912,2026-09-16 04:32:10,AGENT_03,New Hire (<30d),Spam_Commercial,Text_Post,0,Auto_Approved,5.8,135.4,0,Approve_Keep,1,100.0,None,0,0,Automated script posting identical promotional link 120 times in forum
MOD-2026-11493,2026-09-16 04:43:45,AGENT_12,Senior (6mo+),Hate_Speech,Short_Video,0,Auto_Approved,5.1,287.7,1,Approve_Keep,0,0.0,None,0,0,Nuanced political satire flagged by automated keyword filter as hate
MOD-2026-12252,2026-09-16 04:52:15,AGENT_08,Core (1-6mo),Hate_Speech,Text_Post,0,Auto_Rejected,4.6,74.6,0,Remove_Delete,0,0.0,None,0,0,Derogatory slur targeting protected demographic in comment section
MOD-2026-10685,2026-09-16 05:02:40,AGENT_03,New Hire (<30d),Spam_Commercial,Text_Post,0,Auto_Rejected,4.4,104.8,0,Remove_Delete,0,0.0,None,0,0,Automated script posting identical promotional link 120 times in forum
MOD-2026-10950,2026-09-16 05:08:27,AGENT_10,Core (1-6mo),Violence_HighRisk,Static_Image,1,Manual_Review,68.6,46.6,0,Remove_Delete,0,0.0,None,0,0,Self-harm reference in private broadcast requiring immediate crisis triage
MOD-2026-12749,2026-09-16 05:36:53,AGENT_04,Core (1-6mo),Spam_Commercial,Static_Image,0,Auto_Rejected,4.3,93.4,0,Remove_Delete,1,100.0,None,0,0,Keyword stuffing and hidden redirects on promotional landing page
MOD-2026-12234,2026-09-16 05:55:01,AGENT_06,Core (1-6mo),Fraud_Scams,Text_Post,0,Auto_Approved,3.9,216.2,0,Approve_Keep,0,0.0,None,0,0,Unauthorized credential harvesting page embedded in bio link
MOD-2026-10753,2026-09-16 06:06:43,AGENT_12,Senior (6mo+),Hate_Speech,Text_Post,0,Auto_Rejected,4.0,211.6,0,Remove_Delete,0,0.0,None,0,0,Dehumanizing memes comparing ethnic groups to biological pests
MOD-2026-12782,2026-09-16 06:29:07,AGENT_13,Senior (6mo+),Hate_Speech,Text_Post,0,Auto_Rejected,3.1,131.1,0,Remove_Delete,1,100.0,None,0,0,Dehumanizing memes comparing ethnic groups to biological pests
MOD-2026-10936,2026-09-16 06:55:02,AGENT_13,Senior (6mo+),Fraud_Scams,Static_Image,0,Tier2_Escalated,34.7,155.1,0,Account_Suspend,0,0.0,None,0,0,Phishing link impersonating official platform customer verification support
MOD-2026-12157,2026-09-16 06:58:49,AGENT_14,Senior (6mo+),Emergency_TCO,Static_Image,1,Tier2_Escalated,34.1,48.8,0,Content_Warning,0,0.0,None,0,0,Suspected terrorist recruitment video uploaded across multiple hashtags
MOD-2026-12625,2026-09-16 07:10:33,AGENT_04,Core (1-6mo),Hate_Speech,Static_Image,0,Auto_Rejected,5.8,237.3,0,Remove_Delete,0,0.0,None,0,0,Incitement to boycott and harass private individual based on religion
MOD-2026-10359,2026-09-16 07:31:03,AGENT_15,Senior (6mo+),Fraud_Scams,Static_Image,0,Tier2_Escalated,48.2,208.0,0,Remove_Delete,0,0.0,None,0,0,Counterfeit luxury goods listing utilizing stolen trademark imagery
MOD-2026-11115,2026-09-16 07:34:44,AGENT_03,New Hire (<30d),Spam_Commercial,Text_Post,0,Auto_Approved,4.5,123.3,0,Approve_Keep,0,0.0,None,0,0,Unsolicited commercial affiliate marketing message blast
MOD-2026-11286,2026-09-16 07:41:50,AGENT_15,Senior (6mo+),Fraud_Scams,Static_Image,0,Auto_Rejected,4.2,69.1,0,Remove_Delete,0,0.0,None,0,0,Gift card prize sweepstakes scam targeting senior account holders
MOD-2026-11257,2026-09-16 07:47:21,AGENT_15,Senior (6mo+),Spam_Commercial,Text_Post,0,Manual_Review,11.3,120.3,0,Approve_Keep,1,75.0,False_Negative,0,0,Unsolicited commercial affiliate marketing message blast
MOD-2026-10730,2026-09-16 07:52:54,AGENT_09,Core (1-6mo),Hate_Speech,Static_Image,1,Auto_Approved,3.6,295.2,1,Approve_Keep,0,0.0,None,0,0,Derogatory slur targeting protected demographic in comment section
MOD-2026-11245,2026-09-16 08:25:05,AGENT_08,Core (1-6mo),Fraud_Scams,Static_Image,0,Manual_Review,73.4,140.4,0,Remove_Delete,0,0.0,None,0,0,Counterfeit luxury goods listing utilizing stolen trademark imagery
MOD-2026-11367,2026-09-16 08:55:04,AGENT_13,Senior (6mo+),Hate_Speech,Text_Post,0,Tier2_Escalated,28.1,306.0,1,Remove_Delete,0,0.0,None,0,0,Dehumanizing memes comparing ethnic groups to biological pests
MOD-2026-10337,2026-09-16 08:59:57,AGENT_14,Senior (6mo+),Fraud_Scams,Static_Image,0,Auto_Rejected,3.3,110.9,0,Remove_Delete,0,0.0,None,0,0,Unauthorized credential harvesting page embedded in bio link
MOD-2026-12211,2026-09-16 09:22:52,AGENT_14,Senior (6mo+),Violence_HighRisk,Short_Video,1,Manual_Review,138.7,170.9,0,Approve_Keep,0,0.0,None,0,0,Self-harm reference in private broadcast requiring immediate crisis triage
MOD-2026-11042,2026-09-16 09:41:35,AGENT_05,Core (1-6mo),Hate_Speech,Live_Stream,0,Manual_Review,223.7,257.7,1,Approve_Keep,0,0.0,None,0,0,Derogatory slur targeting protected demographic in comment section
MOD-2026-12776,2026-09-16 09:56:26,AGENT_14,Senior (6mo+),Hate_Speech,Text_Post,0,Manual_Review,17.8,204.8,0,Content_Warning,0,0.0,None,1,0,Dehumanizing memes comparing ethnic groups to biological pests
MOD-2026-12722,2026-09-16 10:19:12,AGENT_05,Core (1-6mo),Spam_Commercial,Short_Video,0,Auto_Rejected,4.0,194.5,0,Remove_Delete,0,0.0,None,0,0,Bulk account creation posting duplicate SEO spam articles
MOD-2026-12631,2026-09-16 10:19:38,AGENT_08,Core (1-6mo),Fraud_Scams,Text_Post,0,Manual_Review,20.2,68.1,0,Approve_Keep,0,0.0,None,0,0,Gift card prize sweepstakes scam targeting senior account holders
MOD-2026-11905,2026-09-16 10:37:26,AGENT_07,Core (1-6mo),Spam_Commercial,Short_Video,0,Auto_Rejected,3.8,45.1,0,Remove_Delete,0,0.0,None,0,0,Keyword stuffing and hidden redirects on promotional landing page
MOD-2026-12281,2026-09-16 10:39:43,AGENT_06,Core (1-6mo),Hate_Speech,Text_Post,0,Auto_Rejected,3.5,225.2,0,Remove_Delete,0,0.0,None,0,0,Nuanced political satire flagged by automated keyword filter as hate
MOD-2026-12711,2026-09-16 11:15:49,AGENT_03,New Hire (<30d),Hate_Speech,Short_Video,0,Auto_Approved,5.4,190.2,0,Approve_Keep,0,0.0,None,0,0,Nuanced political satire flagged by automated keyword filter as hate
MOD-2026-11025,2026-09-16 11:51:35,AGENT_13,Senior (6mo+),Violence_HighRisk,Short_Video,0,Auto_Rejected,3.0,139.4,0,Remove_Delete,1,100.0,None,0,0,Dangerous weapons demonstration video flagged for policy violation
MOD-2026-12565,2026-09-16 12:05:44,AGENT_03,New Hire (<30d),Fraud_Scams,Text_Post,0,Manual_Review,33.0,187.0,0,Remove_Delete,0,0.0,None,0,0,Cryptocurrency investment scheme promising guaranteed 500% daily returns
MOD-2026-10554,2026-09-16 12:25:39,AGENT_15,Senior (6mo+),Spam_Commercial,Static_Image,0,Auto_Approved,4.9,75.4,0,Approve_Keep,1,100.0,None,0,0,Bulk account creation posting duplicate SEO spam articles
MOD-2026-11501,2026-09-16 12:43:39,AGENT_02,New Hire (<30d),Spam_Commercial,Text_Post,0,Manual_Review,16.9,49.8,0,Remove_Delete,0,0.0,None,0,0,Keyword stuffing and hidden redirects on promotional landing page
MOD-2026-11097,2026-09-16 13:00:28,AGENT_13,Senior (6mo+),Fraud_Scams,Text_Post,0,Auto_Approved,3.1,51.6,0,Approve_Keep,0,0.0,None,0,0,Counterfeit luxury goods listing utilizing stolen trademark imagery
MOD-2026-11724,2026-09-16 13:22:39,AGENT_10,Core (1-6mo),Violence_HighRisk,Live_Stream,1,Auto_Rejected,3.4,142.2,0,Remove_Delete,0,0.0,None,0,0,Dangerous weapons demonstration video flagged for policy violation
MOD-2026-10943,2026-09-16 13:34:35,AGENT_11,Core (1-6mo),Hate_Speech,Static_Image,0,Auto_Approved,4.8,199.9,0,Approve_Keep,0,0.0,None,0,0,Dehumanizing memes comparing ethnic groups to biological pests
MOD-2026-10154,2026-09-16 13:36:34,AGENT_08,Core (1-6mo),Spam_Commercial,Text_Post,0,Auto_Rejected,4.4,148.4,0,Remove_Delete,0,0.0,None,0,0,Bulk account creation posting duplicate SEO spam articles
MOD-2026-11686,2026-09-16 13:54:24,AGENT_11,Core (1-6mo),Hate_Speech,Text_Post,0,Manual_Review,40.0,176.7,0,Remove_Delete,1,100.0,None,0,0,Incitement to boycott and harass private individual based on religion
MOD-2026-10643,2026-09-16 13:54:44,AGENT_12,Senior (6mo+),Violence_HighRisk,Short_Video,1,Tier2_Escalated,153.9,34.1,0,Remove_Delete,1,100.0,None,0,0,Threatening physical altercation clip uploaded without contextual warning
MOD-2026-12035,2026-09-16 14:15:13,AGENT_07,Core (1-6mo),Hate_Speech,Short_Video,0,Auto_Rejected,3.1,263.4,1,Remove_Delete,0,0.0,None,0,0,Coordinated brigading comments containing coded discriminatory dogwhistles
MOD-2026-12264,2026-09-16 15:06:13,AGENT_10,Core (1-6mo),Fraud_Scams,Static_Image,0,Auto_Approved,5.8,140.9,0,Approve_Keep,0,0.0,None,0,0,Counterfeit luxury goods listing utilizing stolen trademark imagery
MOD-2026-10625,2026-09-16 15:15:05,AGENT_05,Core (1-6mo),Spam_Commercial,Static_Image,0,Auto_Rejected,4.4,30.4,0,Remove_Delete,0,0.0,None,0,0,Repetitive bot activity promoting unverified pharmaceutical supplements
MOD-2026-12365,2026-09-16 15:18:30,AGENT_10,Core (1-6mo),Spam_Commercial,Live_Stream,0,Auto_Rejected,4.8,123.3,0,Remove_Delete,0,0.0,None,0,0,Keyword stuffing and hidden redirects on promotional landing page
MOD-2026-11357,2026-09-16 15:21:34,AGENT_05,Core (1-6mo),Fraud_Scams,Text_Post,0,Auto_Approved,4.4,128.3,0,Approve_Keep,0,0.0,None,0,0,Gift card prize sweepstakes scam targeting senior account holders
MOD-2026-12049,2026-09-16 15:29:04,AGENT_10,Core (1-6mo),Emergency_TCO,Short_Video,1,Auto_Rejected,5.6,15.5,0,Remove_Delete,0,0.0,None,0,0,Violent extremist manifestos distribution attempt flagged by cross-platform hash
MOD-2026-12146,2026-09-16 15:35:00,AGENT_09,Core (1-6mo),Spam_Commercial,Text_Post,0,Auto_Rejected,3.4,135.6,0,Remove_Delete,0,0.0,None,0,0,Keyword stuffing and hidden redirects on promotional landing page
MOD-2026-10371,2026-09-16 15:53:02,AGENT_09,Core (1-6mo),Spam_Commercial,Text_Post,0,Auto_Rejected,5.2,93.2,0,Remove_Delete,0,0.0,None,0,0,Repetitive bot activity promoting unverified pharmaceutical supplements
MOD-2026-11611,2026-09-16 16:24:58,AGENT_05,Core (1-6mo),Spam_Commercial,Static_Image,0,Auto_Approved,3.0,174.9,0,Approve_Keep,0,0.0,None,0,0,Bulk account creation posting duplicate SEO spam articles
MOD-2026-12612,2026-09-16 16:32:21,AGENT_14,Senior (6mo+),Spam_Commercial,Text_Post,0,Tier2_Escalated,11.7,96.9,0,Remove_Delete,0,0.0,None,0,0,Automated script posting identical promotional link 120 times in forum
MOD-2026-12126,2026-09-16 16:55:39,AGENT_06,Core (1-6mo),Violence_HighRisk,Live_Stream,1,Auto_Approved,4.0,179.6,0,Approve_Keep,0,0.0,None,0,0,Self-harm reference in private broadcast requiring immediate crisis triage
MOD-2026-12424,2026-09-16 17:41:59,AGENT_12,Senior (6mo+),Fraud_Scams,Text_Post,0,Auto_Approved,5.5,124.2,0,Approve_Keep,0,0.0,None,0,0,Counterfeit luxury goods listing utilizing stolen trademark imagery
MOD-2026-12598,2026-09-16 17:50:36,AGENT_10,Core (1-6mo),Spam_Commercial,Static_Image,0,Manual_Review,36.3,186.3,0,Approve_Keep,0,0.0,None,0,0,Unsolicited commercial affiliate marketing message blast
MOD-2026-11625,2026-09-16 17:55:32,AGENT_02,New Hire (<30d),Hate_Speech,Text_Post,0,Manual_Review,29.5,127.5,0,Remove_Delete,1,100.0,None,0,0,Coordinated brigading comments containing coded discriminatory dogwhistles
MOD-2026-11106,2026-09-16 18:16:30,AGENT_11,Core (1-6mo),Violence_HighRisk,Short_Video,1,Manual_Review,242.9,89.6,0,Remove_Delete,0,0.0,None,0,0,Threatening physical altercation clip uploaded without contextual warning
MOD-2026-10441,2026-09-16 18:17:12,AGENT_12,Senior (6mo+),Spam_Commercial,Text_Post,0,Manual_Review,22.5,203.8,0,Remove_Delete,0,0.0,None,0,0,Automated script posting identical promotional link 120 times in forum
MOD-2026-10103,2026-09-16 18:31:12,AGENT_07,Core (1-6mo),Hate_Speech,Short_Video,0,Manual_Review,167.5,71.1,0,Remove_Delete,0,0.0,None,0,0,Dehumanizing memes comparing ethnic groups to biological pests
MOD-2026-10877,2026-09-16 19:49:05,AGENT_01,New Hire (<30d),Hate_Speech,Live_Stream,0,Manual_Review,371.4,145.0,0,Approve_Keep,0,0.0,None,0,0,Derogatory slur targeting protected demographic in comment section
MOD-2026-11624,2026-09-16 19:55:41,AGENT_12,Senior (6mo+),Emergency_TCO,Short_Video,1,Auto_Approved,2.9,31.6,0,Approve_Keep,0,0.0,None,0,0,Suspected terrorist recruitment video uploaded across multiple hashtags
MOD-2026-12122,2026-09-16 20:02:41,AGENT_09,Core (1-6mo),Spam_Commercial,Short_Video,0,Manual_Review,93.5,214.6,0,Remove_Delete,0,0.0,None,1,0,Unsolicited commercial affiliate marketing message blast
MOD-2026-12621,2026-09-16 20:04:56,AGENT_01,New Hire (<30d),Violence_HighRisk,Static_Image,1,Manual_Review,67.6,103.5,0,Remove_Delete,0,0.0,None,0,0,Threatening physical altercation clip uploaded without contextual warning
MOD-2026-11224,2026-09-16 20:07:43,AGENT_11,Core (1-6mo),Hate_Speech,Text_Post,0,Auto_Approved,4.7,213.2,0,Approve_Keep,0,0.0,None,0,0,Coordinated brigading comments containing coded discriminatory dogwhistles
MOD-2026-11656,2026-09-16 20:10:24,AGENT_12,Senior (6mo+),Spam_Commercial,Static_Image,0,Manual_Review,28.4,150.9,0,Remove_Delete,0,0.0,None,0,0,Keyword stuffing and hidden redirects on promotional landing page
MOD-2026-11750,2026-09-16 20:46:28,AGENT_09,Core (1-6mo),Spam_Commercial,Text_Post,0,Auto_Rejected,4.5,192.4,0,Remove_Delete,0,0.0,None,1,0,Bulk account creation posting duplicate SEO spam articles
MOD-2026-10249,2026-09-16 21:06:30,AGENT_07,Core (1-6mo),Violence_HighRisk,Static_Image,0,Manual_Review,61.4,128.8,0,Content_Warning,0,0.0,None,0,0,Dangerous weapons demonstration video flagged for policy violation
MOD-2026-10190,2026-09-16 21:08:13,AGENT_05,Core (1-6mo),Spam_Commercial,Static_Image,0,Auto_Approved,5.7,135.2,0,Approve_Keep,0,0.0,None,0,0,Repetitive bot activity promoting unverified pharmaceutical supplements
MOD-2026-10345,2026-09-16 21:13:20,AGENT_11,Core (1-6mo),Hate_Speech,Static_Image,0,Auto_Rejected,5.0,313.2,1,Remove_Delete,0,0.0,None,0,0,Incitement to boycott and harass private individual based on religion
MOD-2026-10426,2026-09-16 21:44:30,AGENT_01,New Hire (<30d),Emergency_TCO,Static_Image,1,Manual_Review,67.0,31.6,0,Remove_Delete,0,0.0,None,1,1,Coordinated tactical propaganda audio recording flagged by intelligence unit
MOD-2026-12168,2026-09-16 21:44:58,AGENT_13,Senior (6mo+),Hate_Speech,Text_Post,0,Tier2_Escalated,25.8,156.8,0,Approve_Keep,0,0.0,None,0,0,Dehumanizing memes comparing ethnic groups to biological pests
MOD-2026-12610,2026-09-16 22:02:53,AGENT_11,Core (1-6mo),Violence_HighRisk,Static_Image,1,Auto_Rejected,5.9,248.2,1,Remove_Delete,0,0.0,None,0,0,Graphic injury footage from sports accident flagged by audience
MOD-2026-11741,2026-09-16 22:24:54,AGENT_10,Core (1-6mo),Violence_HighRisk,Short_Video,1,Manual_Review,169.5,130.3,0,Remove_Delete,0,0.0,None,0,0,Threatening physical altercation clip uploaded without contextual warning
MOD-2026-12155,2026-09-16 22:30:49,AGENT_12,Senior (6mo+),Hate_Speech,Static_Image,1,Tier2_Escalated,38.9,260.9,1,Remove_Delete,1,100.0,None,0,0,Coordinated brigading comments containing coded discriminatory dogwhistles
MOD-2026-10202,2026-09-16 22:49:36,AGENT_11,Core (1-6mo),Fraud_Scams,Text_Post,0,Manual_Review,38.0,202.6,0,Remove_Delete,1,100.0,None,0,0,Phishing link impersonating official platform customer verification support
MOD-2026-12142,2026-09-16 23:21:28,AGENT_15,Senior (6mo+),Hate_Speech,Short_Video,0,Auto_Approved,6.0,119.5,0,Approve_Keep,0,0.0,None,0,0,Nuanced political satire flagged by automated keyword filter as hate
MOD-2026-10539,2026-09-16 23:28:30,AGENT_01,New Hire (<30d),Fraud_Scams,Static_Image,0,Auto_Rejected,5.3,157.0,0,Remove_Delete,0,0.0,None,0,0,Cryptocurrency investment scheme promising guaranteed 500% daily returns
MOD-2026-10718,2026-09-16 23:45:59,AGENT_04,Core (1-6mo),Spam_Commercial,Text_Post,0,Auto_Approved,5.6,134.3,0,Approve_Keep,0,0.0,None,0,0,Repetitive bot activity promoting unverified pharmaceutical supplements
MOD-2026-10545,2026-09-17 00:08:52,AGENT_11,Core (1-6mo),Spam_Commercial,Text_Post,0,Manual_Review,26.9,201.1,0,Remove_Delete,0,0.0,None,0,0,Bulk account creation posting duplicate SEO spam articles
MOD-2026-12651,2026-09-17 00:41:57,AGENT_11,Core (1-6mo),Hate_Speech,Static_Image,0,Manual_Review,52.1,272.9,1,Remove_Delete,0,0.0,None,0,0,Coordinated brigading comments containing coded discriminatory dogwhistles
MOD-2026-10397,2026-09-17 00:45:50,AGENT_06,Core (1-6mo),Fraud_Scams,Text_Post,0,Auto_Rejected,2.5,186.4,0,Remove_Delete,0,0.0,None,1,0,Counterfeit luxury goods listing utilizing stolen trademark imagery
MOD-2026-12171,2026-09-17 01:22:25,AGENT_11,Core (1-6mo),Emergency_TCO,Text_Post,1,Auto_Rejected,3.7,42.1,0,Remove_Delete,0,0.0,None,0,0,Urgent notice-and-action request under EU 1-hour removal mandate
MOD-2026-12427,2026-09-17 01:33:24,AGENT_05,Core (1-6mo),Violence_HighRisk,Short_Video,1,Manual_Review,243.0,204.6,1,Remove_Delete,0,0.0,None,0,0,Threatening physical altercation clip uploaded without contextual warning
MOD-2026-10822,2026-09-17 02:23:12,AGENT_05,Core (1-6mo),Hate_Speech,Text_Post,0,Manual_Review,23.7,145.0,0,Account_Suspend,0,0.0,None,0,0,Derogatory slur targeting protected demographic in comment section
MOD-2026-11612,2026-09-17 02:23:28,AGENT_04,Core (1-6mo),Fraud_Scams,Text_Post,0,Manual_Review,43.4,176.7,0,Remove_Delete,0,0.0,None,0,0,Cryptocurrency investment scheme promising guaranteed 500% daily returns
MOD-2026-11682,2026-09-17 02:57:11,AGENT_03,New Hire (<30d),Spam_Commercial,Text_Post,0,Auto_Rejected,5.9,118.6,0,Remove_Delete,0,0.0,None,0,0,Repetitive bot activity promoting unverified pharmaceutical supplements
MOD-2026-10580,2026-09-17 03:03:56,AGENT_04,Core (1-6mo),Violence_HighRisk,Short_Video,1,Manual_Review,144.3,48.1,0,Remove_Delete,0,0.0,None,1,0,Threatening physical altercation clip uploaded without contextual warning
MOD-2026-12022,2026-09-17 03:03:56,AGENT_07,Core (1-6mo),Violence_HighRisk,Static_Image,0,Auto_Rejected,2.8,153.5,0,Remove_Delete,0,0.0,None,0,0,Graphic injury footage from sports accident flagged by audience
MOD-2026-11823,2026-09-17 03:10:00,AGENT_08,Core (1-6mo),Spam_Commercial,Text_Post,0,Auto_Approved,5.4,38.9,0,Approve_Keep,0,0.0,None,0,0,Keyword stuffing and hidden redirects on promotional landing page
MOD-2026-12174,2026-09-17 03:12:38,AGENT_15,Senior (6mo+),Violence_HighRisk,Live_Stream,1,Tier2_Escalated,309.8,90.0,0,Content_Warning,0,0.0,None,0,0,Reported altercation outside transit station with physical violence
MOD-2026-12101,2026-09-17 03:23:55,AGENT_01,New Hire (<30d),Fraud_Scams,Static_Image,0,Auto_Rejected,5.9,127.5,0,Remove_Delete,1,100.0,None,1,0,Phishing link impersonating official platform customer verification support
MOD-2026-11715,2026-09-17 03:36:24,AGENT_04,Core (1-6mo),Spam_Commercial,Text_Post,0,Auto_Approved,3.1,185.8,0,Approve_Keep,0,0.0,None,0,0,Unsolicited commercial affiliate marketing message blast
MOD-2026-12550,2026-09-17 04:03:46,AGENT_15,Senior (6mo+),Spam_Commercial,Text_Post,0,Manual_Review,19.8,33.7,0,Remove_Delete,0,0.0,None,0,0,Bulk account creation posting duplicate SEO spam articles
MOD-2026-11322,2026-09-17 04:32:32,AGENT_08,Core (1-6mo),Spam_Commercial,Text_Post,0,Manual_Review,26.4,205.2,0,Remove_Delete,0,0.0,None,0,0,Bulk account creation posting duplicate SEO spam articles
MOD-2026-10777,2026-09-17 04:45:11,AGENT_11,Core (1-6mo),Spam_Commercial,Static_Image,0,Auto_Rejected,5.7,168.6,0,Remove_Delete,0,0.0,None,0,0,Keyword stuffing and hidden redirects on promotional landing page
MOD-2026-11917,2026-09-17 04:50:07,AGENT_10,Core (1-6mo),Spam_Commercial,Static_Image,0,Auto_Rejected,4.1,215.8,0,Remove_Delete,0,0.0,None,1,0,Keyword stuffing and hidden redirects on promotional landing page
MOD-2026-12097,2026-09-17 04:52:00,AGENT_11,Core (1-6mo),Hate_Speech,Static_Image,0,Manual_Review,49.7,293.1,1,Content_Warning,0,0.0,None,0,0,Nuanced political satire flagged by automated keyword filter as hate
MOD-2026-11158,2026-09-17 04:56:12,AGENT_10,Core (1-6mo),Fraud_Scams,Static_Image,0,Auto_Approved,4.6,32.9,0,Approve_Keep,0,0.0,None,0,0,Phishing link impersonating official platform customer verification support
MOD-2026-11074,2026-09-17 05:12:11,AGENT_12,Senior (6mo+),Violence_HighRisk,Short_Video,0,Manual_Review,150.9,35.3,0,Remove_Delete,0,0.0,None,0,0,Reported altercation outside transit station with physical violence
MOD-2026-10349,2026-09-17 05:20:13,AGENT_13,Senior (6mo+),Spam_Commercial,Text_Post,0,Auto_Approved,4.9,158.6,0,Approve_Keep,1,100.0,None,0,0,Bulk account creation posting duplicate SEO spam articles
MOD-2026-10261,2026-09-17 05:34:45,AGENT_02,New Hire (<30d),Hate_Speech,Text_Post,0,Auto_Rejected,2.9,230.2,0,Remove_Delete,1,100.0,None,0,0,Derogatory slur targeting protected demographic in comment section
MOD-2026-11591,2026-09-17 05:54:20,AGENT_06,Core (1-6mo),Emergency_TCO,Text_Post,1,Manual_Review,25.0,51.8,0,Escalate,0,0.0,None,0,0,Emergency legal escalation concerning imminent threat of platform violence
MOD-2026-12798,2026-09-17 05:54:23,AGENT_01,New Hire (<30d),Violence_HighRisk,Short_Video,0,Manual_Review,271.1,234.5,1,Remove_Delete,0,0.0,None,0,0,Dangerous weapons demonstration video flagged for policy violation
MOD-2026-12034,2026-09-17 06:17:39,AGENT_09,Core (1-6mo),Fraud_Scams,Text_Post,0,Auto_Approved,4.4,97.9,0,Approve_Keep,0,0.0,None,0,0,Gift card prize sweepstakes scam targeting senior account holders
MOD-2026-11758,2026-09-17 06:51:12,AGENT_14,Senior (6mo+),Spam_Commercial,Text_Post,0,Auto_Rejected,5.9,89.9,0,Remove_Delete,0,0.0,None,0,0,Automated script posting identical promotional link 120 times in forum
MOD-2026-11154,2026-09-17 07:06:50,AGENT_01,New Hire (<30d),Hate_Speech,Short_Video,1,Auto_Rejected,4.2,165.7,0,Remove_Delete,0,0.0,None,0,0,Dehumanizing memes comparing ethnic groups to biological pests
MOD-2026-10587,2026-09-17 07:09:41,AGENT_04,Core (1-6mo),Fraud_Scams,Text_Post,0,Manual_Review,40.5,199.0,0,Account_Suspend,0,0.0,None,0,0,Phishing link impersonating official platform customer verification support
MOD-2026-10842,2026-09-17 07:10:27,AGENT_12,Senior (6mo+),Spam_Commercial,Static_Image,0,Auto_Rejected,2.9,53.9,0,Remove_Delete,1,100.0,None,0,0,Repetitive bot activity promoting unverified pharmaceutical supplements
MOD-2026-11582,2026-09-17 07:45:23,AGENT_10,Core (1-6mo),Fraud_Scams,Text_Post,0,Auto_Rejected,3.0,42.5,0,Remove_Delete,0,0.0,None,0,0,Phishing link impersonating official platform customer verification support
MOD-2026-11884,2026-09-17 08:07:18,AGENT_01,New Hire (<30d),Fraud_Scams,Short_Video,0,Auto_Approved,4.3,175.8,0,Approve_Keep,0,0.0,None,0,0,Cryptocurrency investment scheme promising guaranteed 500% daily returns
MOD-2026-12108,2026-09-17 08:12:16,AGENT_14,Senior (6mo+),Hate_Speech,Text_Post,0,Tier2_Escalated,18.1,140.4,0,Remove_Delete,0,0.0,None,0,0,Nuanced political satire flagged by automated keyword filter as hate
MOD-2026-11192,2026-09-17 08:27:26,AGENT_04,Core (1-6mo),Emergency_TCO,Static_Image,1,Manual_Review,98.9,40.3,0,Remove_Delete,0,0.0,None,0,0,Coordinated tactical propaganda audio recording flagged by intelligence unit
MOD-2026-11310,2026-09-17 08:33:26,AGENT_12,Senior (6mo+),Spam_Commercial,Text_Post,0,Auto_Approved,5.6,112.7,0,Approve_Keep,0,0.0,None,0,0,Automated script posting identical promotional link 120 times in forum
MOD-2026-12185,2026-09-17 08:52:31,AGENT_03,New Hire (<30d),Fraud_Scams,Static_Image,0,Auto_Approved,5.4,144.1,0,Approve_Keep,0,0.0,None,0,0,Unauthorized credential harvesting page embedded in bio link
MOD-2026-12622,2026-09-17 08:54:54,AGENT_04,Core (1-6mo),Spam_Commercial,Short_Video,0,Manual_Review,120.7,91.8,0,Remove_Delete,0,0.0,None,0,0,Automated script posting identical promotional link 120 times in forum
MOD-2026-11728,2026-09-17 08:55:42,AGENT_11,Core (1-6mo),Fraud_Scams,Short_Video,0,Auto_Approved,3.0,121.2,0,Approve_Keep,0,0.0,None,0,0,Cryptocurrency investment scheme promising guaranteed 500% daily returns
MOD-2026-11238,2026-09-17 08:56:08,AGENT_14,Senior (6mo+),Hate_Speech,Static_Image,0,Auto_Approved,4.2,56.6,0,Approve_Keep,0,0.0,None,0,0,Dehumanizing memes comparing ethnic groups to biological pests
MOD-2026-11149,2026-09-17 09:08:21,AGENT_07,Core (1-6mo),Hate_Speech,Text_Post,0,Auto_Approved,4.2,96.2,0,Approve_Keep,0,0.0,None,0,0,Incitement to boycott and harass private individual based on religion
MOD-2026-10920,2026-09-17 09:58:27,AGENT_02,New Hire (<30d),Fraud_Scams,Text_Post,0,Auto_Approved,5.3,87.1,0,Approve_Keep,0,0.0,None,0,0,Counterfeit luxury goods listing utilizing stolen trademark imagery
MOD-2026-11934,2026-09-17 10:18:06,AGENT_09,Core (1-6mo),Violence_HighRisk,Short_Video,1,Manual_Review,251.0,102.5,0,Approve_Keep,1,100.0,None,0,0,Reported altercation outside transit station with physical violence
MOD-2026-12512,2026-09-17 10:26:13,AGENT_04,Core (1-6mo),Spam_Commercial,Short_Video,0,Auto_Approved,5.7,26.8,0,Approve_Keep,0,0.0,None,0,0,Keyword stuffing and hidden redirects on promotional landing page
MOD-2026-11301,2026-09-17 10:54:27,AGENT_10,Core (1-6mo),Hate_Speech,Text_Post,1,Manual_Review,21.3,225.0,0,Remove_Delete,0,0.0,None,0,0,Dehumanizing memes comparing ethnic groups to biological pests
MOD-2026-11385,2026-09-17 11:06:14,AGENT_12,Senior (6mo+),Fraud_Scams,Text_Post,0,Manual_Review,26.6,155.4,0,Account_Suspend,0,0.0,None,0,0,Gift card prize sweepstakes scam targeting senior account holders
MOD-2026-12371,2026-09-17 11:11:03,AGENT_12,Senior (6mo+),Fraud_Scams,Text_Post,0,Auto_Approved,3.4,55.6,0,Approve_Keep,0,0.0,None,0,0,Phishing link impersonating official platform customer verification support
MOD-2026-11722,2026-09-17 11:38:43,AGENT_12,Senior (6mo+),Violence_HighRisk,Static_Image,1,Manual_Review,67.8,184.2,1,Remove_Delete,0,0.0,None,0,0,Reported altercation outside transit station with physical violence
MOD-2026-12519,2026-09-17 11:45:00,AGENT_15,Senior (6mo+),Spam_Commercial,Text_Post,0,Auto_Rejected,3.5,128.6,0,Remove_Delete,0,0.0,None,0,0,Automated script posting identical promotional link 120 times in forum
MOD-2026-10630,2026-09-17 11:48:25,AGENT_02,New Hire (<30d),Violence_HighRisk,Short_Video,1,Manual_Review,340.4,243.3,1,Approve_Keep,0,0.0,None,0,0,Self-harm reference in private broadcast requiring immediate crisis triage
MOD-2026-12693,2026-09-17 12:02:55,AGENT_12,Senior (6mo+),Spam_Commercial,Text_Post,0,Auto_Rejected,5.1,70.9,0,Remove_Delete,0,0.0,None,0,0,Bulk account creation posting duplicate SEO spam articles
MOD-2026-12261,2026-09-17 12:06:12,AGENT_07,Core (1-6mo),Violence_HighRisk,Static_Image,1,Manual_Review,46.0,207.2,1,Remove_Delete,0,0.0,None,0,0,Self-harm reference in private broadcast requiring immediate crisis triage
MOD-2026-10981,2026-09-17 13:00:25,AGENT_04,Core (1-6mo),Fraud_Scams,Static_Image,0,Auto_Approved,5.9,102.0,0,Approve_Keep,1,100.0,None,0,0,Phishing link impersonating official platform customer verification support
MOD-2026-12632,2026-09-17 13:02:02,AGENT_15,Senior (6mo+),Violence_HighRisk,Live_Stream,1,Manual_Review,303.3,93.2,0,Escalate,0,0.0,None,0,0,Dangerous weapons demonstration video flagged for policy violation
MOD-2026-12534,2026-09-17 13:03:05,AGENT_14,Senior (6mo+),Violence_HighRisk,Short_Video,0,Auto_Rejected,2.7,53.1,0,Remove_Delete,0,0.0,None,0,0,Reported altercation outside transit station with physical violence
MOD-2026-11695,2026-09-17 13:30:44,AGENT_11,Core (1-6mo),Violence_HighRisk,Short_Video,0,Auto_Rejected,5.2,135.9,0,Remove_Delete,0,0.0,None,0,0,Self-harm reference in private broadcast requiring immediate crisis triage
MOD-2026-12487,2026-09-17 14:11:20,AGENT_14,Senior (6mo+),Violence_HighRisk,Live_Stream,1,Manual_Review,227.7,187.0,1,Remove_Delete,1,100.0,None,0,0,Graphic injury footage from sports accident flagged by audience
MOD-2026-10649,2026-09-17 14:11:23,AGENT_06,Core (1-6mo),Spam_Commercial,Text_Post,0,Auto_Rejected,3.4,149.7,0,Remove_Delete,0,0.0,None,0,0,Keyword stuffing and hidden redirects on promotional landing page
MOD-2026-10463,2026-09-17 14:30:44,AGENT_03,New Hire (<30d),Hate_Speech,Text_Post,1,Manual_Review,43.2,211.3,0,Remove_Delete,0,0.0,None,0,0,Nuanced political satire flagged by automated keyword filter as hate
MOD-2026-10748,2026-09-17 14:47:43,AGENT_01,New Hire (<30d),Fraud_Scams,Static_Image,0,Auto_Approved,5.6,81.8,0,Approve_Keep,0,0.0,None,0,0,Cryptocurrency investment scheme promising guaranteed 500% daily returns
MOD-2026-10385,2026-09-17 14:53:49,AGENT_09,Core (1-6mo),Spam_Commercial,Text_Post,0,Auto_Rejected,3.2,161.8,0,Remove_Delete,0,0.0,None,0,0,Automated script posting identical promotional link 120 times in forum
MOD-2026-10277,2026-09-17 15:11:15,AGENT_05,Core (1-6mo),Emergency_TCO,Static_Image,1,Manual_Review,70.7,62.5,1,Remove_Delete,0,0.0,None,0,0,Emergency legal escalation concerning imminent threat of platform violence
MOD-2026-10422,2026-09-17 15:14:38,AGENT_13,Senior (6mo+),Violence_HighRisk,Text_Post,1,Manual_Review,38.1,259.5,1,Remove_Delete,0,0.0,None,0,0,Dangerous weapons demonstration video flagged for policy violation
MOD-2026-12344,2026-09-17 15:46:49,AGENT_14,Senior (6mo+),Fraud_Scams,Text_Post,0,Auto_Rejected,5.2,70.3,0,Remove_Delete,0,0.0,None,0,0,Cryptocurrency investment scheme promising guaranteed 500% daily returns
MOD-2026-10772,2026-09-17 16:06:55,AGENT_02,New Hire (<30d),Fraud_Scams,Static_Image,0,Manual_Review,62.4,207.8,0,Account_Suspend,0,0.0,None,0,0,Phishing link impersonating official platform customer verification support
MOD-2026-10516,2026-09-17 16:14:06,AGENT_14,Senior (6mo+),Hate_Speech,Static_Image,0,Auto_Approved,3.5,264.3,1,Approve_Keep,0,0.0,None,0,0,Incitement to boycott and harass private individual based on religion
MOD-2026-11451,2026-09-17 16:28:18,AGENT_14,Senior (6mo+),Spam_Commercial,Static_Image,0,Auto_Approved,5.6,189.6,0,Approve_Keep,0,0.0,None,0,0,Repetitive bot activity promoting unverified pharmaceutical supplements
MOD-2026-11046,2026-09-17 16:58:58,AGENT_07,Core (1-6mo),Spam_Commercial,Short_Video,0,Auto_Rejected,3.4,135.5,0,Remove_Delete,0,0.0,None,0,0,Unsolicited commercial affiliate marketing message blast
MOD-2026-10412,2026-09-17 17:21:37,AGENT_02,New Hire (<30d),Fraud_Scams,Short_Video,0,Manual_Review,155.0,99.4,0,Approve_Keep,0,0.0,None,0,0,Unauthorized credential harvesting page embedded in bio link
MOD-2026-11754,2026-09-17 17:43:43,AGENT_12,Senior (6mo+),Fraud_Scams,Text_Post,0,Auto_Rejected,4.0,182.1,0,Remove_Delete,0,0.0,None,0,0,Gift card prize sweepstakes scam targeting senior account holders
MOD-2026-12315,2026-09-17 17:49:11,AGENT_04,Core (1-6mo),Fraud_Scams,Static_Image,0,Auto_Rejected,5.2,168.0,0,Remove_Delete,0,0.0,None,1,0,Unauthorized credential harvesting page embedded in bio link
MOD-2026-10849,2026-09-17 18:01:11,AGENT_08,Core (1-6mo),Hate_Speech,Text_Post,0,Auto_Rejected,5.7,61.4,0,Remove_Delete,0,0.0,None,0,0,Dehumanizing memes comparing ethnic groups to biological pests
MOD-2026-10405,2026-09-17 18:43:58,AGENT_13,Senior (6mo+),Fraud_Scams,Short_Video,0,Auto_Approved,3.0,181.1,0,Approve_Keep,0,0.0,None,0,0,Unauthorized credential harvesting page embedded in bio link
MOD-2026-11965,2026-09-17 19:10:43,AGENT_01,New Hire (<30d),Hate_Speech,Static_Image,0,Auto_Rejected,3.4,118.4,0,Remove_Delete,0,0.0,None,0,0,Dehumanizing memes comparing ethnic groups to biological pests
MOD-2026-11641,2026-09-17 19:20:53,AGENT_14,Senior (6mo+),Fraud_Scams,Static_Image,0,Manual_Review,33.5,129.5,0,Remove_Delete,0,0.0,None,0,0,Gift card prize sweepstakes scam targeting senior account holders
MOD-2026-10191,2026-09-17 20:00:47,AGENT_05,Core (1-6mo),Hate_Speech,Text_Post,0,Auto_Rejected,4.4,207.7,0,Remove_Delete,0,0.0,None,0,0,Nuanced political satire flagged by automated keyword filter as hate
MOD-2026-12553,2026-09-17 20:38:42,AGENT_02,New Hire (<30d),Hate_Speech,Text_Post,0,Manual_Review,38.1,124.5,0,Approve_Keep,0,0.0,None,0,0,Nuanced political satire flagged by automated keyword filter as hate
MOD-2026-12054,2026-09-17 21:20:12,AGENT_09,Core (1-6mo),Hate_Speech,Text_Post,0,Auto_Approved,3.0,124.1,0,Approve_Keep,0,0.0,None,0,0,Derogatory slur targeting protected demographic in comment section
MOD-2026-12360,2026-09-17 21:26:29,AGENT_15,Senior (6mo+),Hate_Speech,Text_Post,1,Tier2_Escalated,25.5,213.4,0,Remove_Delete,0,0.0,None,0,0,Incitement to boycott and harass private individual based on religion
MOD-2026-10265,2026-09-17 21:29:07,AGENT_05,Core (1-6mo),Hate_Speech,Live_Stream,0,Auto_Approved,5.7,291.8,1,Approve_Keep,0,0.0,None,0,0,Incitement to boycott and harass private individual based on religion
MOD-2026-11924,2026-09-17 21:31:08,AGENT_15,Senior (6mo+),Fraud_Scams,Text_Post,0,Manual_Review,14.7,65.0,0,Account_Suspend,0,0.0,None,0,0,Cryptocurrency investment scheme promising guaranteed 500% daily returns
MOD-2026-10825,2026-09-17 21:35:02,AGENT_15,Senior (6mo+),Fraud_Scams,Text_Post,0,Auto_Rejected,4.7,140.4,0,Remove_Delete,1,100.0,None,0,0,Cryptocurrency investment scheme promising guaranteed 500% daily returns
MOD-2026-10918,2026-09-17 22:00:42,AGENT_08,Core (1-6mo),Violence_HighRisk,Short_Video,1,Manual_Review,132.2,32.9,0,Remove_Delete,0,0.0,None,0,0,Graphic injury footage from sports accident flagged by audience
MOD-2026-11855,2026-09-17 22:39:26,AGENT_10,Core (1-6mo),Hate_Speech,Text_Post,0,Auto_Rejected,3.4,205.1,0,Remove_Delete,0,0.0,None,0,0,Nuanced political satire flagged by automated keyword filter as hate
MOD-2026-11171,2026-09-17 22:58:51,AGENT_12,Senior (6mo+),Emergency_TCO,Short_Video,1,Tier2_Escalated,144.7,70.0,1,Escalate,0,0.0,None,0,0,Emergency legal escalation concerning imminent threat of platform violence
MOD-2026-10013,2026-09-17 22:58:55,AGENT_08,Core (1-6mo),Violence_HighRisk,Live_Stream,0,Auto_Rejected,5.9,152.5,0,Remove_Delete,0,0.0,None,0,0,Self-harm reference in private broadcast requiring immediate crisis triage
MOD-2026-10888,2026-09-17 23:17:46,AGENT_14,Senior (6mo+),Fraud_Scams,Text_Post,0,Auto_Approved,5.2,177.2,0,Approve_Keep,0,0.0,None,0,0,Phishing link impersonating official platform customer verification support
MOD-2026-11813,2026-09-17 23:36:06,AGENT_03,New Hire (<30d),Fraud_Scams,Text_Post,0,Auto_Approved,4.0,173.1,0,Approve_Keep,0,0.0,None,0,0,Phishing link impersonating official platform customer verification support
MOD-2026-12713,2026-09-17 23:36:41,AGENT_08,Core (1-6mo),Spam_Commercial,Text_Post,0,Manual_Review,12.4,103.8,0,Remove_Delete,0,0.0,None,0,0,Unsolicited commercial affiliate marketing message blast
MOD-2026-12313,2026-09-17 23:43:45,AGENT_02,New Hire (<30d),Spam_Commercial,Text_Post,0,Auto_Approved,5.4,153.0,0,Approve_Keep,0,0.0,None,0,0,Automated script posting identical promotional link 120 times in forum
MOD-2026-11417,2026-09-17 23:47:10,AGENT_02,New Hire (<30d),Fraud_Scams,Text_Post,0,Manual_Review,31.4,27.3,0,Remove_Delete,0,0.0,None,0,0,Gift card prize sweepstakes scam targeting senior account holders
MOD-2026-10356,2026-09-18 00:01:32,AGENT_01,New Hire (<30d),Spam_Commercial,Text_Post,0,Auto_Rejected,3.6,203.2,0,Remove_Delete,0,0.0,None,0,0,Keyword stuffing and hidden redirects on promotional landing page
MOD-2026-11178,2026-09-18 00:04:17,AGENT_03,New Hire (<30d),Fraud_Scams,Short_Video,0,Auto_Rejected,5.4,94.4,0,Remove_Delete,0,0.0,None,1,1,Cryptocurrency investment scheme promising guaranteed 500% daily returns
MOD-2026-10189,2026-09-18 00:23:47,AGENT_12,Senior (6mo+),Hate_Speech,Text_Post,1,Manual_Review,38.1,112.3,0,Approve_Keep,0,0.0,None,0,0,Coordinated brigading comments containing coded discriminatory dogwhistles
MOD-2026-11880,2026-09-18 00:26:16,AGENT_08,Core (1-6mo),Violence_HighRisk,Short_Video,0,Manual_Review,216.9,157.6,0,Approve_Keep,0,0.0,None,0,0,Threatening physical altercation clip uploaded without contextual warning
MOD-2026-12198,2026-09-18 00:28:48,AGENT_04,Core (1-6mo),Fraud_Scams,Short_Video,0,Auto_Rejected,6.0,21.0,0,Remove_Delete,0,0.0,None,0,0,Counterfeit luxury goods listing utilizing stolen trademark imagery
MOD-2026-11410,2026-09-18 00:53:51,AGENT_04,Core (1-6mo),Fraud_Scams,Static_Image,0,Auto_Approved,4.8,219.9,0,Approve_Keep,1,100.0,None,0,0,Phishing link impersonating official platform customer verification support
MOD-2026-12546,2026-09-18 01:37:58,AGENT_03,New Hire (<30d),Hate_Speech,Text_Post,0,Auto_Rejected,3.0,71.4,0,Remove_Delete,1,100.0,None,0,0,Incitement to boycott and harass private individual based on religion
MOD-2026-10221,2026-09-18 01:58:30,AGENT_08,Core (1-6mo),Hate_Speech,Text_Post,0,Auto_Rejected,4.2,155.2,0,Remove_Delete,0,0.0,None,0,0,Nuanced political satire flagged by automated keyword filter as hate
MOD-2026-12508,2026-09-18 02:27:47,AGENT_07,Core (1-6mo),Fraud_Scams,Static_Image,0,Auto_Approved,3.4,126.2,0,Approve_Keep,0,0.0,None,0,0,Counterfeit luxury goods listing utilizing stolen trademark imagery
MOD-2026-10263,2026-09-18 02:37:51,AGENT_13,Senior (6mo+),Fraud_Scams,Static_Image,0,Manual_Review,55.5,166.5,0,Remove_Delete,0,0.0,None,0,0,Unauthorized credential harvesting page embedded in bio link
MOD-2026-10532,2026-09-18 02:44:44,AGENT_01,New Hire (<30d),Spam_Commercial,Text_Post,0,Auto_Approved,5.4,39.5,0,Approve_Keep,0,0.0,None,0,0,Keyword stuffing and hidden redirects on promotional landing page
MOD-2026-11572,2026-09-18 02:59:40,AGENT_03,New Hire (<30d),Fraud_Scams,Static_Image,0,Manual_Review,68.1,26.1,0,Account_Suspend,0,0.0,None,0,0,Cryptocurrency investment scheme promising guaranteed 500% daily returns
MOD-2026-11497,2026-09-18 03:08:49,AGENT_13,Senior (6mo+),Violence_HighRisk,Text_Post,1,Tier2_Escalated,38.0,121.3,0,Content_Warning,0,0.0,None,0,0,Dangerous weapons demonstration video flagged for policy violation
MOD-2026-11991,2026-09-18 03:11:56,AGENT_15,Senior (6mo+),Spam_Commercial,Static_Image,0,Auto_Approved,4.4,43.8,0,Approve_Keep,0,0.0,None,0,0,Keyword stuffing and hidden redirects on promotional landing page
MOD-2026-12557,2026-09-18 03:12:02,AGENT_15,Senior (6mo+),Fraud_Scams,Text_Post,0,Tier2_Escalated,27.3,166.8,0,Approve_Keep,0,0.0,None,0,0,Counterfeit luxury goods listing utilizing stolen trademark imagery
MOD-2026-10205,2026-09-18 03:21:27,AGENT_14,Senior (6mo+),Emergency_TCO,Static_Image,1,Manual_Review,35.7,74.5,1,Remove_Delete,1,100.0,None,0,0,Coordinated tactical propaganda audio recording flagged by intelligence unit
MOD-2026-11272,2026-09-18 03:23:08,AGENT_03,New Hire (<30d),Spam_Commercial,Static_Image,0,Auto_Approved,3.2,59.3,0,Approve_Keep,0,0.0,None,0,0,Keyword stuffing and hidden redirects on promotional landing page
MOD-2026-12250,2026-09-18 03:24:10,AGENT_10,Core (1-6mo),Hate_Speech,Static_Image,0,Manual_Review,41.1,294.7,1,Remove_Delete,0,0.0,None,1,1,Dehumanizing memes comparing ethnic groups to biological pests
MOD-2026-10775,2026-09-18 03:31:49,AGENT_07,Core (1-6mo),Hate_Speech,Static_Image,0,Auto_Approved,2.6,300.5,1,Approve_Keep,0,0.0,None,0,0,Nuanced political satire flagged by automated keyword filter as hate
MOD-2026-12396,2026-09-18 03:51:23,AGENT_12,Senior (6mo+),Hate_Speech,Static_Image,1,Manual_Review,53.8,91.1,0,Remove_Delete,0,0.0,None,0,0,Derogatory slur targeting protected demographic in comment section
MOD-2026-11647,2026-09-18 03:55:48,AGENT_09,Core (1-6mo),Hate_Speech,Text_Post,0,Manual_Review,23.5,137.3,0,Approve_Keep,0,0.0,None,0,0,Dehumanizing memes comparing ethnic groups to biological pests
MOD-2026-10075,2026-09-18 03:58:01,AGENT_10,Core (1-6mo),Fraud_Scams,Text_Post,0,Auto_Approved,5.6,192.8,0,Approve_Keep,0,0.0,None,0,0,Unauthorized credential harvesting page embedded in bio link
MOD-2026-12379,2026-09-18 04:59:08,AGENT_04,Core (1-6mo),Hate_Speech,Text_Post,0,Auto_Approved,4.9,69.4,0,Approve_Keep,0,0.0,None,0,0,Derogatory slur targeting protected demographic in comment section
MOD-2026-11487,2026-09-18 05:09:09,AGENT_06,Core (1-6mo),Hate_Speech,Text_Post,0,Manual_Review,20.9,90.4,0,Remove_Delete,0,0.0,None,1,0,Dehumanizing memes comparing ethnic groups to biological pests
MOD-2026-10040,2026-09-18 05:15:44,AGENT_15,Senior (6mo+),Emergency_TCO,Short_Video,1,Tier2_Escalated,139.1,52.8,0,Remove_Delete,0,0.0,None,0,0,Urgent notice-and-action request under EU 1-hour removal mandate
MOD-2026-11895,2026-09-18 05:31:29,AGENT_05,Core (1-6mo),Hate_Speech,Short_Video,0,Auto_Rejected,2.8,134.6,0,Remove_Delete,0,0.0,None,0,0,Incitement to boycott and harass private individual based on religion
MOD-2026-11311,2026-09-18 05:52:19,AGENT_05,Core (1-6mo),Spam_Commercial,Static_Image,0,Manual_Review,34.4,90.1,0,Account_Suspend,0,0.0,None,0,0,Automated script posting identical promotional link 120 times in forum
MOD-2026-10467,2026-09-18 06:17:11,AGENT_09,Core (1-6mo),Fraud_Scams,Text_Post,0,Manual_Review,27.6,173.0,0,Account_Suspend,0,0.0,None,0,0,Counterfeit luxury goods listing utilizing stolen trademark imagery
MOD-2026-10274,2026-09-18 06:21:36,AGENT_08,Core (1-6mo),Fraud_Scams,Static_Image,0,Manual_Review,33.1,76.0,0,Remove_Delete,0,0.0,None,0,0,Gift card prize sweepstakes scam targeting senior account holders
MOD-2026-12425,2026-09-18 06:29:05,AGENT_05,Core (1-6mo),Fraud_Scams,Short_Video,0,Manual_Review,103.4,162.3,0,Remove_Delete,0,0.0,None,0,0,Phishing link impersonating official platform customer verification support
MOD-2026-12120,2026-09-18 06:59:55,AGENT_10,Core (1-6mo),Fraud_Scams,Text_Post,0,Auto_Rejected,5.1,167.0,0,Remove_Delete,0,0.0,None,0,0,Counterfeit luxury goods listing utilizing stolen trademark imagery
MOD-2026-11762,2026-09-18 07:43:02,AGENT_03,New Hire (<30d),Fraud_Scams,Text_Post,0,Manual_Review,44.5,23.3,0,Remove_Delete,0,0.0,None,0,0,Unauthorized credential harvesting page embedded in bio link
MOD-2026-10700,2026-09-18 07:57:17,AGENT_06,Core (1-6mo),Violence_HighRisk,Static_Image,1,Auto_Approved,3.3,46.8,0,Approve_Keep,0,0.0,None,0,0,Threatening physical altercation clip uploaded without contextual warning
MOD-2026-12007,2026-09-18 08:50:04,AGENT_12,Senior (6mo+),Spam_Commercial,Text_Post,0,Auto_Approved,3.3,34.5,0,Approve_Keep,0,0.0,None,0,0,Keyword stuffing and hidden redirects on promotional landing page
MOD-2026-11547,2026-09-18 09:16:23,AGENT_14,Senior (6mo+),Hate_Speech,Static_Image,0,Manual_Review,66.4,241.6,1,Approve_Keep,0,0.0,None,0,0,Nuanced political satire flagged by automated keyword filter as hate
MOD-2026-12668,2026-09-18 09:19:41,AGENT_06,Core (1-6mo),Fraud_Scams,Short_Video,0,Auto_Rejected,3.7,86.6,0,Remove_Delete,0,0.0,None,0,0,Counterfeit luxury goods listing utilizing stolen trademark imagery
MOD-2026-11246,2026-09-18 09:32:41,AGENT_01,New Hire (<30d),Violence_HighRisk,Static_Image,1,Auto_Approved,5.8,243.9,1,Approve_Keep,0,0.0,None,0,0,Threatening physical altercation clip uploaded without contextual warning
MOD-2026-11060,2026-09-18 09:40:16,AGENT_08,Core (1-6mo),Violence_HighRisk,Short_Video,1,Auto_Rejected,3.5,253.5,1,Remove_Delete,0,0.0,None,0,0,Self-harm reference in private broadcast requiring immediate crisis triage
MOD-2026-11163,2026-09-18 09:52:20,AGENT_13,Senior (6mo+),Emergency_TCO,Short_Video,1,Tier2_Escalated,100.9,70.7,1,Remove_Delete,0,0.0,None,1,0,Coordinated tactical propaganda audio recording flagged by intelligence unit
MOD-2026-10275,2026-09-18 10:16:41,AGENT_07,Core (1-6mo),Fraud_Scams,Static_Image,0,Manual_Review,69.3,91.8,0,Remove_Delete,0,0.0,None,0,0,Gift card prize sweepstakes scam targeting senior account holders
MOD-2026-12763,2026-09-18 10:51:36,AGENT_07,Core (1-6mo),Violence_HighRisk,Static_Image,0,Manual_Review,60.6,152.9,0,Remove_Delete,0,0.0,None,0,0,Self-harm reference in private broadcast requiring immediate crisis triage
MOD-2026-10895,2026-09-18 11:22:46,AGENT_07,Core (1-6mo),Violence_HighRisk,Short_Video,0,Auto_Rejected,5.3,165.1,0,Remove_Delete,0,0.0,None,0,0,Threatening physical altercation clip uploaded without contextual warning
MOD-2026-11558,2026-09-18 11:31:29,AGENT_14,Senior (6mo+),Violence_HighRisk,Static_Image,1,Manual_Review,44.6,237.7,1,Content_Warning,0,0.0,None,0,0,Threatening physical altercation clip uploaded without contextual warning
MOD-2026-10971,2026-09-18 11:52:08,AGENT_02,New Hire (<30d),Spam_Commercial,Static_Image,0,Auto_Rejected,4.8,187.2,0,Remove_Delete,0,0.0,None,0,0,Automated script posting identical promotional link 120 times in forum
MOD-2026-12186,2026-09-18 11:56:52,AGENT_07,Core (1-6mo),Spam_Commercial,Short_Video,0,Manual_Review,116.8,22.7,0,Remove_Delete,0,0.0,None,0,0,Bulk account creation posting duplicate SEO spam articles
MOD-2026-10152,2026-09-18 11:58:34,AGENT_10,Core (1-6mo),Violence_HighRisk,Live_Stream,1,Manual_Review,318.4,145.6,0,Approve_Keep,0,0.0,None,0,0,Dangerous weapons demonstration video flagged for policy violation
MOD-2026-11126,2026-09-18 12:03:09,AGENT_14,Senior (6mo+),Violence_HighRisk,Short_Video,1,Tier2_Escalated,182.4,60.3,0,Remove_Delete,0,0.0,None,0,0,Reported altercation outside transit station with physical violence
MOD-2026-11954,2026-09-18 12:26:43,AGENT_14,Senior (6mo+),Fraud_Scams,Text_Post,0,Tier2_Escalated,31.3,181.8,0,Remove_Delete,0,0.0,None,0,0,Gift card prize sweepstakes scam targeting senior account holders
MOD-2026-10953,2026-09-18 12:52:51,AGENT_05,Core (1-6mo),Hate_Speech,Text_Post,0,Auto_Approved,4.5,279.6,1,Approve_Keep,0,0.0,None,0,0,Coordinated brigading comments containing coded discriminatory dogwhistles
MOD-2026-11283,2026-09-18 13:07:37,AGENT_10,Core (1-6mo),Fraud_Scams,Short_Video,0,Manual_Review,147.9,82.6,0,Account_Suspend,0,0.0,None,0,0,Counterfeit luxury goods listing utilizing stolen trademark imagery
MOD-2026-11733,2026-09-18 13:23:26,AGENT_15,Senior (6mo+),Fraud_Scams,Text_Post,0,Auto_Rejected,2.9,40.4,0,Remove_Delete,0,0.0,None,0,0,Unauthorized credential harvesting page embedded in bio link
MOD-2026-10520,2026-09-18 13:28:48,AGENT_13,Senior (6mo+),Violence_HighRisk,Text_Post,1,Tier2_Escalated,41.8,176.8,0,Remove_Delete,1,100.0,None,0,0,Self-harm reference in private broadcast requiring immediate crisis triage
MOD-2026-10122,2026-09-18 13:35:46,AGENT_14,Senior (6mo+),Spam_Commercial,Static_Image,0,Manual_Review,21.8,36.3,0,Remove_Delete,0,0.0,None,0,0,Bulk account creation posting duplicate SEO spam articles
MOD-2026-11160,2026-09-18 13:36:55,AGENT_08,Core (1-6mo),Spam_Commercial,Static_Image,0,Auto_Rejected,5.2,46.7,0,Remove_Delete,0,0.0,None,0,0,Repetitive bot activity promoting unverified pharmaceutical supplements
MOD-2026-12332,2026-09-18 13:39:10,AGENT_10,Core (1-6mo),Spam_Commercial,Text_Post,0,Auto_Approved,4.6,83.1,0,Approve_Keep,0,0.0,None,0,0,Unsolicited commercial affiliate marketing message blast
MOD-2026-12253,2026-09-18 13:46:30,AGENT_15,Senior (6mo+),Hate_Speech,Live_Stream,0,Tier2_Escalated,283.9,231.7,0,Approve_Keep,0,0.0,None,0,0,Dehumanizing memes comparing ethnic groups to biological pests
MOD-2026-12506,2026-09-18 13:52:14,AGENT_01,New Hire (<30d),Hate_Speech,Text_Post,0,Manual_Review,59.0,306.8,1,Remove_Delete,0,0.0,None,0,0,Dehumanizing memes comparing ethnic groups to biological pests
MOD-2026-10062,2026-09-18 14:09:31,AGENT_07,Core (1-6mo),Spam_Commercial,Text_Post,0,Manual_Review,21.3,135.4,0,Remove_Delete,0,0.0,None,0,0,Repetitive bot activity promoting unverified pharmaceutical supplements
MOD-2026-11872,2026-09-18 14:30:27,AGENT_05,Core (1-6mo),Fraud_Scams,Static_Image,0,Auto_Approved,3.1,214.0,0,Approve_Keep,0,0.0,None,0,0,Counterfeit luxury goods listing utilizing stolen trademark imagery
MOD-2026-10696,2026-09-18 14:40:27,AGENT_07,Core (1-6mo),Fraud_Scams,Short_Video,0,Auto_Approved,5.8,30.4,0,Approve_Keep,0,0.0,None,0,0,Unauthorized credential harvesting page embedded in bio link
MOD-2026-10614,2026-09-18 14:44:47,AGENT_14,Senior (6mo+),Fraud_Scams,Text_Post,0,Tier2_Escalated,31.7,157.0,0,Remove_Delete,0,0.0,None,0,0,Phishing link impersonating official platform customer verification support
MOD-2026-12492,2026-09-18 15:11:50,AGENT_09,Core (1-6mo),Fraud_Scams,Text_Post,0,Manual_Review,32.5,61.8,0,Remove_Delete,0,0.0,None,0,0,Gift card prize sweepstakes scam targeting senior account holders
MOD-2026-12137,2026-09-18 16:07:16,AGENT_04,Core (1-6mo),Hate_Speech,Short_Video,0,Auto_Rejected,4.3,127.1,0,Remove_Delete,0,0.0,None,0,0,Nuanced political satire flagged by automated keyword filter as hate
MOD-2026-11734,2026-09-18 16:32:44,AGENT_14,Senior (6mo+),Hate_Speech,Static_Image,1,Auto_Approved,3.0,148.3,0,Approve_Keep,0,0.0,None,0,0,Incitement to boycott and harass private individual based on religion
MOD-2026-10719,2026-09-18 16:32:53,AGENT_08,Core (1-6mo),Fraud_Scams,Text_Post,0,Auto_Approved,3.3,28.2,0,Approve_Keep,0,0.0,None,0,0,Counterfeit luxury goods listing utilizing stolen trademark imagery
MOD-2026-12454,2026-09-18 16:35:11,AGENT_08,Core (1-6mo),Violence_HighRisk,Static_Image,1,Manual_Review,54.9,120.5,0,Remove_Delete,0,0.0,None,0,0,Self-harm reference in private broadcast requiring immediate crisis triage
MOD-2026-12727,2026-09-18 16:44:05,AGENT_04,Core (1-6mo),Hate_Speech,Text_Post,0,Manual_Review,23.5,79.6,0,Remove_Delete,0,0.0,None,0,0,Dehumanizing memes comparing ethnic groups to biological pests
MOD-2026-11767,2026-09-18 16:59:30,AGENT_05,Core (1-6mo),Fraud_Scams,Static_Image,0,Manual_Review,50.7,35.1,0,Remove_Delete,0,0.0,None,0,0,Counterfeit luxury goods listing utilizing stolen trademark imagery
MOD-2026-11117,2026-09-18 17:25:40,AGENT_07,Core (1-6mo),Fraud_Scams,Short_Video,0,Auto_Approved,3.9,191.5,0,Approve_Keep,0,0.0,None,0,0,Counterfeit luxury goods listing utilizing stolen trademark imagery
MOD-2026-12562,2026-09-18 17:26:59,AGENT_15,Senior (6mo+),Hate_Speech,Text_Post,0,Manual_Review,17.9,151.6,0,Approve_Keep,1,100.0,None,0,0,Coordinated brigading comments containing coded discriminatory dogwhistles
MOD-2026-12066,2026-09-18 17:35:00,AGENT_12,Senior (6mo+),Fraud_Scams,Text_Post,0,Auto_Rejected,4.6,214.5,0,Remove_Delete,0,0.0,None,0,0,Counterfeit luxury goods listing utilizing stolen trademark imagery
MOD-2026-11957,2026-09-18 17:42:43,AGENT_05,Core (1-6mo),Hate_Speech,Static_Image,1,Auto_Rejected,3.8,107.0,0,Remove_Delete,0,0.0,None,0,0,Coordinated brigading comments containing coded discriminatory dogwhistles
MOD-2026-10327,2026-09-18 18:08:09,AGENT_14,Senior (6mo+),Fraud_Scams,Static_Image,0,Tier2_Escalated,42.7,40.0,0,Remove_Delete,1,100.0,None,0,0,Counterfeit luxury goods listing utilizing stolen trademark imagery
MOD-2026-10865,2026-09-18 18:17:32,AGENT_02,New Hire (<30d),Spam_Commercial,Text_Post,0,Manual_Review,37.6,117.7,0,Remove_Delete,0,0.0,None,0,0,Keyword stuffing and hidden redirects on promotional landing page
MOD-2026-10457,2026-09-18 20:13:05,AGENT_01,New Hire (<30d),Spam_Commercial,Static_Image,0,Manual_Review,71.3,209.8,0,Approve_Keep,0,0.0,None,0,0,Bulk account creation posting duplicate SEO spam articles
MOD-2026-12161,2026-09-18 20:22:42,AGENT_09,Core (1-6mo),Fraud_Scams,Static_Image,0,Auto_Rejected,3.0,32.0,0,Remove_Delete,0,0.0,None,1,1,Unauthorized credential harvesting page embedded in bio link
MOD-2026-10655,2026-09-18 20:23:04,AGENT_14,Senior (6mo+),Emergency_TCO,Short_Video,1,Tier2_Escalated,198.1,66.2,1,Account_Suspend,0,0.0,None,0,0,Suspected terrorist recruitment video uploaded across multiple hashtags
MOD-2026-12212,2026-09-18 20:25:21,AGENT_07,Core (1-6mo),Violence_HighRisk,Short_Video,1,Manual_Review,171.3,46.5,0,Escalate,0,0.0,None,0,0,Self-harm reference in private broadcast requiring immediate crisis triage
MOD-2026-12694,2026-09-18 20:29:34,AGENT_07,Core (1-6mo),Fraud_Scams,Text_Post,0,Auto_Rejected,3.7,163.8,0,Remove_Delete,0,0.0,None,1,0,Counterfeit luxury goods listing utilizing stolen trademark imagery
MOD-2026-11892,2026-09-18 20:37:26,AGENT_12,Senior (6mo+),Spam_Commercial,Text_Post,0,Manual_Review,21.4,42.5,0,Remove_Delete,0,0.0,None,0,0,Keyword stuffing and hidden redirects on promotional landing page
MOD-2026-10495,2026-09-18 20:39:11,AGENT_11,Core (1-6mo),Spam_Commercial,Text_Post,0,Auto_Rejected,5.5,85.0,0,Remove_Delete,0,0.0,None,1,1,Bulk account creation posting duplicate SEO spam articles
MOD-2026-11561,2026-09-18 20:41:41,AGENT_14,Senior (6mo+),Spam_Commercial,Static_Image,0,Manual_Review,34.2,174.1,0,Remove_Delete,0,0.0,None,0,0,Repetitive bot activity promoting unverified pharmaceutical supplements
MOD-2026-11179,2026-09-18 20:48:27,AGENT_14,Senior (6mo+),Spam_Commercial,Text_Post,0,Auto_Rejected,3.6,208.1,0,Remove_Delete,0,0.0,None,0,0,Bulk account creation posting duplicate SEO spam articles
MOD-2026-11787,2026-09-18 20:58:19,AGENT_11,Core (1-6mo),Hate_Speech,Text_Post,0,Manual_Review,25.0,257.4,1,Approve_Keep,0,0.0,None,0,0,Incitement to boycott and harass private individual based on religion
MOD-2026-12777,2026-09-18 21:20:05,AGENT_15,Senior (6mo+),Violence_HighRisk,Short_Video,1,Manual_Review,194.3,37.6,0,Approve_Keep,0,0.0,None,0,0,Graphic injury footage from sports accident flagged by audience
MOD-2026-12656,2026-09-18 21:53:29,AGENT_10,Core (1-6mo),Hate_Speech,Static_Image,0,Auto_Rejected,5.8,220.1,0,Remove_Delete,0,0.0,None,0,0,Nuanced political satire flagged by automated keyword filter as hate
MOD-2026-11040,2026-09-18 22:10:09,AGENT_10,Core (1-6mo),Fraud_Scams,Text_Post,0,Manual_Review,25.7,174.5,0,Remove_Delete,0,0.0,None,0,0,Cryptocurrency investment scheme promising guaranteed 500% daily returns
MOD-2026-10311,2026-09-18 22:15:12,AGENT_10,Core (1-6mo),Spam_Commercial,Text_Post,0,Auto_Rejected,4.5,58.0,0,Remove_Delete,0,0.0,None,0,0,Keyword stuffing and hidden redirects on promotional landing page
MOD-2026-11533,2026-09-18 22:19:46,AGENT_12,Senior (6mo+),Violence_HighRisk,Live_Stream,0,Tier2_Escalated,231.2,187.4,1,Content_Warning,0,0.0,None,0,0,Self-harm reference in private broadcast requiring immediate crisis triage
MOD-2026-12320,2026-09-18 22:23:16,AGENT_10,Core (1-6mo),Spam_Commercial,Text_Post,0,Auto_Rejected,3.7,184.5,0,Remove_Delete,0,0.0,None,0,0,Bulk account creation posting duplicate SEO spam articles
MOD-2026-12521,2026-09-18 22:28:27,AGENT_08,Core (1-6mo),Hate_Speech,Live_Stream,1,Auto_Approved,5.1,191.2,0,Approve_Keep,0,0.0,None,0,0,Derogatory slur targeting protected demographic in comment section
MOD-2026-11299,2026-09-18 22:45:28,AGENT_11,Core (1-6mo),Fraud_Scams,Text_Post,0,Manual_Review,28.6,126.2,0,Remove_Delete,1,100.0,None,1,0,Cryptocurrency investment scheme promising guaranteed 500% daily returns
MOD-2026-11082,2026-09-18 22:55:17,AGENT_05,Core (1-6mo),Hate_Speech,Static_Image,0,Manual_Review,66.9,208.5,0,Remove_Delete,0,0.0,None,0,0,Dehumanizing memes comparing ethnic groups to biological pests
MOD-2026-12476,2026-09-18 23:07:15,AGENT_11,Core (1-6mo),Hate_Speech,Text_Post,1,Auto_Approved,3.2,134.0,0,Approve_Keep,0,0.0,None,0,0,Derogatory slur targeting protected demographic in comment section
MOD-2026-10886,2026-09-18 23:11:24,AGENT_02,New Hire (<30d),Spam_Commercial,Text_Post,0,Auto_Approved,4.0,145.8,0,Approve_Keep,0,0.0,None,0,0,Automated script posting identical promotional link 120 times in forum
MOD-2026-10939,2026-09-18 23:14:17,AGENT_10,Core (1-6mo),Spam_Commercial,Static_Image,0,Manual_Review,25.3,49.2,0,Approve_Keep,0,0.0,None,0,0,Unsolicited commercial affiliate marketing message blast
MOD-2026-11165,2026-09-18 23:30:39,AGENT_06,Core (1-6mo),Hate_Speech,Text_Post,0,Manual_Review,32.5,70.9,0,Approve_Keep,0,0.0,None,0,0,Derogatory slur targeting protected demographic in comment section
MOD-2026-12015,2026-09-18 23:35:18,AGENT_10,Core (1-6mo),Hate_Speech,Short_Video,0,Auto_Rejected,5.7,57.9,0,Remove_Delete,0,0.0,None,0,0,Derogatory slur targeting protected demographic in comment section
MOD-2026-11735,2026-09-18 23:42:22,AGENT_04,Core (1-6mo),Fraud_Scams,Static_Image,0,Manual_Review,77.5,168.0,0,Approve_Keep,0,0.0,None,0,0,Cryptocurrency investment scheme promising guaranteed 500% daily returns
MOD-2026-12367,2026-09-18 23:55:35,AGENT_13,Senior (6mo+),Fraud_Scams,Short_Video,0,Auto_Approved,4.3,179.2,0,Approve_Keep,0,0.0,None,0,0,Unauthorized credential harvesting page embedded in bio link
MOD-2026-11063,2026-09-19 00:03:31,AGENT_13,Senior (6mo+),Emergency_TCO,Short_Video,1,Manual_Review,126.1,62.9,1,Remove_Delete,0,0.0,None,0,0,Coordinated tactical propaganda audio recording flagged by intelligence unit
MOD-2026-11232,2026-09-19 00:04:22,AGENT_07,Core (1-6mo),Hate_Speech,Text_Post,1,Manual_Review,23.3,172.9,0,Content_Warning,0,0.0,None,0,0,Coordinated brigading comments containing coded discriminatory dogwhistles
MOD-2026-10267,2026-09-19 00:04:35,AGENT_14,Senior (6mo+),Spam_Commercial,Short_Video,0,Auto_Approved,3.6,74.4,0,Approve_Keep,1,100.0,None,0,0,Keyword stuffing and hidden redirects on promotional landing page
MOD-2026-12004,2026-09-19 00:06:32,AGENT_10,Core (1-6mo),Fraud_Scams,Static_Image,0,Auto_Approved,5.4,129.0,0,Approve_Keep,0,0.0,None,0,0,Phishing link impersonating official platform customer verification support
MOD-2026-11450,2026-09-19 00:12:05,AGENT_09,Core (1-6mo),Fraud_Scams,Live_Stream,0,Auto_Approved,5.4,176.9,0,Approve_Keep,0,0.0,None,0,0,Unauthorized credential harvesting page embedded in bio link
MOD-2026-10288,2026-09-19 00:14:08,AGENT_07,Core (1-6mo),Emergency_TCO,Text_Post,1,Auto_Rejected,2.8,71.5,1,Remove_Delete,0,0.0,None,0,0,Emergency legal escalation concerning imminent threat of platform violence
MOD-2026-10723,2026-09-19 00:14:41,AGENT_07,Core (1-6mo),Violence_HighRisk,Static_Image,0,Manual_Review,96.3,219.0,1,Content_Warning,1,100.0,None,0,0,Dangerous weapons demonstration video flagged for policy violation
MOD-2026-10513,2026-09-19 00:22:52,AGENT_09,Core (1-6mo),Spam_Commercial,Text_Post,0,Auto_Approved,3.7,36.9,0,Approve_Keep,0,0.0,None,0,0,Unsolicited commercial affiliate marketing message blast
MOD-2026-10760,2026-09-19 00:28:20,AGENT_04,Core (1-6mo),Fraud_Scams,Short_Video,0,Auto_Approved,5.8,188.3,0,Approve_Keep,1,100.0,None,0,0,Unauthorized credential harvesting page embedded in bio link
MOD-2026-11577,2026-09-19 00:50:51,AGENT_15,Senior (6mo+),Hate_Speech,Text_Post,0,Manual_Review,23.9,63.1,0,Remove_Delete,0,0.0,None,0,0,Coordinated brigading comments containing coded discriminatory dogwhistles
MOD-2026-12687,2026-09-19 00:53:32,AGENT_12,Senior (6mo+),Fraud_Scams,Static_Image,0,Auto_Approved,2.5,122.9,0,Approve_Keep,0,0.0,None,0,0,Unauthorized credential harvesting page embedded in bio link
MOD-2026-11795,2026-09-19 01:14:38,AGENT_10,Core (1-6mo),Emergency_TCO,Static_Image,1,Manual_Review,70.7,16.7,0,Approve_Keep,1,100.0,None,0,0,Violent extremist manifestos distribution attempt flagged by cross-platform hash
MOD-2026-12031,2026-09-19 01:35:33,AGENT_06,Core (1-6mo),Hate_Speech,Static_Image,0,Manual_Review,65.5,236.4,0,Remove_Delete,0,0.0,None,0,0,Dehumanizing memes comparing ethnic groups to biological pests
MOD-2026-12457,2026-09-19 01:49:28,AGENT_03,New Hire (<30d),Fraud_Scams,Text_Post,0,Auto_Approved,5.1,151.0,0,Approve_Keep,0,0.0,None,0,0,Counterfeit luxury goods listing utilizing stolen trademark imagery
MOD-2026-12686,2026-09-19 01:50:40,AGENT_11,Core (1-6mo),Violence_HighRisk,Short_Video,1,Manual_Review,148.1,222.8,1,Content_Warning,1,100.0,None,0,0,Self-harm reference in private broadcast requiring immediate crisis triage
MOD-2026-12453,2026-09-19 02:13:11,AGENT_09,Core (1-6mo),Hate_Speech,Text_Post,0,Auto_Rejected,3.1,304.2,1,Remove_Delete,0,0.0,None,0,0,Nuanced political satire flagged by automated keyword filter as hate
MOD-2026-10325,2026-09-19 02:24:36,AGENT_07,Core (1-6mo),Spam_Commercial,Short_Video,0,Auto_Approved,2.6,119.3,0,Approve_Keep,0,0.0,None,0,0,Bulk account creation posting duplicate SEO spam articles
MOD-2026-11152,2026-09-19 02:50:54,AGENT_07,Core (1-6mo),Violence_HighRisk,Static_Image,1,Auto_Rejected,5.8,217.4,1,Remove_Delete,0,0.0,None,0,0,Self-harm reference in private broadcast requiring immediate crisis triage
MOD-2026-10374,2026-09-19 03:59:54,AGENT_06,Core (1-6mo),Hate_Speech,Text_Post,0,Manual_Review,30.8,297.4,1,Content_Warning,1,100.0,None,0,0,Coordinated brigading comments containing coded discriminatory dogwhistles
MOD-2026-11825,2026-09-19 04:10:24,AGENT_02,New Hire (<30d),Spam_Commercial,Short_Video,0,Manual_Review,155.0,54.1,0,Content_Warning,0,0.0,None,0,0,Repetitive bot activity promoting unverified pharmaceutical supplements
MOD-2026-10381,2026-09-19 04:11:20,AGENT_02,New Hire (<30d),Violence_HighRisk,Short_Video,0,Manual_Review,197.3,118.7,0,Approve_Keep,0,0.0,None,0,0,Self-harm reference in private broadcast requiring immediate crisis triage
MOD-2026-11986,2026-09-19 04:14:15,AGENT_11,Core (1-6mo),Hate_Speech,Text_Post,0,Auto_Rejected,3.4,319.5,1,Remove_Delete,0,0.0,None,0,0,Derogatory slur targeting protected demographic in comment section
MOD-2026-12665,2026-09-19 05:17:37,AGENT_13,Senior (6mo+),Spam_Commercial,Static_Image,0,Auto_Rejected,3.9,173.2,0,Remove_Delete,1,100.0,None,0,0,Keyword stuffing and hidden redirects on promotional landing page
MOD-2026-11318,2026-09-19 05:20:19,AGENT_15,Senior (6mo+),Spam_Commercial,Static_Image,0,Auto_Approved,5.7,118.7,0,Approve_Keep,1,100.0,None,0,0,Repetitive bot activity promoting unverified pharmaceutical supplements
MOD-2026-12587,2026-09-19 05:21:31,AGENT_15,Senior (6mo+),Hate_Speech,Static_Image,0,Tier2_Escalated,28.9,304.2,1,Approve_Keep,1,100.0,None,0,0,Coordinated brigading comments containing coded discriminatory dogwhistles
MOD-2026-12451,2026-09-19 05:28:59,AGENT_07,Core (1-6mo),Spam_Commercial,Static_Image,0,Auto_Approved,4.9,79.7,0,Approve_Keep,1,100.0,None,0,0,Keyword stuffing and hidden redirects on promotional landing page
MOD-2026-11475,2026-09-19 05:37:34,AGENT_12,Senior (6mo+),Emergency_TCO,Static_Image,1,Tier2_Escalated,47.9,61.2,1,Remove_Delete,0,0.0,None,0,0,Coordinated tactical propaganda audio recording flagged by intelligence unit
MOD-2026-12620,2026-09-19 06:25:58,AGENT_02,New Hire (<30d),Emergency_TCO,Live_Stream,1,Manual_Review,399.7,68.2,1,Escalate,0,0.0,None,0,0,Suspected terrorist recruitment video uploaded across multiple hashtags
MOD-2026-10599,2026-09-19 06:38:00,AGENT_10,Core (1-6mo),Violence_HighRisk,Short_Video,1,Manual_Review,167.9,161.7,0,Content_Warning,1,100.0,None,0,0,Self-harm reference in private broadcast requiring immediate crisis triage
MOD-2026-10606,2026-09-19 07:00:05,AGENT_10,Core (1-6mo),Spam_Commercial,Text_Post,0,Auto_Approved,3.3,50.0,0,Approve_Keep,1,100.0,None,0,0,Repetitive bot activity promoting unverified pharmaceutical supplements
MOD-2026-12104,2026-09-19 07:05:19,AGENT_14,Senior (6mo+),Hate_Speech,Text_Post,0,Tier2_Escalated,17.1,254.4,1,Approve_Keep,0,0.0,None,0,0,Nuanced political satire flagged by automated keyword filter as hate
MOD-2026-10518,2026-09-19 07:10:47,AGENT_08,Core (1-6mo),Spam_Commercial,Text_Post,0,Auto_Rejected,5.1,166.9,0,Remove_Delete,0,0.0,None,0,0,Repetitive bot activity promoting unverified pharmaceutical supplements
MOD-2026-11316,2026-09-19 07:12:03,AGENT_05,Core (1-6mo),Violence_HighRisk,Short_Video,1,Manual_Review,175.4,39.6,0,Remove_Delete,0,0.0,None,0,0,Self-harm reference in private broadcast requiring immediate crisis triage
MOD-2026-10894,2026-09-19 07:45:56,AGENT_11,Core (1-6mo),Hate_Speech,Text_Post,1,Manual_Review,27.1,249.9,1,Remove_Delete,0,0.0,None,0,0,Dehumanizing memes comparing ethnic groups to biological pests
MOD-2026-12542,2026-09-19 07:49:21,AGENT_04,Core (1-6mo),Spam_Commercial,Text_Post,0,Auto_Approved,3.9,23.8,0,Approve_Keep,0,0.0,None,0,0,Unsolicited commercial affiliate marketing message blast
MOD-2026-12239,2026-09-19 07:52:30,AGENT_14,Senior (6mo+),Spam_Commercial,Text_Post,0,Auto_Rejected,5.4,175.3,0,Remove_Delete,1,100.0,None,0,0,Unsolicited commercial affiliate marketing message blast
MOD-2026-10604,2026-09-19 08:10:04,AGENT_13,Senior (6mo+),Spam_Commercial,Text_Post,0,Auto_Rejected,5.8,165.3,0,Remove_Delete,1,100.0,None,0,0,Unsolicited commercial affiliate marketing message blast
MOD-2026-11016,2026-09-19 08:24:41,AGENT_09,Core (1-6mo),Fraud_Scams,Static_Image,0,Manual_Review,55.5,211.9,0,Remove_Delete,0,0.0,None,0,0,Gift card prize sweepstakes scam targeting senior account holders
MOD-2026-11662,2026-09-19 08:32:06,AGENT_06,Core (1-6mo),Spam_Commercial,Short_Video,0,Manual_Review,139.9,92.1,0,Approve_Keep,0,0.0,None,0,0,Bulk account creation posting duplicate SEO spam articles
MOD-2026-10329,2026-09-19 08:36:11,AGENT_03,New Hire (<30d),Spam_Commercial,Text_Post,0,Manual_Review,18.1,100.1,0,Remove_Delete,0,0.0,None,0,0,Bulk account creation posting duplicate SEO spam articles
MOD-2026-10638,2026-09-19 08:48:04,AGENT_13,Senior (6mo+),Fraud_Scams,Static_Image,0,Manual_Review,40.1,57.3,0,Remove_Delete,1,100.0,None,0,0,Cryptocurrency investment scheme promising guaranteed 500% daily returns
MOD-2026-10240,2026-09-19 09:04:41,AGENT_13,Senior (6mo+),Fraud_Scams,Text_Post,0,Auto_Approved,2.8,123.1,0,Approve_Keep,0,0.0,None,0,0,Counterfeit luxury goods listing utilizing stolen trademark imagery
MOD-2026-12800,2026-09-19 09:25:57,AGENT_07,Core (1-6mo),Spam_Commercial,Text_Post,0,Auto_Rejected,3.8,75.2,0,Remove_Delete,0,0.0,None,0,0,Keyword stuffing and hidden redirects on promotional landing page
MOD-2026-11359,2026-09-19 09:27:49,AGENT_10,Core (1-6mo),Spam_Commercial,Text_Post,0,Auto_Approved,5.6,28.5,0,Approve_Keep,0,0.0,None,0,0,Bulk account creation posting duplicate SEO spam articles
MOD-2026-10634,2026-09-19 09:46:43,AGENT_15,Senior (6mo+),Fraud_Scams,Text_Post,0,Tier2_Escalated,20.1,166.3,0,Remove_Delete,0,0.0,None,0,0,Cryptocurrency investment scheme promising guaranteed 500% daily returns
MOD-2026-10302,2026-09-19 09:53:49,AGENT_08,Core (1-6mo),Spam_Commercial,Text_Post,0,Auto_Approved,5.4,168.2,0,Approve_Keep,0,0.0,None,0,0,Repetitive bot activity promoting unverified pharmaceutical supplements
MOD-2026-11707,2026-09-19 10:09:08,AGENT_11,Core (1-6mo),Spam_Commercial,Text_Post,0,Auto_Rejected,4.9,54.3,0,Remove_Delete,0,0.0,None,0,0,Keyword stuffing and hidden redirects on promotional landing page
MOD-2026-11838,2026-09-19 10:25:50,AGENT_15,Senior (6mo+),Spam_Commercial,Text_Post,0,Auto_Rejected,2.6,74.3,0,Remove_Delete,0,0.0,None,0,0,Bulk account creation posting duplicate SEO spam articles
MOD-2026-11441,2026-09-19 10:42:51,AGENT_03,New Hire (<30d),Violence_HighRisk,Short_Video,1,Auto_Rejected,5.8,233.7,1,Remove_Delete,0,0.0,None,0,0,Threatening physical altercation clip uploaded without contextual warning
MOD-2026-11208,2026-09-19 10:54:11,AGENT_14,Senior (6mo+),Fraud_Scams,Text_Post,0,Manual_Review,33.5,104.9,0,Remove_Delete,0,0.0,None,0,0,Counterfeit luxury goods listing utilizing stolen trademark imagery
MOD-2026-10966,2026-09-19 10:55:14,AGENT_05,Core (1-6mo),Hate_Speech,Text_Post,0,Auto_Approved,3.8,50.2,0,Approve_Keep,0,0.0,None,0,0,Nuanced political satire flagged by automated keyword filter as hate
MOD-2026-11846,2026-09-19 11:03:39,AGENT_10,Core (1-6mo),Hate_Speech,Live_Stream,0,Auto_Approved,3.9,120.4,0,Approve_Keep,0,0.0,None,0,0,Derogatory slur targeting protected demographic in comment section
MOD-2026-10832,2026-09-19 11:04:45,AGENT_13,Senior (6mo+),Spam_Commercial,Text_Post,0,Tier2_Escalated,17.7,20.3,0,Remove_Delete,0,0.0,None,0,0,Automated script posting identical promotional link 120 times in forum
MOD-2026-11663,2026-09-19 11:34:06,AGENT_13,Senior (6mo+),Hate_Speech,Short_Video,0,Manual_Review,96.5,102.4,0,Approve_Keep,1,100.0,None,0,0,Incitement to boycott and harass private individual based on religion
MOD-2026-12123,2026-09-19 11:50:17,AGENT_09,Core (1-6mo),Spam_Commercial,Short_Video,0,Auto_Approved,3.0,126.7,0,Approve_Keep,0,0.0,None,0,0,Keyword stuffing and hidden redirects on promotional landing page
MOD-2026-12592,2026-09-19 12:27:53,AGENT_15,Senior (6mo+),Fraud_Scams,Static_Image,0,Manual_Review,48.3,101.1,0,Approve_Keep,0,0.0,None,0,0,Unauthorized credential harvesting page embedded in bio link
MOD-2026-10754,2026-09-19 12:44:26,AGENT_06,Core (1-6mo),Spam_Commercial,Text_Post,0,Manual_Review,18.9,53.6,0,Remove_Delete,0,0.0,None,0,0,Unsolicited commercial affiliate marketing message blast
MOD-2026-11437,2026-09-19 12:47:17,AGENT_03,New Hire (<30d),Fraud_Scams,Text_Post,0,Auto_Approved,3.3,21.3,0,Approve_Keep,0,0.0,None,0,0,Unauthorized credential harvesting page embedded in bio link
MOD-2026-12156,2026-09-19 13:01:46,AGENT_04,Core (1-6mo),Spam_Commercial,Text_Post,0,Manual_Review,17.2,74.4,0,Remove_Delete,0,0.0,None,0,0,Bulk account creation posting duplicate SEO spam articles
MOD-2026-10415,2026-09-19 13:23:08,AGENT_13,Senior (6mo+),Fraud_Scams,Text_Post,0,Tier2_Escalated,26.4,111.3,0,Remove_Delete,0,0.0,None,0,0,Gift card prize sweepstakes scam targeting senior account holders
MOD-2026-12441,2026-09-19 13:33:43,AGENT_07,Core (1-6mo),Hate_Speech,Text_Post,0,Auto_Approved,5.6,178.3,0,Approve_Keep,0,0.0,None,0,0,Nuanced political satire flagged by automated keyword filter as hate
MOD-2026-10632,2026-09-19 13:49:30,AGENT_01,New Hire (<30d),Fraud_Scams,Static_Image,0,Auto_Rejected,4.5,103.3,0,Remove_Delete,1,100.0,None,0,0,Counterfeit luxury goods listing utilizing stolen trademark imagery
MOD-2026-10170,2026-09-19 14:36:04,AGENT_07,Core (1-6mo),Hate_Speech,Static_Image,0,Manual_Review,81.7,307.5,1,Content_Warning,0,0.0,None,0,0,Derogatory slur targeting protected demographic in comment section
MOD-2026-10375,2026-09-19 14:38:42,AGENT_03,New Hire (<30d),Spam_Commercial,Text_Post,0,Auto_Rejected,3.8,137.5,0,Remove_Delete,0,0.0,None,1,0,Unsolicited commercial affiliate marketing message blast
MOD-2026-11550,2026-09-19 14:46:01,AGENT_13,Senior (6mo+),Violence_HighRisk,Short_Video,1,Auto_Approved,5.6,244.2,1,Approve_Keep,1,100.0,None,0,0,Graphic injury footage from sports accident flagged by audience
MOD-2026-10801,2026-09-19 14:49:17,AGENT_02,New Hire (<30d),Violence_HighRisk,Short_Video,0,Manual_Review,300.6,58.4,0,Remove_Delete,0,0.0,None,0,0,Threatening physical altercation clip uploaded without contextual warning
MOD-2026-10821,2026-09-19 15:04:18,AGENT_10,Core (1-6mo),Emergency_TCO,Live_Stream,1,Manual_Review,254.3,66.9,1,Remove_Delete,0,0.0,None,0,0,Urgent notice-and-action request under EU 1-hour removal mandate
MOD-2026-11297,2026-09-19 15:23:53,AGENT_08,Core (1-6mo),Hate_Speech,Text_Post,0,Manual_Review,44.9,233.8,0,Remove_Delete,0,0.0,None,1,0,Derogatory slur targeting protected demographic in comment section
MOD-2026-10061,2026-09-19 15:35:45,AGENT_15,Senior (6mo+),Violence_HighRisk,Text_Post,1,Tier2_Escalated,20.0,32.8,0,Remove_Delete,0,0.0,None,0,0,Reported altercation outside transit station with physical violence
MOD-2026-10401,2026-09-19 16:05:13,AGENT_05,Core (1-6mo),Fraud_Scams,Live_Stream,0,Manual_Review,243.7,170.0,0,Remove_Delete,0,0.0,None,0,0,Gift card prize sweepstakes scam targeting senior account holders
MOD-2026-11064,2026-09-19 16:08:59,AGENT_11,Core (1-6mo),Spam_Commercial,Static_Image,0,Auto_Approved,3.9,56.3,0,Approve_Keep,0,0.0,None,0,0,Automated script posting identical promotional link 120 times in forum
MOD-2026-10889,2026-09-19 16:21:26,AGENT_12,Senior (6mo+),Violence_HighRisk,Static_Image,1,Tier2_Escalated,39.4,243.3,1,Approve_Keep,0,0.0,None,0,0,Graphic injury footage from sports accident flagged by audience
MOD-2026-10790,2026-09-19 16:38:59,AGENT_02,New Hire (<30d),Fraud_Scams,Static_Image,0,Auto_Approved,4.2,153.8,0,Approve_Keep,0,0.0,None,0,0,Phishing link impersonating official platform customer verification support
MOD-2026-11036,2026-09-19 17:00:37,AGENT_11,Core (1-6mo),Fraud_Scams,Static_Image,0,Manual_Review,62.4,187.6,0,Approve_Keep,0,0.0,None,0,0,Counterfeit luxury goods listing utilizing stolen trademark imagery
MOD-2026-11651,2026-09-19 17:27:12,AGENT_13,Senior (6mo+),Violence_HighRisk,Short_Video,1,Manual_Review,199.8,245.9,1,Remove_Delete,1,100.0,None,0,0,Graphic injury footage from sports accident flagged by audience
MOD-2026-12642,2026-09-19 17:58:59,AGENT_05,Core (1-6mo),Fraud_Scams,Text_Post,0,Auto_Rejected,3.8,200.5,0,Remove_Delete,0,0.0,None,0,0,Gift card prize sweepstakes scam targeting senior account holders
MOD-2026-12654,2026-09-19 18:22:14,AGENT_13,Senior (6mo+),Hate_Speech,Static_Image,0,Auto_Rejected,2.9,309.8,1,Remove_Delete,0,0.0,None,0,0,Dehumanizing memes comparing ethnic groups to biological pests
MOD-2026-11646,2026-09-19 18:43:34,AGENT_03,New Hire (<30d),Spam_Commercial,Static_Image,0,Auto_Approved,4.0,91.8,0,Approve_Keep,0,0.0,None,0,0,Automated script posting identical promotional link 120 times in forum
MOD-2026-10003,2026-09-19 19:44:36,AGENT_02,New Hire (<30d),Violence_HighRisk,Live_Stream,1,Auto_Rejected,3.7,90.8,0,Remove_Delete,1,100.0,None,0,0,Threatening physical altercation clip uploaded without contextual warning
MOD-2026-12116,2026-09-19 19:45:33,AGENT_14,Senior (6mo+),Violence_HighRisk,Live_Stream,1,Manual_Review,200.5,186.4,1,Escalate,0,0.0,None,0,0,Self-harm reference in private broadcast requiring immediate crisis triage
MOD-2026-10944,2026-09-19 20:17:23,AGENT_02,New Hire (<30d),Spam_Commercial,Static_Image,0,Manual_Review,67.5,149.0,0,Remove_Delete,0,0.0,None,0,0,Keyword stuffing and hidden redirects on promotional landing page
MOD-2026-11549,2026-09-19 20:22:44,AGENT_10,Core (1-6mo),Spam_Commercial,Text_Post,0,Auto_Approved,3.6,26.3,0,Approve_Keep,0,0.0,None,0,0,Repetitive bot activity promoting unverified pharmaceutical supplements
MOD-2026-11135,2026-09-19 20:23:03,AGENT_09,Core (1-6mo),Violence_HighRisk,Live_Stream,1,Manual_Review,423.6,235.6,1,Remove_Delete,0,0.0,None,0,0,Reported altercation outside transit station with physical violence
MOD-2026-11012,2026-09-19 20:32:36,AGENT_04,Core (1-6mo),Fraud_Scams,Short_Video,0,Manual_Review,145.9,218.6,0,Remove_Delete,0,0.0,None,0,0,Phishing link impersonating official platform customer verification support
MOD-2026-10161,2026-09-19 21:53:53,AGENT_03,New Hire (<30d),Spam_Commercial,Text_Post,0,Auto_Rejected,3.9,179.0,0,Remove_Delete,0,0.0,None,0,0,Unsolicited commercial affiliate marketing message blast
MOD-2026-12228,2026-09-19 22:08:38,AGENT_04,Core (1-6mo),Fraud_Scams,Static_Image,0,Auto_Approved,4.7,172.7,0,Approve_Keep,1,100.0,None,0,0,Cryptocurrency investment scheme promising guaranteed 500% daily returns
MOD-2026-10219,2026-09-19 22:34:24,AGENT_10,Core (1-6mo),Spam_Commercial,Text_Post,0,Auto_Approved,6.0,56.0,0,Approve_Keep,0,0.0,None,0,0,Automated script posting identical promotional link 120 times in forum
MOD-2026-10776,2026-09-19 22:38:26,AGENT_02,New Hire (<30d),Hate_Speech,Text_Post,0,Manual_Review,50.8,298.8,1,Remove_Delete,0,0.0,None,0,0,Incitement to boycott and harass private individual based on religion
MOD-2026-10970,2026-09-19 23:02:21,AGENT_04,Core (1-6mo),Spam_Commercial,Short_Video,0,Auto_Approved,3.5,134.2,0,Approve_Keep,1,100.0,None,0,0,Repetitive bot activity promoting unverified pharmaceutical supplements
MOD-2026-11251,2026-09-19 23:10:56,AGENT_05,Core (1-6mo),Spam_Commercial,Static_Image,0,Auto_Approved,3.5,194.4,0,Approve_Keep,0,0.0,None,0,0,Bulk account creation posting duplicate SEO spam articles
MOD-2026-11670,2026-09-19 23:12:55,AGENT_12,Senior (6mo+),Hate_Speech,Text_Post,0,Manual_Review,38.6,164.1,0,Content_Warning,0,0.0,None,0,0,Nuanced political satire flagged by automated keyword filter as hate
MOD-2026-12761,2026-09-19 23:18:48,AGENT_11,Core (1-6mo),Hate_Speech,Static_Image,0,Auto_Rejected,5.5,82.7,0,Remove_Delete,0,0.0,None,0,0,Nuanced political satire flagged by automated keyword filter as hate
MOD-2026-11950,2026-09-19 23:49:54,AGENT_10,Core (1-6mo),Hate_Speech,Text_Post,0,Auto_Approved,4.1,100.0,0,Approve_Keep,0,0.0,None,0,0,Nuanced political satire flagged by automated keyword filter as hate
MOD-2026-11216,2026-09-19 23:54:43,AGENT_06,Core (1-6mo),Spam_Commercial,Text_Post,0,Auto_Approved,2.7,171.1,0,Approve_Keep,0,0.0,None,0,0,Bulk account creation posting duplicate SEO spam articles
MOD-2026-11659,2026-09-20 00:14:35,AGENT_06,Core (1-6mo),Spam_Commercial,Short_Video,0,Auto_Approved,3.8,67.2,0,Approve_Keep,0,0.0,None,0,0,Unsolicited commercial affiliate marketing message blast
MOD-2026-10584,2026-09-20 00:23:13,AGENT_15,Senior (6mo+),Violence_HighRisk,Short_Video,1,Manual_Review,116.6,146.0,0,Remove_Delete,0,0.0,None,0,0,Threatening physical altercation clip uploaded without contextual warning
MOD-2026-11225,2026-09-20 00:26:02,AGENT_10,Core (1-6mo),Hate_Speech,Text_Post,0,Auto_Approved,2.7,167.9,0,Approve_Keep,0,0.0,None,0,0,Dehumanizing memes comparing ethnic groups to biological pests
MOD-2026-10837,2026-09-20 00:36:19,AGENT_10,Core (1-6mo),Violence_HighRisk,Static_Image,1,Manual_Review,48.8,63.0,0,Remove_Delete,0,0.0,None,0,0,Threatening physical altercation clip uploaded without contextual warning
MOD-2026-12238,2026-09-20 00:53:24,AGENT_13,Senior (6mo+),Violence_HighRisk,Short_Video,1,Manual_Review,179.9,107.1,0,Approve_Keep,0,0.0,None,0,0,Self-harm reference in private broadcast requiring immediate crisis triage
MOD-2026-12526,2026-09-20 01:02:45,AGENT_08,Core (1-6mo),Fraud_Scams,Live_Stream,0,Manual_Review,221.8,207.3,0,Remove_Delete,0,0.0,None,0,0,Counterfeit luxury goods listing utilizing stolen trademark imagery
MOD-2026-11173,2026-09-20 01:12:29,AGENT_15,Senior (6mo+),Hate_Speech,Text_Post,1,Tier2_Escalated,24.8,148.7,0,Remove_Delete,0,0.0,None,0,0,Nuanced political satire flagged by automated keyword filter as hate
MOD-2026-12058,2026-09-20 01:23:52,AGENT_11,Core (1-6mo),Fraud_Scams,Text_Post,0,Manual_Review,30.1,40.9,0,Account_Suspend,0,0.0,None,0,0,Gift card prize sweepstakes scam targeting senior account holders
MOD-2026-10357,2026-09-20 01:31:10,AGENT_09,Core (1-6mo),Violence_HighRisk,Short_Video,0,Manual_Review,184.6,40.1,0,Content_Warning,0,0.0,None,0,0,Reported altercation outside transit station with physical violence
MOD-2026-11873,2026-09-20 01:46:58,AGENT_11,Core (1-6mo),Fraud_Scams,Text_Post,0,Auto_Approved,4.2,59.1,0,Approve_Keep,0,0.0,None,0,0,Gift card prize sweepstakes scam targeting senior account holders
MOD-2026-11952,2026-09-20 01:51:07,AGENT_04,Core (1-6mo),Spam_Commercial,Short_Video,0,Auto_Approved,3.9,75.2,0,Approve_Keep,0,0.0,None,0,0,Automated script posting identical promotional link 120 times in forum
MOD-2026-10928,2026-09-20 02:01:41,AGENT_09,Core (1-6mo),Spam_Commercial,Text_Post,0,Manual_Review,15.4,37.2,0,Remove_Delete,0,0.0,None,0,0,Keyword stuffing and hidden redirects on promotional landing page
MOD-2026-12460,2026-09-20 02:11:10,AGENT_04,Core (1-6mo),Hate_Speech,Static_Image,1,Manual_Review,72.4,151.8,0,Approve_Keep,0,0.0,None,0,0,Coordinated brigading comments containing coded discriminatory dogwhistles
MOD-2026-12784,2026-09-20 02:43:56,AGENT_02,New Hire (<30d),Fraud_Scams,Text_Post,0,Manual_Review,46.4,67.9,0,Account_Suspend,0,0.0,None,0,0,Gift card prize sweepstakes scam targeting senior account holders
MOD-2026-11699,2026-09-20 02:59:29,AGENT_07,Core (1-6mo),Fraud_Scams,Static_Image,0,Auto_Approved,4.1,81.2,0,Approve_Keep,0,0.0,None,0,0,Unauthorized credential harvesting page embedded in bio link
MOD-2026-10414,2026-09-20 03:05:17,AGENT_01,New Hire (<30d),Hate_Speech,Text_Post,0,Auto_Approved,5.5,134.4,0,Approve_Keep,0,0.0,None,0,0,Coordinated brigading comments containing coded discriminatory dogwhistles
MOD-2026-11291,2026-09-20 03:06:11,AGENT_05,Core (1-6mo),Hate_Speech,Text_Post,0,Manual_Review,46.3,142.2,0,Approve_Keep,1,100.0,None,0,0,Dehumanizing memes comparing ethnic groups to biological pests
MOD-2026-10476,2026-09-20 03:19:38,AGENT_13,Senior (6mo+),Fraud_Scams,Static_Image,0,Manual_Review,47.4,213.3,0,Remove_Delete,0,0.0,None,1,0,Counterfeit luxury goods listing utilizing stolen trademark imagery
MOD-2026-12209,2026-09-20 03:26:51,AGENT_08,Core (1-6mo),Fraud_Scams,Text_Post,0,Auto_Rejected,3.5,50.4,0,Remove_Delete,0,0.0,None,1,1,Cryptocurrency investment scheme promising guaranteed 500% daily returns
MOD-2026-10420,2026-09-20 03:40:21,AGENT_04,Core (1-6mo),Fraud_Scams,Static_Image,0,Auto_Rejected,3.1,77.9,0,Remove_Delete,0,0.0,None,0,0,Counterfeit luxury goods listing utilizing stolen trademark imagery
MOD-2026-10127,2026-09-20 03:57:54,AGENT_04,Core (1-6mo),Spam_Commercial,Static_Image,0,Auto_Approved,5.3,113.8,0,Approve_Keep,0,0.0,None,0,0,Repetitive bot activity promoting unverified pharmaceutical supplements
MOD-2026-12016,2026-09-20 04:06:53,AGENT_05,Core (1-6mo),Violence_HighRisk,Static_Image,0,Auto_Approved,3.6,154.1,0,Approve_Keep,0,0.0,None,0,0,Dangerous weapons demonstration video flagged for policy violation
MOD-2026-10021,2026-09-20 04:20:21,AGENT_12,Senior (6mo+),Hate_Speech,Live_Stream,0,Manual_Review,252.1,97.2,0,Approve_Keep,1,100.0,None,0,0,Derogatory slur targeting protected demographic in comment section
MOD-2026-11571,2026-09-20 04:35:31,AGENT_08,Core (1-6mo),Spam_Commercial,Text_Post,0,Auto_Rejected,4.7,183.1,0,Remove_Delete,1,100.0,None,0,0,Unsolicited commercial affiliate marketing message blast
MOD-2026-10146,2026-09-20 04:43:16,AGENT_03,New Hire (<30d),Fraud_Scams,Live_Stream,0,Auto_Rejected,4.1,199.7,0,Remove_Delete,0,0.0,None,1,0,Counterfeit luxury goods listing utilizing stolen trademark imagery
MOD-2026-11631,2026-09-20 05:03:41,AGENT_03,New Hire (<30d),Violence_HighRisk,Short_Video,1,Auto_Approved,4.5,209.2,1,Approve_Keep,0,0.0,None,0,0,Dangerous weapons demonstration video flagged for policy violation
MOD-2026-10468,2026-09-20 05:06:52,AGENT_01,New Hire (<30d),Fraud_Scams,Static_Image,0,Manual_Review,86.0,200.7,0,Remove_Delete,0,0.0,None,1,0,Cryptocurrency investment scheme promising guaranteed 500% daily returns
MOD-2026-10392,2026-09-20 05:13:18,AGENT_10,Core (1-6mo),Violence_HighRisk,Short_Video,1,Manual_Review,137.4,38.3,0,Remove_Delete,1,100.0,None,0,0,Threatening physical altercation clip uploaded without contextual warning
MOD-2026-10087,2026-09-20 05:26:25,AGENT_04,Core (1-6mo),Spam_Commercial,Text_Post,0,Manual_Review,24.5,144.2,0,Remove_Delete,0,0.0,None,0,0,Unsolicited commercial affiliate marketing message blast
MOD-2026-11253,2026-09-20 05:48:59,AGENT_03,New Hire (<30d),Hate_Speech,Static_Image,0,Manual_Review,70.7,293.0,1,Remove_Delete,0,0.0,None,0,0,Incitement to boycott and harass private individual based on religion
MOD-2026-12011,2026-09-20 05:55:34,AGENT_07,Core (1-6mo),Fraud_Scams,Text_Post,0,Auto_Rejected,5.1,126.9,0,Remove_Delete,0,0.0,None,0,0,Counterfeit luxury goods listing utilizing stolen trademark imagery
MOD-2026-11689,2026-09-20 06:10:26,AGENT_08,Core (1-6mo),Fraud_Scams,Text_Post,0,Manual_Review,32.1,97.2,0,Remove_Delete,0,0.0,None,0,0,Counterfeit luxury goods listing utilizing stolen trademark imagery
MOD-2026-10479,2026-09-20 06:35:50,AGENT_10,Core (1-6mo),Hate_Speech,Short_Video,0,Manual_Review,149.8,80.7,0,Remove_Delete,0,0.0,None,0,0,Nuanced political satire flagged by automated keyword filter as hate
MOD-2026-12509,2026-09-20 06:41:31,AGENT_02,New Hire (<30d),Fraud_Scams,Static_Image,0,Auto_Rejected,4.5,170.7,0,Remove_Delete,0,0.0,None,0,0,Counterfeit luxury goods listing utilizing stolen trademark imagery
MOD-2026-11471,2026-09-20 06:44:03,AGENT_11,Core (1-6mo),Spam_Commercial,Text_Post,0,Auto_Approved,5.6,198.8,0,Approve_Keep,0,0.0,None,0,0,Automated script posting identical promotional link 120 times in forum
MOD-2026-12182,2026-09-20 07:11:34,AGENT_05,Core (1-6mo),Spam_Commercial,Static_Image,0,Auto_Approved,3.7,171.8,0,Approve_Keep,0,0.0,None,0,0,Keyword stuffing and hidden redirects on promotional landing page
MOD-2026-11066,2026-09-20 07:20:52,AGENT_07,Core (1-6mo),Spam_Commercial,Text_Post,0,Auto_Rejected,3.7,97.8,0,Remove_Delete,0,0.0,None,1,0,Repetitive bot activity promoting unverified pharmaceutical supplements
MOD-2026-10623,2026-09-20 07:30:00,AGENT_04,Core (1-6mo),Spam_Commercial,Text_Post,0,Auto_Rejected,6.0,76.6,0,Remove_Delete,0,0.0,None,0,0,Bulk account creation posting duplicate SEO spam articles
MOD-2026-12361,2026-09-20 07:30:34,AGENT_10,Core (1-6mo),Violence_HighRisk,Static_Image,1,Manual_Review,90.5,157.5,0,Remove_Delete,0,0.0,None,0,0,Reported altercation outside transit station with physical violence
MOD-2026-12216,2026-09-20 07:31:11,AGENT_07,Core (1-6mo),Spam_Commercial,Static_Image,0,Auto_Approved,3.6,211.7,0,Approve_Keep,0,0.0,None,0,0,Keyword stuffing and hidden redirects on promotional landing page
MOD-2026-12533,2026-09-20 07:31:31,AGENT_12,Senior (6mo+),Spam_Commercial,Text_Post,0,Auto_Rejected,2.9,72.3,0,Remove_Delete,0,0.0,None,1,0,Keyword stuffing and hidden redirects on promotional landing page
MOD-2026-11480,2026-09-20 07:34:56,AGENT_12,Senior (6mo+),Violence_HighRisk,Static_Image,0,Tier2_Escalated,73.7,128.5,0,Remove_Delete,0,0.0,None,0,0,Reported altercation outside transit station with physical violence
MOD-2026-11302,2026-09-20 07:49:38,AGENT_04,Core (1-6mo),Fraud_Scams,Short_Video,0,Manual_Review,101.8,212.3,0,Remove_Delete,1,100.0,None,0,0,Cryptocurrency investment scheme promising guaranteed 500% daily returns
MOD-2026-11073,2026-09-20 08:01:10,AGENT_11,Core (1-6mo),Violence_HighRisk,Live_Stream,0,Manual_Review,382.1,118.2,0,Remove_Delete,0,0.0,None,0,0,Reported altercation outside transit station with physical violence
MOD-2026-10992,2026-09-20 08:06:07,AGENT_02,New Hire (<30d),Spam_Commercial,Text_Post,0,Auto_Rejected,4.8,48.2,0,Remove_Delete,0,0.0,None,0,0,Unsolicited commercial affiliate marketing message blast
MOD-2026-11781,2026-09-20 08:12:45,AGENT_10,Core (1-6mo),Fraud_Scams,Text_Post,0,Manual_Review,27.4,54.1,0,Account_Suspend,0,0.0,None,0,0,Counterfeit luxury goods listing utilizing stolen trademark imagery
MOD-2026-10569,2026-09-20 08:16:58,AGENT_07,Core (1-6mo),Violence_HighRisk,Short_Video,0,Manual_Review,141.6,165.1,0,Approve_Keep,0,0.0,None,0,0,Threatening physical altercation clip uploaded without contextual warning
MOD-2026-11457,2026-09-20 08:28:52,AGENT_03,New Hire (<30d),Spam_Commercial,Static_Image,0,Manual_Review,63.9,27.6,0,Remove_Delete,1,100.0,None,0,0,Keyword stuffing and hidden redirects on promotional landing page
MOD-2026-12588,2026-09-20 08:37:42,AGENT_01,New Hire (<30d),Violence_HighRisk,Live_Stream,1,Manual_Review,528.8,33.9,0,Approve_Keep,0,0.0,None,0,0,Threatening physical altercation clip uploaded without contextual warning
MOD-2026-10238,2026-09-20 09:05:51,AGENT_15,Senior (6mo+),Fraud_Scams,Short_Video,0,Manual_Review,135.0,39.0,0,Account_Suspend,0,0.0,None,0,0,Counterfeit luxury goods listing utilizing stolen trademark imagery
MOD-2026-10673,2026-09-20 09:23:50,AGENT_14,Senior (6mo+),Violence_HighRisk,Static_Image,1,Tier2_Escalated,45.5,36.4,0,Approve_Keep,0,0.0,None,0,0,Threatening physical altercation clip uploaded without contextual warning
MOD-2026-11494,2026-09-20 09:41:28,AGENT_10,Core (1-6mo),Hate_Speech,Text_Post,0,Manual_Review,41.4,258.1,1,Remove_Delete,0,0.0,None,0,0,Nuanced political satire flagged by automated keyword filter as hate
MOD-2026-11704,2026-09-20 09:51:07,AGENT_10,Core (1-6mo),Spam_Commercial,Text_Post,0,Auto_Rejected,4.6,89.7,0,Remove_Delete,0,0.0,None,0,0,Unsolicited commercial affiliate marketing message blast
MOD-2026-11007,2026-09-20 10:05:34,AGENT_04,Core (1-6mo),Spam_Commercial,Short_Video,0,Auto_Approved,3.4,22.7,0,Approve_Keep,0,0.0,None,0,0,Keyword stuffing and hidden redirects on promotional landing page
MOD-2026-10157,2026-09-20 10:07:17,AGENT_14,Senior (6mo+),Spam_Commercial,Static_Image,0,Auto_Rejected,5.3,206.8,0,Remove_Delete,0,0.0,None,0,0,Unsolicited commercial affiliate marketing message blast
MOD-2026-11797,2026-09-20 10:28:04,AGENT_05,Core (1-6mo),Spam_Commercial,Text_Post,0,Auto_Approved,4.3,123.3,0,Approve_Keep,0,0.0,None,0,0,Keyword stuffing and hidden redirects on promotional landing page
MOD-2026-12272,2026-09-20 10:55:59,AGENT_06,Core (1-6mo),Violence_HighRisk,Short_Video,0,Manual_Review,184.4,164.0,0,Remove_Delete,0,0.0,None,0,0,Graphic injury footage from sports accident flagged by audience
MOD-2026-11141,2026-09-20 11:09:50,AGENT_10,Core (1-6mo),Hate_Speech,Text_Post,0,Manual_Review,42.8,111.4,0,Content_Warning,0,0.0,None,0,0,Nuanced political satire flagged by automated keyword filter as hate
MOD-2026-11408,2026-09-20 11:28:40,AGENT_06,Core (1-6mo),Hate_Speech,Short_Video,0,Manual_Review,132.3,189.7,0,Remove_Delete,0,0.0,None,0,0,Dehumanizing memes comparing ethnic groups to biological pests
MOD-2026-11105,2026-09-20 11:31:41,AGENT_14,Senior (6mo+),Fraud_Scams,Text_Post,0,Manual_Review,29.5,162.3,0,Remove_Delete,0,0.0,None,0,0,Unauthorized credential harvesting page embedded in bio link
MOD-2026-10501,2026-09-20 11:37:33,AGENT_06,Core (1-6mo),Hate_Speech,Static_Image,1,Manual_Review,51.6,263.4,1,Remove_Delete,0,0.0,None,0,0,Incitement to boycott and harass private individual based on religion
MOD-2026-11404,2026-09-20 11:46:05,AGENT_13,Senior (6mo+),Spam_Commercial,Text_Post,0,Auto_Approved,3.5,194.7,0,Approve_Keep,0,0.0,None,0,0,Unsolicited commercial affiliate marketing message blast
MOD-2026-10736,2026-09-20 12:04:33,AGENT_15,Senior (6mo+),Fraud_Scams,Text_Post,0,Manual_Review,18.1,118.7,0,Escalate,0,0.0,None,0,0,Counterfeit luxury goods listing utilizing stolen trademark imagery
MOD-2026-10234,2026-09-20 12:18:33,AGENT_10,Core (1-6mo),Violence_HighRisk,Static_Image,1,Manual_Review,79.4,206.2,1,Remove_Delete,1,100.0,None,0,0,Graphic injury footage from sports accident flagged by audience
MOD-2026-12225,2026-09-20 12:24:43,AGENT_05,Core (1-6mo),Fraud_Scams,Text_Post,0,Auto_Rejected,5.5,60.7,0,Remove_Delete,0,0.0,None,0,0,Unauthorized credential harvesting page embedded in bio link
MOD-2026-10962,2026-09-20 12:41:07,AGENT_02,New Hire (<30d),Violence_HighRisk,Short_Video,1,Manual_Review,201.1,155.0,0,Remove_Delete,0,0.0,None,0,0,Dangerous weapons demonstration video flagged for policy violation
MOD-2026-11775,2026-09-20 13:07:04,AGENT_09,Core (1-6mo),Violence_HighRisk,Static_Image,1,Manual_Review,79.0,236.4,1,Remove_Delete,0,0.0,None,1,0,Reported altercation outside transit station with physical violence
MOD-2026-11893,2026-09-20 13:10:38,AGENT_15,Senior (6mo+),Fraud_Scams,Text_Post,0,Auto_Approved,4.0,181.9,0,Approve_Keep,1,100.0,None,0,0,Cryptocurrency investment scheme promising guaranteed 500% daily returns
MOD-2026-11769,2026-09-20 13:19:53,AGENT_06,Core (1-6mo),Spam_Commercial,Text_Post,0,Auto_Approved,4.6,152.6,0,Approve_Keep,0,0.0,None,0,0,Bulk account creation posting duplicate SEO spam articles
MOD-2026-11354,2026-09-20 13:53:44,AGENT_03,New Hire (<30d),Violence_HighRisk,Static_Image,0,Manual_Review,100.0,217.6,1,Escalate,0,0.0,None,0,0,Threatening physical altercation clip uploaded without contextual warning
MOD-2026-10011,2026-09-20 13:57:08,AGENT_05,Core (1-6mo),Hate_Speech,Text_Post,0,Manual_Review,47.5,254.5,1,Remove_Delete,1,100.0,None,0,0,Coordinated brigading comments containing coded discriminatory dogwhistles
MOD-2026-12349,2026-09-20 14:13:30,AGENT_03,New Hire (<30d),Emergency_TCO,Short_Video,1,Auto_Rejected,4.8,59.1,0,Remove_Delete,0,0.0,None,1,0,Urgent notice-and-action request under EU 1-hour removal mandate
MOD-2026-10977,2026-09-20 14:36:29,AGENT_15,Senior (6mo+),Fraud_Scams,Text_Post,0,Auto_Approved,4.6,41.2,0,Approve_Keep,0,0.0,None,0,0,Counterfeit luxury goods listing utilizing stolen trademark imagery
MOD-2026-10850,2026-09-20 15:20:50,AGENT_15,Senior (6mo+),Fraud_Scams,Static_Image,0,Manual_Review,57.7,68.5,0,Account_Suspend,1,100.0,None,0,0,Cryptocurrency investment scheme promising guaranteed 500% daily returns
MOD-2026-12709,2026-09-20 15:35:46,AGENT_15,Senior (6mo+),Emergency_TCO,Static_Image,1,Auto_Approved,6.0,58.3,0,Approve_Keep,0,0.0,None,0,0,Urgent notice-and-action request under EU 1-hour removal mandate
MOD-2026-10363,2026-09-20 15:40:29,AGENT_15,Senior (6mo+),Emergency_TCO,Static_Image,1,Manual_Review,74.5,67.0,1,Remove_Delete,0,0.0,None,1,0,Urgent notice-and-action request under EU 1-hour removal mandate
MOD-2026-12644,2026-09-20 15:43:09,AGENT_01,New Hire (<30d),Fraud_Scams,Text_Post,0,Manual_Review,34.9,178.7,0,Remove_Delete,0,0.0,None,0,0,Gift card prize sweepstakes scam targeting senior account holders
MOD-2026-10199,2026-09-20 15:55:26,AGENT_08,Core (1-6mo),Violence_HighRisk,Static_Image,1,Manual_Review,68.1,247.0,1,Remove_Delete,0,0.0,None,0,0,Threatening physical altercation clip uploaded without contextual warning
MOD-2026-10212,2026-09-20 16:08:31,AGENT_03,New Hire (<30d),Spam_Commercial,Static_Image,0,Auto_Approved,5.2,50.9,0,Approve_Keep,0,0.0,None,0,0,Repetitive bot activity promoting unverified pharmaceutical supplements
MOD-2026-12197,2026-09-20 16:16:18,AGENT_12,Senior (6mo+),Emergency_TCO,Short_Video,1,Tier2_Escalated,137.8,39.4,0,Remove_Delete,0,0.0,None,0,0,Violent extremist manifestos distribution attempt flagged by cross-platform hash
MOD-2026-10662,2026-09-20 16:32:38,AGENT_12,Senior (6mo+),Hate_Speech,Short_Video,0,Manual_Review,176.4,295.0,1,Approve_Keep,0,0.0,None,0,0,Coordinated brigading comments containing coded discriminatory dogwhistles
MOD-2026-11151,2026-09-20 17:06:08,AGENT_12,Senior (6mo+),Spam_Commercial,Text_Post,0,Auto_Approved,2.8,162.3,0,Approve_Keep,0,0.0,None,0,0,Bulk account creation posting duplicate SEO spam articles
MOD-2026-12351,2026-09-20 17:29:00,AGENT_03,New Hire (<30d),Spam_Commercial,Text_Post,0,Manual_Review,29.8,153.6,0,Approve_Keep,0,0.0,None,0,0,Repetitive bot activity promoting unverified pharmaceutical supplements
MOD-2026-12061,2026-09-20 17:33:45,AGENT_15,Senior (6mo+),Hate_Speech,Text_Post,0,Manual_Review,24.3,81.0,0,Approve_Keep,0,0.0,None,0,0,Coordinated brigading comments containing coded discriminatory dogwhistles
MOD-2026-11963,2026-09-20 17:57:14,AGENT_09,Core (1-6mo),Spam_Commercial,Text_Post,0,Auto_Approved,4.5,207.7,0,Approve_Keep,0,0.0,None,0,0,Bulk account creation posting duplicate SEO spam articles
MOD-2026-10601,2026-09-20 18:24:11,AGENT_12,Senior (6mo+),Emergency_TCO,Short_Video,1,Auto_Rejected,5.0,49.7,0,Remove_Delete,0,0.0,None,0,0,Emergency legal escalation concerning imminent threat of platform violence
MOD-2026-10155,2026-09-20 18:32:08,AGENT_07,Core (1-6mo),Fraud_Scams,Static_Image,0,Auto_Approved,3.2,141.3,0,Approve_Keep,0,0.0,None,0,0,Counterfeit luxury goods listing utilizing stolen trademark imagery
MOD-2026-11765,2026-09-20 19:02:01,AGENT_08,Core (1-6mo),Spam_Commercial,Text_Post,0,Auto_Rejected,4.2,173.0,0,Remove_Delete,0,0.0,None,0,0,Repetitive bot activity promoting unverified pharmaceutical supplements
MOD-2026-10667,2026-09-20 19:08:59,AGENT_04,Core (1-6mo),Fraud_Scams,Text_Post,0,Auto_Rejected,6.0,133.1,0,Remove_Delete,0,0.0,None,0,0,Gift card prize sweepstakes scam targeting senior account holders
MOD-2026-12105,2026-09-20 19:23:06,AGENT_03,New Hire (<30d),Spam_Commercial,Text_Post,0,Auto_Approved,4.2,171.7,0,Approve_Keep,0,0.0,None,0,0,Unsolicited commercial affiliate marketing message blast
MOD-2026-11891,2026-09-20 19:25:07,AGENT_15,Senior (6mo+),Spam_Commercial,Text_Post,0,Auto_Approved,3.2,29.3,0,Approve_Keep,0,0.0,None,0,0,Keyword stuffing and hidden redirects on promotional landing page
MOD-2026-12074,2026-09-20 19:32:36,AGENT_09,Core (1-6mo),Spam_Commercial,Text_Post,0,Manual_Review,23.6,32.2,0,Approve_Keep,0,0.0,None,0,0,Automated script posting identical promotional link 120 times in forum
MOD-2026-11705,2026-09-20 19:49:15,AGENT_14,Senior (6mo+),Emergency_TCO,Short_Video,1,Tier2_Escalated,180.7,33.4,0,Remove_Delete,1,100.0,None,0,0,Coordinated tactical propaganda audio recording flagged by intelligence unit
MOD-2026-12304,2026-09-20 20:32:25,AGENT_02,New Hire (<30d),Hate_Speech,Short_Video,0,Manual_Review,294.5,233.6,0,Content_Warning,0,0.0,None,0,0,Nuanced political satire flagged by automated keyword filter as hate
MOD-2026-10209,2026-09-20 20:40:58,AGENT_15,Senior (6mo+),Violence_HighRisk,Static_Image,0,Manual_Review,55.4,118.3,0,Content_Warning,0,0.0,None,0,0,Reported altercation outside transit station with physical violence
MOD-2026-12743,2026-09-20 20:47:26,AGENT_05,Core (1-6mo),Spam_Commercial,Text_Post,0,Auto_Approved,2.7,60.9,0,Approve_Keep,0,0.0,None,0,0,Unsolicited commercial affiliate marketing message blast
MOD-2026-10853,2026-09-20 20:57:06,AGENT_11,Core (1-6mo),Fraud_Scams,Static_Image,0,Manual_Review,60.1,77.4,0,Remove_Delete,0,0.0,None,1,0,Gift card prize sweepstakes scam targeting senior account holders
MOD-2026-11936,2026-09-20 20:57:27,AGENT_15,Senior (6mo+),Hate_Speech,Short_Video,0,Manual_Review,146.2,220.4,0,Approve_Keep,0,0.0,None,0,0,Dehumanizing memes comparing ethnic groups to biological pests
MOD-2026-10797,2026-09-20 21:11:11,AGENT_09,Core (1-6mo),Spam_Commercial,Text_Post,0,Auto_Approved,3.8,45.7,0,Approve_Keep,0,0.0,None,0,0,Automated script posting identical promotional link 120 times in forum
MOD-2026-10216,2026-09-20 21:14:12,AGENT_04,Core (1-6mo),Fraud_Scams,Text_Post,0,Auto_Rejected,4.2,143.3,0,Remove_Delete,0,0.0,None,0,0,Phishing link impersonating official platform customer verification support
MOD-2026-10164,2026-09-20 21:16:52,AGENT_02,New Hire (<30d),Fraud_Scams,Text_Post,0,Auto_Rejected,4.5,179.4,0,Remove_Delete,0,0.0,None,0,0,Phishing link impersonating official platform customer verification support
MOD-2026-11195,2026-09-20 21:53:54,AGENT_07,Core (1-6mo),Spam_Commercial,Short_Video,0,Manual_Review,72.0,63.4,0,Remove_Delete,0,0.0,None,0,0,Keyword stuffing and hidden redirects on promotional landing page
MOD-2026-10640,2026-09-20 22:00:05,AGENT_01,New Hire (<30d),Spam_Commercial,Text_Post,0,Auto_Approved,5.7,122.7,0,Approve_Keep,0,0.0,None,0,0,Bulk account creation posting duplicate SEO spam articles
MOD-2026-11047,2026-09-20 22:12:15,AGENT_04,Core (1-6mo),Spam_Commercial,Short_Video,0,Manual_Review,150.3,133.6,0,Approve_Keep,0,0.0,None,0,0,Automated script posting identical promotional link 120 times in forum
MOD-2026-12539,2026-09-20 22:55:02,AGENT_01,New Hire (<30d),Fraud_Scams,Static_Image,0,Manual_Review,45.9,60.6,0,Remove_Delete,1,0.0,False_Positive,0,0,Unauthorized credential harvesting page embedded in bio link
MOD-2026-10538,2026-09-20 22:55:23,AGENT_09,Core (1-6mo),Hate_Speech,Text_Post,0,Auto_Approved,4.7,282.3,1,Approve_Keep,0,0.0,None,0,0,Coordinated brigading comments containing coded discriminatory dogwhistles
MOD-2026-10774,2026-09-20 23:05:46,AGENT_15,Senior (6mo+),Spam_Commercial,Live_Stream,0,Tier2_Escalated,113.0,109.3,0,Approve_Keep,0,0.0,None,0,0,Unsolicited commercial affiliate marketing message blast
MOD-2026-11837,2026-09-20 23:18:46,AGENT_03,New Hire (<30d),Hate_Speech,Static_Image,0,Auto_Approved,3.9,84.6,0,Approve_Keep,0,0.0,None,0,0,Coordinated brigading comments containing coded discriminatory dogwhistles
MOD-2026-10053,2026-09-20 23:22:09,AGENT_10,Core (1-6mo),Spam_Commercial,Text_Post,0,Auto_Approved,3.7,105.7,0,Approve_Keep,0,0.0,None,0,0,Keyword stuffing and hidden redirects on promotional landing page
MOD-2026-12785,2026-09-20 23:32:50,AGENT_14,Senior (6mo+),Fraud_Scams,Text_Post,0,Tier2_Escalated,17.7,161.1,0,Remove_Delete,0,0.0,None,0,0,Counterfeit luxury goods listing utilizing stolen trademark imagery
MOD-2026-12770,2026-09-20 23:45:00,AGENT_13,Senior (6mo+),Violence_HighRisk,Static_Image,0,Auto_Rejected,4.0,155.1,0,Remove_Delete,0,0.0,None,0,0,Threatening physical altercation clip uploaded without contextual warning
MOD-2026-10179,2026-09-20 23:47:32,AGENT_06,Core (1-6mo),Fraud_Scams,Static_Image,0,Auto_Rejected,2.7,43.6,0,Remove_Delete,0,0.0,None,0,0,Gift card prize sweepstakes scam targeting senior account holders
MOD-2026-11062,2026-09-20 23:50:20,AGENT_11,Core (1-6mo),Hate_Speech,Text_Post,0,Auto_Rejected,2.8,295.9,1,Remove_Delete,0,0.0,None,0,0,Coordinated brigading comments containing coded discriminatory dogwhistles
MOD-2026-11248,2026-09-20 23:54:50,AGENT_13,Senior (6mo+),Violence_HighRisk,Short_Video,0,Tier2_Escalated,111.6,176.4,0,Account_Suspend,0,0.0,None,0,0,Threatening physical altercation clip uploaded without contextual warning
MOD-2026-10026,2026-09-21 00:27:28,AGENT_01,New Hire (<30d),Fraud_Scams,Live_Stream,0,Manual_Review,387.3,130.9,0,Account_Suspend,1,100.0,None,0,0,Phishing link impersonating official platform customer verification support
MOD-2026-12596,2026-09-21 01:03:53,AGENT_14,Senior (6mo+),Fraud_Scams,Static_Image,0,Tier2_Escalated,39.4,52.4,0,Remove_Delete,1,100.0,None,1,0,Cryptocurrency investment scheme promising guaranteed 500% daily returns
MOD-2026-10693,2026-09-21 01:13:42,AGENT_14,Senior (6mo+),Spam_Commercial,Text_Post,0,Tier2_Escalated,10.6,118.6,0,Remove_Delete,0,0.0,None,1,0,Bulk account creation posting duplicate SEO spam articles
MOD-2026-11244,2026-09-21 01:27:08,AGENT_15,Senior (6mo+),Hate_Speech,Text_Post,0,Manual_Review,34.3,104.6,0,Approve_Keep,1,100.0,None,0,0,Incitement to boycott and harass private individual based on religion
MOD-2026-11281,2026-09-21 01:35:58,AGENT_14,Senior (6mo+),Spam_Commercial,Text_Post,0,Manual_Review,22.8,122.3,0,Remove_Delete,0,0.0,None,0,0,Keyword stuffing and hidden redirects on promotional landing page
MOD-2026-11222,2026-09-21 01:37:44,AGENT_04,Core (1-6mo),Spam_Commercial,Static_Image,0,Auto_Approved,5.0,106.6,0,Approve_Keep,0,0.0,None,0,0,Unsolicited commercial affiliate marketing message blast
MOD-2026-10824,2026-09-21 02:36:04,AGENT_03,New Hire (<30d),Violence_HighRisk,Short_Video,1,Manual_Review,208.0,200.5,1,Remove_Delete,0,0.0,None,0,0,Graphic injury footage from sports accident flagged by audience
MOD-2026-10450,2026-09-21 03:08:22,AGENT_10,Core (1-6mo),Violence_HighRisk,Static_Image,0,Manual_Review,46.4,40.3,0,Content_Warning,0,0.0,None,0,0,Reported altercation outside transit station with physical violence
MOD-2026-10456,2026-09-21 03:15:58,AGENT_06,Core (1-6mo),Hate_Speech,Text_Post,1,Auto_Rejected,3.6,318.9,1,Remove_Delete,0,0.0,None,0,0,Derogatory slur targeting protected demographic in comment section
MOD-2026-12280,2026-09-21 03:26:19,AGENT_11,Core (1-6mo),Hate_Speech,Static_Image,0,Manual_Review,73.2,181.4,0,Approve_Keep,0,0.0,None,0,0,Nuanced political satire flagged by automated keyword filter as hate
MOD-2026-12438,2026-09-21 03:42:41,AGENT_07,Core (1-6mo),Spam_Commercial,Text_Post,0,Auto_Rejected,4.5,124.0,0,Remove_Delete,0,0.0,None,0,0,Automated script posting identical promotional link 120 times in forum
MOD-2026-10064,2026-09-21 03:47:37,AGENT_12,Senior (6mo+),Fraud_Scams,Text_Post,0,Tier2_Escalated,34.6,61.6,0,Remove_Delete,0,0.0,None,0,0,Cryptocurrency investment scheme promising guaranteed 500% daily returns
MOD-2026-12450,2026-09-21 04:25:11,AGENT_02,New Hire (<30d),Hate_Speech,Static_Image,0,Manual_Review,71.0,157.9,0,Remove_Delete,0,0.0,None,0,0,Coordinated brigading comments containing coded discriminatory dogwhistles
MOD-2026-11284,2026-09-21 04:55:15,AGENT_10,Core (1-6mo),Violence_HighRisk,Static_Image,1,Auto_Rejected,4.8,206.7,1,Remove_Delete,0,0.0,None,0,0,Graphic injury footage from sports accident flagged by audience
MOD-2026-10388,2026-09-21 05:16:36,AGENT_03,New Hire (<30d),Fraud_Scams,Static_Image,0,Auto_Rejected,4.8,169.6,0,Remove_Delete,0,0.0,None,0,0,Cryptocurrency investment scheme promising guaranteed 500% daily returns
MOD-2026-12136,2026-09-21 05:23:11,AGENT_06,Core (1-6mo),Hate_Speech,Static_Image,1,Manual_Review,45.5,149.2,0,Account_Suspend,0,0.0,None,0,0,Coordinated brigading comments containing coded discriminatory dogwhistles
MOD-2026-11629,2026-09-21 05:23:51,AGENT_04,Core (1-6mo),Fraud_Scams,Short_Video,0,Auto_Rejected,3.9,111.7,0,Remove_Delete,0,0.0,None,0,0,Counterfeit luxury goods listing utilizing stolen trademark imagery
MOD-2026-11871,2026-09-21 06:22:45,AGENT_09,Core (1-6mo),Violence_HighRisk,Short_Video,0,Manual_Review,142.1,55.4,0,Approve_Keep,0,0.0,None,0,0,Threatening physical altercation clip uploaded without contextual warning
MOD-2026-11632,2026-09-21 06:30:51,AGENT_10,Core (1-6mo),Hate_Speech,Text_Post,1,Manual_Review,20.9,291.1,1,Remove_Delete,0,0.0,None,0,0,Derogatory slur targeting protected demographic in comment section
MOD-2026-11668,2026-09-21 07:56:54,AGENT_11,Core (1-6mo),Hate_Speech,Short_Video,0,Manual_Review,198.5,107.2,0,Account_Suspend,0,0.0,None,1,0,Derogatory slur targeting protected demographic in comment section
MOD-2026-11675,2026-09-21 08:13:51,AGENT_07,Core (1-6mo),Violence_HighRisk,Short_Video,0,Auto_Rejected,3.6,252.6,1,Remove_Delete,0,0.0,None,0,0,Dangerous weapons demonstration video flagged for policy violation
MOD-2026-10256,2026-09-21 08:20:56,AGENT_01,New Hire (<30d),Fraud_Scams,Static_Image,0,Auto_Approved,5.0,52.8,0,Approve_Keep,0,0.0,None,0,0,Gift card prize sweepstakes scam targeting senior account holders
MOD-2026-10416,2026-09-21 08:46:53,AGENT_02,New Hire (<30d),Spam_Commercial,Text_Post,0,Auto_Approved,3.8,72.0,0,Approve_Keep,0,0.0,None,0,0,Automated script posting identical promotional link 120 times in forum
MOD-2026-10637,2026-09-21 09:17:39,AGENT_02,New Hire (<30d),Spam_Commercial,Text_Post,0,Auto_Approved,4.3,117.9,0,Approve_Keep,0,0.0,None,0,0,Bulk account creation posting duplicate SEO spam articles
MOD-2026-10255,2026-09-21 09:22:25,AGENT_01,New Hire (<30d),Fraud_Scams,Static_Image,0,Manual_Review,58.4,204.9,0,Approve_Keep,0,0.0,None,0,0,Phishing link impersonating official platform customer verification support
MOD-2026-12545,2026-09-21 09:26:22,AGENT_05,Core (1-6mo),Violence_HighRisk,Static_Image,1,Manual_Review,41.2,161.1,0,Remove_Delete,0,0.0,None,0,0,Reported altercation outside transit station with physical violence
MOD-2026-10301,2026-09-21 10:16:55,AGENT_14,Senior (6mo+),Hate_Speech,Text_Post,0,Auto_Approved,3.6,249.5,1,Approve_Keep,0,0.0,None,0,0,Incitement to boycott and harass private individual based on religion
MOD-2026-10180,2026-09-21 10:18:56,AGENT_14,Senior (6mo+),Fraud_Scams,Static_Image,0,Tier2_Escalated,48.2,63.8,0,Remove_Delete,0,0.0,None,0,0,Gift card prize sweepstakes scam targeting senior account holders
MOD-2026-11658,2026-09-21 10:29:54,AGENT_10,Core (1-6mo),Spam_Commercial,Static_Image,0,Auto_Rejected,3.4,60.2,0,Remove_Delete,0,0.0,None,0,0,Unsolicited commercial affiliate marketing message blast
MOD-2026-11124,2026-09-21 10:50:35,AGENT_06,Core (1-6mo),Fraud_Scams,Short_Video,0,Auto_Rejected,3.8,142.7,0,Remove_Delete,0,0.0,None,0,0,Gift card prize sweepstakes scam targeting senior account holders
MOD-2026-11169,2026-09-21 11:06:59,AGENT_10,Core (1-6mo),Spam_Commercial,Text_Post,0,Auto_Rejected,5.7,119.5,0,Remove_Delete,0,0.0,None,0,0,Repetitive bot activity promoting unverified pharmaceutical supplements
MOD-2026-11864,2026-09-21 11:34:20,AGENT_15,Senior (6mo+),Hate_Speech,Text_Post,0,Manual_Review,19.3,165.9,0,Escalate,0,0.0,None,0,0,Incitement to boycott and harass private individual based on religion
MOD-2026-10425,2026-09-21 11:38:01,AGENT_12,Senior (6mo+),Spam_Commercial,Text_Post,0,Auto_Rejected,4.3,70.7,0,Remove_Delete,0,0.0,None,0,0,Automated script posting identical promotional link 120 times in forum
MOD-2026-10954,2026-09-21 11:47:06,AGENT_08,Core (1-6mo),Hate_Speech,Text_Post,0,Auto_Approved,5.9,224.6,0,Approve_Keep,1,100.0,None,0,0,Dehumanizing memes comparing ethnic groups to biological pests
MOD-2026-10350,2026-09-21 12:16:05,AGENT_13,Senior (6mo+),Emergency_TCO,Text_Post,1,Tier2_Escalated,33.7,61.9,1,Account_Suspend,0,0.0,None,0,0,Violent extremist manifestos distribution attempt flagged by cross-platform hash
MOD-2026-12295,2026-09-21 12:16:49,AGENT_01,New Hire (<30d),Spam_Commercial,Text_Post,0,Auto_Rejected,4.0,114.8,0,Remove_Delete,0,0.0,None,0,0,Bulk account creation posting duplicate SEO spam articles
MOD-2026-10806,2026-09-21 12:21:53,AGENT_04,Core (1-6mo),Spam_Commercial,Text_Post,0,Auto_Approved,3.1,31.5,0,Approve_Keep,0,0.0,None,0,0,Keyword stuffing and hidden redirects on promotional landing page
MOD-2026-12571,2026-09-21 12:31:17,AGENT_15,Senior (6mo+),Violence_HighRisk,Static_Image,0,Tier2_Escalated,62.2,194.2,1,Approve_Keep,0,0.0,None,0,0,Self-harm reference in private broadcast requiring immediate crisis triage
MOD-2026-10466,2026-09-21 12:33:07,AGENT_11,Core (1-6mo),Hate_Speech,Short_Video,0,Manual_Review,211.6,261.4,1,Remove_Delete,0,0.0,None,0,0,Derogatory slur targeting protected demographic in comment section
MOD-2026-10022,2026-09-21 13:22:33,AGENT_13,Senior (6mo+),Violence_HighRisk,Short_Video,1,Tier2_Escalated,104.1,146.8,0,Content_Warning,1,100.0,None,0,0,Threatening physical altercation clip uploaded without contextual warning
MOD-2026-10035,2026-09-21 13:27:38,AGENT_04,Core (1-6mo),Hate_Speech,Live_Stream,1,Manual_Review,266.6,239.9,0,Approve_Keep,0,0.0,None,0,0,Coordinated brigading comments containing coded discriminatory dogwhistles
MOD-2026-10168,2026-09-21 13:32:53,AGENT_09,Core (1-6mo),Emergency_TCO,Short_Video,1,Manual_Review,171.4,61.3,1,Remove_Delete,0,0.0,None,0,0,Emergency legal escalation concerning imminent threat of platform violence
MOD-2026-12215,2026-09-21 13:51:15,AGENT_07,Core (1-6mo),Spam_Commercial,Text_Post,0,Auto_Rejected,4.0,78.7,0,Remove_Delete,0,0.0,None,0,0,Keyword stuffing and hidden redirects on promotional landing page
MOD-2026-12551,2026-09-21 13:54:18,AGENT_13,Senior (6mo+),Hate_Speech,Short_Video,0,Auto_Rejected,5.9,218.7,0,Remove_Delete,0,0.0,None,0,0,Dehumanizing memes comparing ethnic groups to biological pests
MOD-2026-12455,2026-09-21 13:55:21,AGENT_14,Senior (6mo+),Violence_HighRisk,Live_Stream,1,Tier2_Escalated,268.4,221.8,1,Remove_Delete,0,0.0,None,0,0,Graphic injury footage from sports accident flagged by audience
MOD-2026-10024,2026-09-21 14:03:02,AGENT_06,Core (1-6mo),Hate_Speech,Text_Post,0,Auto_Rejected,5.8,47.6,0,Remove_Delete,0,0.0,None,0,0,Derogatory slur targeting protected demographic in comment section
MOD-2026-10486,2026-09-21 14:25:06,AGENT_15,Senior (6mo+),Spam_Commercial,Text_Post,0,Auto_Approved,4.1,210.1,0,Approve_Keep,0,0.0,None,0,0,Repetitive bot activity promoting unverified pharmaceutical supplements
MOD-2026-12662,2026-09-21 15:04:21,AGENT_06,Core (1-6mo),Violence_HighRisk,Short_Video,1,Manual_Review,230.3,95.5,0,Remove_Delete,0,0.0,None,0,0,Dangerous weapons demonstration video flagged for policy violation
MOD-2026-12008,2026-09-21 15:52:25,AGENT_08,Core (1-6mo),Spam_Commercial,Text_Post,0,Auto_Approved,4.7,34.7,0,Approve_Keep,0,0.0,None,0,0,Repetitive bot activity promoting unverified pharmaceutical supplements
MOD-2026-12039,2026-09-21 16:12:20,AGENT_03,New Hire (<30d),Hate_Speech,Text_Post,0,Auto_Approved,3.6,102.5,0,Approve_Keep,0,0.0,None,0,0,Incitement to boycott and harass private individual based on religion
MOD-2026-10316,2026-09-21 16:36:48,AGENT_06,Core (1-6mo),Spam_Commercial,Text_Post,0,Auto_Approved,3.1,146.9,0,Approve_Keep,1,100.0,None,0,0,Unsolicited commercial affiliate marketing message blast
MOD-2026-12611,2026-09-21 17:20:36,AGENT_02,New Hire (<30d),Spam_Commercial,Text_Post,0,Auto_Approved,4.4,47.2,0,Approve_Keep,0,0.0,None,0,0,Bulk account creation posting duplicate SEO spam articles
MOD-2026-10884,2026-09-21 17:52:49,AGENT_07,Core (1-6mo),Hate_Speech,Live_Stream,0,Auto_Rejected,4.8,272.9,1,Remove_Delete,0,0.0,None,0,0,Dehumanizing memes comparing ethnic groups to biological pests
MOD-2026-12143,2026-09-21 18:14:29,AGENT_12,Senior (6mo+),Fraud_Scams,Text_Post,0,Manual_Review,29.4,205.2,0,Remove_Delete,0,0.0,None,0,0,Gift card prize sweepstakes scam targeting senior account holders
MOD-2026-11690,2026-09-21 18:59:12,AGENT_02,New Hire (<30d),Hate_Speech,Text_Post,1,Manual_Review,40.1,162.7,0,Remove_Delete,1,100.0,None,0,0,Incitement to boycott and harass private individual based on religion
MOD-2026-11933,2026-09-21 19:04:53,AGENT_07,Core (1-6mo),Violence_HighRisk,Live_Stream,1,Manual_Review,250.5,238.3,1,Remove_Delete,0,0.0,None,0,0,Threatening physical altercation clip uploaded without contextual warning
MOD-2026-11002,2026-09-21 19:33:08,AGENT_03,New Hire (<30d),Fraud_Scams,Text_Post,0,Auto_Rejected,4.2,180.9,0,Remove_Delete,0,0.0,None,0,0,Cryptocurrency investment scheme promising guaranteed 500% daily returns
MOD-2026-11055,2026-09-21 19:41:31,AGENT_11,Core (1-6mo),Violence_HighRisk,Short_Video,1,Auto_Approved,3.9,207.4,1,Approve_Keep,0,0.0,None,0,0,Graphic injury footage from sports accident flagged by audience
MOD-2026-12286,2026-09-21 19:48:36,AGENT_10,Core (1-6mo),Spam_Commercial,Text_Post,0,Auto_Rejected,3.4,112.7,0,Remove_Delete,0,0.0,None,1,0,Repetitive bot activity promoting unverified pharmaceutical supplements
MOD-2026-12641,2026-09-21 20:03:34,AGENT_08,Core (1-6mo),Fraud_Scams,Static_Image,0,Auto_Approved,4.4,55.4,0,Approve_Keep,1,100.0,None,0,0,Unauthorized credential harvesting page embedded in bio link
MOD-2026-12518,2026-09-21 20:17:19,AGENT_03,New Hire (<30d),Fraud_Scams,Text_Post,0,Auto_Approved,4.9,109.5,0,Approve_Keep,0,0.0,None,0,0,Phishing link impersonating official platform customer verification support
MOD-2026-10780,2026-09-21 20:24:39,AGENT_03,New Hire (<30d),Spam_Commercial,Static_Image,0,Manual_Review,48.9,140.3,0,Approve_Keep,0,0.0,None,0,0,Keyword stuffing and hidden redirects on promotional landing page
MOD-2026-11841,2026-09-21 20:26:29,AGENT_12,Senior (6mo+),Emergency_TCO,Short_Video,1,Tier2_Escalated,121.8,40.8,0,Account_Suspend,0,0.0,None,0,0,Emergency legal escalation concerning imminent threat of platform violence
MOD-2026-12241,2026-09-21 20:45:05,AGENT_04,Core (1-6mo),Violence_HighRisk,Short_Video,0,Manual_Review,125.4,155.2,0,Content_Warning,0,0.0,None,1,0,Threatening physical altercation clip uploaded without contextual warning
MOD-2026-10682,2026-09-21 20:52:31,AGENT_12,Senior (6mo+),Violence_HighRisk,Live_Stream,1,Tier2_Escalated,200.1,85.1,0,Remove_Delete,0,0.0,None,0,0,Self-harm reference in private broadcast requiring immediate crisis triage
MOD-2026-12697,2026-09-21 21:05:44,AGENT_10,Core (1-6mo),Hate_Speech,Static_Image,0,Manual_Review,68.7,265.0,1,Remove_Delete,0,0.0,None,0,0,Coordinated brigading comments containing coded discriminatory dogwhistles
MOD-2026-10198,2026-09-21 21:05:55,AGENT_10,Core (1-6mo),Spam_Commercial,Text_Post,0,Auto_Rejected,5.1,23.2,0,Remove_Delete,0,0.0,None,0,0,Bulk account creation posting duplicate SEO spam articles
MOD-2026-12258,2026-09-21 21:08:22,AGENT_07,Core (1-6mo),Spam_Commercial,Static_Image,0,Manual_Review,42.5,172.5,0,Content_Warning,0,0.0,None,1,1,Automated script posting identical promotional link 120 times in forum
MOD-2026-11897,2026-09-21 21:56:08,AGENT_09,Core (1-6mo),Spam_Commercial,Short_Video,0,Auto_Approved,5.7,201.5,0,Approve_Keep,0,0.0,None,0,0,Automated script posting identical promotional link 120 times in forum
MOD-2026-11440,2026-09-21 22:26:59,AGENT_04,Core (1-6mo),Violence_HighRisk,Short_Video,1,Manual_Review,256.3,248.4,1,Remove_Delete,0,0.0,None,1,0,Graphic injury footage from sports accident flagged by audience
MOD-2026-10276,2026-09-21 22:41:46,AGENT_15,Senior (6mo+),Hate_Speech,Text_Post,0,Auto_Rejected,3.5,267.4,1,Remove_Delete,0,0.0,None,0,0,Coordinated brigading comments containing coded discriminatory dogwhistles
MOD-2026-10197,2026-09-21 22:42:31,AGENT_06,Core (1-6mo),Spam_Commercial,Text_Post,0,Auto_Rejected,3.8,196.6,0,Remove_Delete,0,0.0,None,0,0,Bulk account creation posting duplicate SEO spam articles
MOD-2026-10752,2026-09-21 22:44:03,AGENT_04,Core (1-6mo),Violence_HighRisk,Short_Video,1,Manual_Review,132.6,258.2,1,Account_Suspend,0,0.0,None,0,0,Self-harm reference in private broadcast requiring immediate crisis triage
MOD-2026-12033,2026-09-21 22:47:06,AGENT_12,Senior (6mo+),Hate_Speech,Text_Post,0,Tier2_Escalated,25.1,250.5,1,Account_Suspend,0,0.0,None,0,0,Incitement to boycott and harass private individual based on religion
MOD-2026-12308,2026-09-21 23:27:49,AGENT_13,Senior (6mo+),Hate_Speech,Static_Image,0,Manual_Review,31.3,82.6,0,Remove_Delete,0,0.0,None,1,0,Incitement to boycott and harass private individual based on religion
MOD-2026-10068,2026-09-21 23:31:54,AGENT_11,Core (1-6mo),Fraud_Scams,Text_Post,0,Auto_Rejected,4.5,210.2,0,Remove_Delete,0,0.0,None,0,0,Counterfeit luxury goods listing utilizing stolen trademark imagery
MOD-2026-11970,2026-09-21 23:55:04,AGENT_10,Core (1-6mo),Spam_Commercial,Static_Image,0,Auto_Rejected,5.4,158.9,0,Remove_Delete,1,100.0,None,0,0,Automated script posting identical promotional link 120 times in forum
MOD-2026-12090,2026-09-22 00:16:35,AGENT_07,Core (1-6mo),Spam_Commercial,Text_Post,0,Manual_Review,21.4,82.8,0,Remove_Delete,1,100.0,None,0,0,Keyword stuffing and hidden redirects on promotional landing page
MOD-2026-12735,2026-09-22 00:21:30,AGENT_14,Senior (6mo+),Hate_Speech,Text_Post,0,Auto_Approved,4.5,53.0,0,Approve_Keep,1,100.0,None,0,0,Coordinated brigading comments containing coded discriminatory dogwhistles
MOD-2026-12169,2026-09-22 00:31:34,AGENT_12,Senior (6mo+),Violence_HighRisk,Short_Video,0,Tier2_Escalated,117.9,113.6,0,Remove_Delete,0,0.0,None,0,0,Threatening physical altercation clip uploaded without contextual warning
MOD-2026-10117,2026-09-22 00:33:53,AGENT_02,New Hire (<30d),Spam_Commercial,Text_Post,0,Auto_Approved,4.7,179.3,0,Approve_Keep,0,0.0,None,0,0,Repetitive bot activity promoting unverified pharmaceutical supplements
MOD-2026-10522,2026-09-22 00:47:35,AGENT_07,Core (1-6mo),Hate_Speech,Static_Image,0,Auto_Approved,2.7,307.8,1,Approve_Keep,0,0.0,None,0,0,Nuanced political satire flagged by automated keyword filter as hate
MOD-2026-10449,2026-09-22 00:48:06,AGENT_07,Core (1-6mo),Fraud_Scams,Static_Image,0,Auto_Approved,3.7,84.1,0,Approve_Keep,0,0.0,None,0,0,Phishing link impersonating official platform customer verification support
MOD-2026-11779,2026-09-22 01:01:47,AGENT_08,Core (1-6mo),Spam_Commercial,Text_Post,0,Auto_Rejected,5.8,173.6,0,Remove_Delete,0,0.0,None,0,0,Automated script posting identical promotional link 120 times in forum
MOD-2026-10482,2026-09-22 01:23:55,AGENT_07,Core (1-6mo),Spam_Commercial,Text_Post,0,Auto_Approved,4.7,25.8,0,Approve_Keep,0,0.0,None,0,0,Repetitive bot activity promoting unverified pharmaceutical supplements
MOD-2026-12679,2026-09-22 01:32:18,AGENT_10,Core (1-6mo),Violence_HighRisk,Live_Stream,1,Auto_Approved,4.9,34.5,0,Approve_Keep,0,0.0,None,0,0,Graphic injury footage from sports accident flagged by audience
MOD-2026-12677,2026-09-22 01:39:45,AGENT_13,Senior (6mo+),Fraud_Scams,Static_Image,0,Manual_Review,32.5,129.5,0,Remove_Delete,0,0.0,None,0,0,Gift card prize sweepstakes scam targeting senior account holders
MOD-2026-10534,2026-09-22 01:45:39,AGENT_13,Senior (6mo+),Violence_HighRisk,Short_Video,1,Manual_Review,122.5,40.5,0,Approve_Keep,1,100.0,None,0,0,Threatening physical altercation clip uploaded without contextual warning
MOD-2026-12547,2026-09-22 01:47:50,AGENT_05,Core (1-6mo),Fraud_Scams,Static_Image,0,Manual_Review,61.2,159.7,0,Remove_Delete,0,0.0,None,0,0,Counterfeit luxury goods listing utilizing stolen trademark imagery
MOD-2026-10109,2026-09-22 01:56:00,AGENT_01,New Hire (<30d),Spam_Commercial,Text_Post,0,Auto_Approved,5.1,30.0,0,Approve_Keep,1,100.0,None,0,0,Bulk account creation posting duplicate SEO spam articles
MOD-2026-12128,2026-09-22 02:09:15,AGENT_07,Core (1-6mo),Violence_HighRisk,Text_Post,1,Manual_Review,28.2,53.9,0,Content_Warning,0,0.0,None,0,0,Self-harm reference in private broadcast requiring immediate crisis triage
MOD-2026-10443,2026-09-22 02:17:37,AGENT_12,Senior (6mo+),Spam_Commercial,Text_Post,0,Manual_Review,20.7,183.9,0,Approve_Keep,0,0.0,None,0,0,Automated script posting identical promotional link 120 times in forum
MOD-2026-11785,2026-09-22 02:19:51,AGENT_06,Core (1-6mo),Violence_HighRisk,Short_Video,1,Manual_Review,136.1,227.6,1,Approve_Keep,1,100.0,None,0,0,Threatening physical altercation clip uploaded without contextual warning
MOD-2026-11919,2026-09-22 02:42:38,AGENT_08,Core (1-6mo),Violence_HighRisk,Short_Video,0,Auto_Rejected,6.0,143.4,0,Remove_Delete,0,0.0,None,1,0,Reported altercation outside transit station with physical violence
MOD-2026-11489,2026-09-22 03:09:30,AGENT_15,Senior (6mo+),Violence_HighRisk,Text_Post,0,Tier2_Escalated,26.5,181.3,1,Remove_Delete,1,100.0,None,0,0,Threatening physical altercation clip uploaded without contextual warning
MOD-2026-11674,2026-09-22 03:12:57,AGENT_01,New Hire (<30d),Fraud_Scams,Static_Image,0,Auto_Approved,4.2,156.5,0,Approve_Keep,0,0.0,None,0,0,Phishing link impersonating official platform customer verification support
MOD-2026-10542,2026-09-22 03:47:06,AGENT_02,New Hire (<30d),Hate_Speech,Static_Image,0,Auto_Rejected,2.8,247.9,1,Remove_Delete,0,0.0,None,0,0,Dehumanizing memes comparing ethnic groups to biological pests
MOD-2026-11482,2026-09-22 03:47:33,AGENT_06,Core (1-6mo),Spam_Commercial,Text_Post,0,Auto_Approved,4.3,146.7,0,Approve_Keep,0,0.0,None,0,0,Unsolicited commercial affiliate marketing message blast
MOD-2026-12513,2026-09-22 03:51:02,AGENT_13,Senior (6mo+),Fraud_Scams,Short_Video,0,Tier2_Escalated,128.8,114.4,0,Remove_Delete,0,0.0,None,0,0,Gift card prize sweepstakes scam targeting senior account holders
MOD-2026-10727,2026-09-22 03:54:36,AGENT_03,New Hire (<30d),Fraud_Scams,Static_Image,0,Auto_Approved,5.8,86.1,0,Approve_Keep,0,0.0,None,0,0,Gift card prize sweepstakes scam targeting senior account holders
MOD-2026-11226,2026-09-22 04:03:04,AGENT_11,Core (1-6mo),Fraud_Scams,Short_Video,0,Manual_Review,188.3,214.5,0,Content_Warning,0,0.0,None,0,0,Counterfeit luxury goods listing utilizing stolen trademark imagery
MOD-2026-10211,2026-09-22 04:15:22,AGENT_06,Core (1-6mo),Violence_HighRisk,Static_Image,0,Manual_Review,70.4,116.3,0,Remove_Delete,0,0.0,None,0,0,Self-harm reference in private broadcast requiring immediate crisis triage
MOD-2026-12577,2026-09-22 04:15:58,AGENT_13,Senior (6mo+),Violence_HighRisk,Short_Video,1,Manual_Review,198.2,94.8,0,Remove_Delete,1,100.0,None,0,0,Self-harm reference in private broadcast requiring immediate crisis triage
MOD-2026-12132,2026-09-22 04:19:52,AGENT_02,New Hire (<30d),Spam_Commercial,Text_Post,0,Auto_Approved,5.3,25.5,0,Approve_Keep,0,0.0,None,0,0,Automated script posting identical promotional link 120 times in forum
MOD-2026-12027,2026-09-22 04:39:09,AGENT_06,Core (1-6mo),Spam_Commercial,Text_Post,0,Manual_Review,16.2,22.7,0,Remove_Delete,1,100.0,None,1,0,Keyword stuffing and hidden redirects on promotional landing page
MOD-2026-10592,2026-09-22 04:55:52,AGENT_13,Senior (6mo+),Violence_HighRisk,Short_Video,1,Auto_Approved,4.2,137.2,0,Approve_Keep,0,0.0,None,0,0,Threatening physical altercation clip uploaded without contextual warning
MOD-2026-10744,2026-09-22 05:08:50,AGENT_15,Senior (6mo+),Hate_Speech,Static_Image,0,Tier2_Escalated,67.4,78.2,0,Approve_Keep,0,0.0,None,0,0,Dehumanizing memes comparing ethnic groups to biological pests
MOD-2026-12002,2026-09-22 05:14:41,AGENT_13,Senior (6mo+),Spam_Commercial,Text_Post,0,Auto_Approved,4.9,79.4,0,Approve_Keep,1,100.0,None,0,0,Unsolicited commercial affiliate marketing message blast
MOD-2026-11468,2026-09-22 06:00:31,AGENT_13,Senior (6mo+),Violence_HighRisk,Short_Video,0,Tier2_Escalated,205.1,109.0,0,Approve_Keep,0,0.0,None,0,0,Threatening physical altercation clip uploaded without contextual warning
MOD-2026-11630,2026-09-22 06:15:16,AGENT_08,Core (1-6mo),Violence_HighRisk,Static_Image,1,Auto_Approved,3.8,88.7,0,Approve_Keep,0,0.0,None,0,0,Dangerous weapons demonstration video flagged for policy violation
MOD-2026-11321,2026-09-22 06:19:36,AGENT_07,Core (1-6mo),Spam_Commercial,Text_Post,0,Manual_Review,13.7,138.3,0,Remove_Delete,0,0.0,None,0,0,Keyword stuffing and hidden redirects on promotional landing page
MOD-2026-11820,2026-09-22 06:54:23,AGENT_08,Core (1-6mo),Fraud_Scams,Short_Video,0,Auto_Approved,3.4,59.3,0,Approve_Keep,0,0.0,None,0,0,Unauthorized credential harvesting page embedded in bio link
MOD-2026-11801,2026-09-22 06:59:59,AGENT_04,Core (1-6mo),Spam_Commercial,Static_Image,0,Manual_Review,37.9,172.1,0,Approve_Keep,0,0.0,None,0,0,Keyword stuffing and hidden redirects on promotional landing page
MOD-2026-10478,2026-09-22 07:33:20,AGENT_10,Core (1-6mo),Fraud_Scams,Static_Image,0,Manual_Review,33.3,134.3,0,Account_Suspend,0,0.0,None,1,0,Gift card prize sweepstakes scam targeting senior account holders
MOD-2026-10722,2026-09-22 07:35:38,AGENT_04,Core (1-6mo),Hate_Speech,Static_Image,0,Manual_Review,77.8,319.4,1,Escalate,0,0.0,None,0,0,Coordinated brigading comments containing coded discriminatory dogwhistles
MOD-2026-10459,2026-09-22 07:38:40,AGENT_11,Core (1-6mo),Hate_Speech,Text_Post,0,Manual_Review,40.2,282.2,1,Approve_Keep,0,0.0,None,0,0,Coordinated brigading comments containing coded discriminatory dogwhistles
MOD-2026-11691,2026-09-22 08:25:03,AGENT_12,Senior (6mo+),Hate_Speech,Text_Post,0,Auto_Approved,5.9,207.5,0,Approve_Keep,0,0.0,None,0,0,Nuanced political satire flagged by automated keyword filter as hate
MOD-2026-11386,2026-09-22 08:32:07,AGENT_13,Senior (6mo+),Spam_Commercial,Text_Post,0,Tier2_Escalated,23.5,105.0,0,Remove_Delete,0,0.0,None,0,0,Repetitive bot activity promoting unverified pharmaceutical supplements
MOD-2026-11110,2026-09-22 08:58:41,AGENT_12,Senior (6mo+),Violence_HighRisk,Short_Video,1,Manual_Review,191.3,248.2,1,Content_Warning,0,0.0,None,0,0,Self-harm reference in private broadcast requiring immediate crisis triage
MOD-2026-10326,2026-09-22 09:10:52,AGENT_10,Core (1-6mo),Hate_Speech,Text_Post,1,Auto_Approved,3.0,69.8,0,Approve_Keep,0,0.0,None,0,0,Derogatory slur targeting protected demographic in comment section
MOD-2026-11701,2026-09-22 09:12:25,AGENT_08,Core (1-6mo),Violence_HighRisk,Short_Video,1,Manual_Review,140.0,165.4,0,Remove_Delete,0,0.0,None,0,0,Dangerous weapons demonstration video flagged for policy violation
MOD-2026-10059,2026-09-22 09:23:59,AGENT_12,Senior (6mo+),Hate_Speech,Text_Post,0,Auto_Rejected,2.9,192.4,0,Remove_Delete,0,0.0,None,0,0,Dehumanizing memes comparing ethnic groups to biological pests
MOD-2026-12193,2026-09-22 09:38:09,AGENT_09,Core (1-6mo),Hate_Speech,Short_Video,0,Auto_Approved,4.1,277.6,1,Approve_Keep,0,0.0,None,0,0,Derogatory slur targeting protected demographic in comment section
MOD-2026-11575,2026-09-22 09:40:15,AGENT_14,Senior (6mo+),Spam_Commercial,Static_Image,0,Auto_Approved,5.0,146.9,0,Approve_Keep,1,100.0,None,0,0,Bulk account creation posting duplicate SEO spam articles
MOD-2026-12729,2026-09-22 09:43:17,AGENT_13,Senior (6mo+),Hate_Speech,Text_Post,0,Manual_Review,32.8,106.3,0,Remove_Delete,0,0.0,None,0,0,Nuanced political satire flagged by automated keyword filter as hate
MOD-2026-12417,2026-09-22 09:51:20,AGENT_12,Senior (6mo+),Fraud_Scams,Static_Image,0,Tier2_Escalated,54.8,49.5,0,Remove_Delete,0,0.0,None,1,0,Counterfeit luxury goods listing utilizing stolen trademark imagery
MOD-2026-10510,2026-09-22 10:14:30,AGENT_01,New Hire (<30d),Hate_Speech,Live_Stream,0,Auto_Rejected,4.6,128.6,0,Remove_Delete,0,0.0,None,0,0,Nuanced political satire flagged by automated keyword filter as hate
MOD-2026-12189,2026-09-22 10:17:41,AGENT_08,Core (1-6mo),Hate_Speech,Text_Post,0,Auto_Rejected,2.8,132.5,0,Remove_Delete,0,0.0,None,1,0,Coordinated brigading comments containing coded discriminatory dogwhistles
MOD-2026-12428,2026-09-22 10:29:30,AGENT_13,Senior (6mo+),Hate_Speech,Static_Image,0,Auto_Approved,4.8,227.5,0,Approve_Keep,0,0.0,None,0,0,Dehumanizing memes comparing ethnic groups to biological pests
MOD-2026-12772,2026-09-22 11:47:43,AGENT_14,Senior (6mo+),Hate_Speech,Static_Image,0,Tier2_Escalated,36.9,154.5,0,Account_Suspend,0,0.0,None,0,0,Dehumanizing memes comparing ethnic groups to biological pests
MOD-2026-10551,2026-09-22 11:51:49,AGENT_12,Senior (6mo+),Fraud_Scams,Text_Post,0,Manual_Review,34.6,128.5,0,Content_Warning,0,0.0,None,1,0,Phishing link impersonating official platform customer verification support
MOD-2026-12511,2026-09-22 11:59:52,AGENT_07,Core (1-6mo),Spam_Commercial,Text_Post,0,Manual_Review,22.3,147.5,0,Remove_Delete,0,0.0,None,0,0,Automated script posting identical promotional link 120 times in forum
MOD-2026-12255,2026-09-22 12:03:27,AGENT_15,Senior (6mo+),Hate_Speech,Short_Video,0,Tier2_Escalated,154.3,124.8,0,Approve_Keep,1,100.0,None,0,0,Dehumanizing memes comparing ethnic groups to biological pests
MOD-2026-11376,2026-09-22 12:28:23,AGENT_12,Senior (6mo+),Fraud_Scams,Static_Image,0,Manual_Review,30.2,133.0,0,Remove_Delete,0,0.0,None,1,0,Gift card prize sweepstakes scam targeting senior account holders
MOD-2026-10935,2026-09-22 12:32:10,AGENT_12,Senior (6mo+),Fraud_Scams,Static_Image,0,Manual_Review,40.2,32.2,0,Remove_Delete,0,0.0,None,0,0,Phishing link impersonating official platform customer verification support
MOD-2026-11242,2026-09-22 13:42:14,AGENT_08,Core (1-6mo),Violence_HighRisk,Live_Stream,1,Manual_Review,219.2,168.8,0,Remove_Delete,0,0.0,None,0,0,Dangerous weapons demonstration video flagged for policy violation
MOD-2026-10955,2026-09-22 13:46:07,AGENT_14,Senior (6mo+),Spam_Commercial,Text_Post,0,Auto_Approved,5.7,152.7,0,Approve_Keep,0,0.0,None,0,0,Unsolicited commercial affiliate marketing message blast
MOD-2026-12432,2026-09-22 13:58:49,AGENT_08,Core (1-6mo),Violence_HighRisk,Static_Image,1,Auto_Rejected,3.7,211.1,1,Remove_Delete,0,0.0,None,0,0,Self-harm reference in private broadcast requiring immediate crisis triage
MOD-2026-11439,2026-09-22 14:07:04,AGENT_02,New Hire (<30d),Spam_Commercial,Static_Image,0,Auto_Approved,2.7,149.7,0,Approve_Keep,1,100.0,None,0,0,Automated script posting identical promotional link 120 times in forum
MOD-2026-11258,2026-09-22 14:11:11,AGENT_06,Core (1-6mo),Fraud_Scams,Text_Post,0,Manual_Review,30.5,99.0,0,Remove_Delete,0,0.0,None,0,0,Unauthorized credential harvesting page embedded in bio link
MOD-2026-12227,2026-09-22 14:57:54,AGENT_15,Senior (6mo+),Fraud_Scams,Text_Post,0,Manual_Review,22.2,203.2,0,Remove_Delete,0,0.0,None,0,0,Unauthorized credential harvesting page embedded in bio link
MOD-2026-12483,2026-09-22 15:48:35,AGENT_10,Core (1-6mo),Spam_Commercial,Live_Stream,0,Auto_Rejected,2.7,130.5,0,Remove_Delete,0,0.0,None,0,0,Keyword stuffing and hidden redirects on promotional landing page
MOD-2026-12792,2026-09-22 16:01:47,AGENT_12,Senior (6mo+),Emergency_TCO,Static_Image,1,Manual_Review,66.7,73.2,1,Remove_Delete,0,0.0,None,0,0,Coordinated tactical propaganda audio recording flagged by intelligence unit
MOD-2026-12573,2026-09-22 16:25:41,AGENT_03,New Hire (<30d),Violence_HighRisk,Short_Video,1,Auto_Approved,2.6,81.6,0,Approve_Keep,0,0.0,None,0,0,Reported altercation outside transit station with physical violence
MOD-2026-11436,2026-09-22 16:27:41,AGENT_04,Core (1-6mo),Emergency_TCO,Short_Video,1,Auto_Rejected,3.9,23.9,0,Remove_Delete,0,0.0,None,0,0,Emergency legal escalation concerning imminent threat of platform violence
MOD-2026-12672,2026-09-22 16:49:06,AGENT_10,Core (1-6mo),Fraud_Scams,Static_Image,0,Manual_Review,32.4,148.7,0,Account_Suspend,1,100.0,None,0,0,Phishing link impersonating official platform customer verification support
MOD-2026-10903,2026-09-22 17:05:15,AGENT_13,Senior (6mo+),Fraud_Scams,Text_Post,0,Auto_Approved,3.6,83.4,0,Approve_Keep,0,0.0,None,0,0,Phishing link impersonating official platform customer verification support
MOD-2026-11613,2026-09-22 17:05:37,AGENT_07,Core (1-6mo),Spam_Commercial,Text_Post,0,Auto_Rejected,5.9,107.1,0,Remove_Delete,0,0.0,None,0,0,Keyword stuffing and hidden redirects on promotional landing page
MOD-2026-10049,2026-09-22 17:12:59,AGENT_14,Senior (6mo+),Spam_Commercial,Text_Post,0,Manual_Review,15.7,187.0,0,Remove_Delete,0,0.0,None,1,0,Unsolicited commercial affiliate marketing message blast
MOD-2026-11392,2026-09-22 17:25:38,AGENT_12,Senior (6mo+),Violence_HighRisk,Short_Video,0,Manual_Review,103.9,216.2,1,Approve_Keep,0,0.0,None,0,0,Self-harm reference in private broadcast requiring immediate crisis triage
MOD-2026-11479,2026-09-22 17:40:15,AGENT_05,Core (1-6mo),Fraud_Scams,Live_Stream,0,Manual_Review,266.6,87.9,0,Remove_Delete,0,0.0,None,0,0,Counterfeit luxury goods listing utilizing stolen trademark imagery
MOD-2026-12257,2026-09-22 17:42:21,AGENT_11,Core (1-6mo),Hate_Speech,Short_Video,0,Auto_Approved,2.7,222.4,0,Approve_Keep,0,0.0,None,0,0,Dehumanizing memes comparing ethnic groups to biological pests
MOD-2026-10483,2026-09-22 17:43:29,AGENT_01,New Hire (<30d),Spam_Commercial,Text_Post,0,Auto_Rejected,4.2,145.4,0,Remove_Delete,0,0.0,None,0,0,Repetitive bot activity promoting unverified pharmaceutical supplements
MOD-2026-10333,2026-09-22 18:08:55,AGENT_07,Core (1-6mo),Fraud_Scams,Static_Image,0,Manual_Review,63.7,69.7,0,Remove_Delete,0,0.0,None,0,0,Gift card prize sweepstakes scam targeting senior account holders
MOD-2026-10661,2026-09-22 18:09:08,AGENT_13,Senior (6mo+),Hate_Speech,Live_Stream,1,Auto_Approved,5.7,86.5,0,Approve_Keep,0,0.0,None,0,0,Coordinated brigading comments containing coded discriminatory dogwhistles
MOD-2026-11200,2026-09-22 18:31:18,AGENT_09,Core (1-6mo),Spam_Commercial,Text_Post,0,Auto_Approved,5.6,52.7,0,Approve_Keep,1,100.0,None,0,0,Bulk account creation posting duplicate SEO spam articles
MOD-2026-10565,2026-09-22 18:35:45,AGENT_03,New Hire (<30d),Fraud_Scams,Static_Image,0,Manual_Review,79.0,43.4,0,Approve_Keep,0,0.0,None,0,0,Cryptocurrency investment scheme promising guaranteed 500% daily returns
MOD-2026-11352,2026-09-22 18:38:38,AGENT_02,New Hire (<30d),Hate_Speech,Short_Video,0,Manual_Review,165.1,71.4,0,Remove_Delete,0,0.0,None,0,0,Nuanced political satire flagged by automated keyword filter as hate
MOD-2026-11886,2026-09-22 18:47:11,AGENT_09,Core (1-6mo),Spam_Commercial,Text_Post,0,Manual_Review,27.4,199.9,0,Approve_Keep,0,0.0,None,0,0,Keyword stuffing and hidden redirects on promotional landing page
MOD-2026-11959,2026-09-22 18:51:04,AGENT_12,Senior (6mo+),Hate_Speech,Short_Video,0,Auto_Rejected,3.1,152.5,0,Remove_Delete,0,0.0,None,0,0,Coordinated brigading comments containing coded discriminatory dogwhistles
MOD-2026-10862,2026-09-22 18:59:15,AGENT_12,Senior (6mo+),Hate_Speech,Static_Image,0,Auto_Approved,3.9,102.4,0,Approve_Keep,0,0.0,None,0,0,Derogatory slur targeting protected demographic in comment section
MOD-2026-10140,2026-09-22 19:00:22,AGENT_15,Senior (6mo+),Emergency_TCO,Short_Video,1,Manual_Review,182.0,31.0,0,Remove_Delete,0,0.0,None,0,0,Urgent notice-and-action request under EU 1-hour removal mandate
MOD-2026-12144,2026-09-22 19:03:40,AGENT_15,Senior (6mo+),Spam_Commercial,Text_Post,0,Auto_Approved,6.0,118.8,0,Approve_Keep,0,0.0,None,0,0,Repetitive bot activity promoting unverified pharmaceutical supplements
MOD-2026-10600,2026-09-22 19:35:31,AGENT_11,Core (1-6mo),Violence_HighRisk,Static_Image,0,Auto_Rejected,5.3,223.3,1,Remove_Delete,0,0.0,None,0,0,Reported altercation outside transit station with physical violence
MOD-2026-11743,2026-09-22 19:42:43,AGENT_13,Senior (6mo+),Violence_HighRisk,Static_Image,1,Manual_Review,72.9,40.0,0,Remove_Delete,0,0.0,None,0,0,Dangerous weapons demonstration video flagged for policy violation
MOD-2026-11622,2026-09-22 19:52:38,AGENT_13,Senior (6mo+),Violence_HighRisk,Static_Image,0,Manual_Review,53.7,74.0,0,Approve_Keep,0,0.0,None,0,0,Reported altercation outside transit station with physical violence
MOD-2026-10076,2026-09-22 19:59:00,AGENT_05,Core (1-6mo),Spam_Commercial,Text_Post,0,Manual_Review,24.8,187.5,0,Remove_Delete,0,0.0,None,0,0,Bulk account creation posting duplicate SEO spam articles
MOD-2026-12087,2026-09-22 19:59:44,AGENT_14,Senior (6mo+),Fraud_Scams,Static_Image,0,Manual_Review,26.5,104.1,0,Remove_Delete,0,0.0,None,0,0,Cryptocurrency investment scheme promising guaranteed 500% daily returns
MOD-2026-12276,2026-09-22 20:00:24,AGENT_14,Senior (6mo+),Fraud_Scams,Text_Post,0,Manual_Review,26.4,118.7,0,Remove_Delete,0,0.0,None,1,0,Gift card prize sweepstakes scam targeting senior account holders
MOD-2026-12661,2026-09-22 20:12:26,AGENT_03,New Hire (<30d),Violence_HighRisk,Short_Video,1,Auto_Approved,5.2,251.3,1,Approve_Keep,0,0.0,None,0,0,Threatening physical altercation clip uploaded without contextual warning
MOD-2026-10498,2026-09-22 20:57:38,AGENT_14,Senior (6mo+),Hate_Speech,Static_Image,0,Tier2_Escalated,52.5,109.9,0,Remove_Delete,1,100.0,None,0,0,Nuanced political satire flagged by automated keyword filter as hate
MOD-2026-12548,2026-09-22 21:09:51,AGENT_14,Senior (6mo+),Hate_Speech,Text_Post,0,Auto_Approved,2.8,133.2,0,Approve_Keep,0,0.0,None,0,0,Derogatory slur targeting protected demographic in comment section
MOD-2026-12064,2026-09-22 21:18:11,AGENT_14,Senior (6mo+),Hate_Speech,Text_Post,0,Manual_Review,27.9,182.8,0,Approve_Keep,0,0.0,None,0,0,Dehumanizing memes comparing ethnic groups to biological pests
MOD-2026-10054,2026-09-22 21:33:47,AGENT_06,Core (1-6mo),Violence_HighRisk,Short_Video,1,Manual_Review,205.9,220.6,1,Remove_Delete,0,0.0,None,0,0,Graphic injury footage from sports accident flagged by audience
MOD-2026-12410,2026-09-22 21:34:37,AGENT_12,Senior (6mo+),Violence_HighRisk,Short_Video,1,Tier2_Escalated,103.7,253.5,1,Account_Suspend,0,0.0,None,0,0,Threatening physical altercation clip uploaded without contextual warning
MOD-2026-11140,2026-09-22 21:43:59,AGENT_14,Senior (6mo+),Spam_Commercial,Short_Video,0,Auto_Approved,2.9,113.3,0,Approve_Keep,0,0.0,None,0,0,Bulk account creation posting duplicate SEO spam articles
MOD-2026-10873,2026-09-22 22:28:52,AGENT_07,Core (1-6mo),Emergency_TCO,Static_Image,1,Auto_Rejected,4.4,62.0,1,Remove_Delete,0,0.0,None,0,0,Emergency legal escalation concerning imminent threat of platform violence
MOD-2026-11916,2026-09-22 22:57:49,AGENT_04,Core (1-6mo),Fraud_Scams,Short_Video,0,Auto_Rejected,3.9,111.8,0,Remove_Delete,0,0.0,None,0,0,Gift card prize sweepstakes scam targeting senior account holders
MOD-2026-12474,2026-09-22 23:10:05,AGENT_01,New Hire (<30d),Violence_HighRisk,Short_Video,1,Manual_Review,293.7,63.2,0,Remove_Delete,0,0.0,None,0,0,Reported altercation outside transit station with physical violence
MOD-2026-10751,2026-09-22 23:18:27,AGENT_04,Core (1-6mo),Hate_Speech,Text_Post,0,Manual_Review,45.0,236.5,0,Approve_Keep,0,0.0,None,0,0,Coordinated brigading comments containing coded discriminatory dogwhistles
MOD-2026-10892,2026-09-22 23:24:11,AGENT_09,Core (1-6mo),Emergency_TCO,Short_Video,1,Manual_Review,120.7,46.3,0,Remove_Delete,0,0.0,None,0,0,Emergency legal escalation concerning imminent threat of platform violence
MOD-2026-10707,2026-09-22 23:30:28,AGENT_03,New Hire (<30d),Hate_Speech,Live_Stream,0,Manual_Review,271.9,184.5,0,Content_Warning,0,0.0,None,0,0,Dehumanizing memes comparing ethnic groups to biological pests
MOD-2026-11814,2026-09-22 23:45:30,AGENT_07,Core (1-6mo),Spam_Commercial,Text_Post,0,Auto_Rejected,3.4,183.4,0,Remove_Delete,0,0.0,None,1,0,Keyword stuffing and hidden redirects on promotional landing page
MOD-2026-12387,2026-09-23 00:05:46,AGENT_07,Core (1-6mo),Hate_Speech,Live_Stream,0,Manual_Review,279.7,139.0,0,Approve_Keep,0,0.0,None,0,0,Dehumanizing memes comparing ethnic groups to biological pests
MOD-2026-11979,2026-09-23 00:29:09,AGENT_13,Senior (6mo+),Spam_Commercial,Text_Post,0,Manual_Review,22.8,30.4,0,Remove_Delete,0,0.0,None,0,0,Keyword stuffing and hidden redirects on promotional landing page
MOD-2026-10299,2026-09-23 00:38:11,AGENT_10,Core (1-6mo),Spam_Commercial,Text_Post,0,Auto_Rejected,2.6,75.1,0,Remove_Delete,0,0.0,None,0,0,Bulk account creation posting duplicate SEO spam articles
MOD-2026-12293,2026-09-23 00:43:34,AGENT_04,Core (1-6mo),Violence_HighRisk,Text_Post,1,Auto_Rejected,4.9,110.2,0,Remove_Delete,0,0.0,None,1,0,Threatening physical altercation clip uploaded without contextual warning
MOD-2026-12203,2026-09-23 00:56:20,AGENT_04,Core (1-6mo),Spam_Commercial,Short_Video,0,Auto_Approved,3.8,145.5,0,Approve_Keep,0,0.0,None,0,0,Keyword stuffing and hidden redirects on promotional landing page
MOD-2026-10408,2026-09-23 00:57:08,AGENT_13,Senior (6mo+),Violence_HighRisk,Static_Image,0,Tier2_Escalated,60.0,179.5,0,Remove_Delete,0,0.0,None,0,0,Graphic injury footage from sports accident flagged by audience
MOD-2026-10319,2026-09-23 01:11:47,AGENT_02,New Hire (<30d),Hate_Speech,Text_Post,0,Auto_Rejected,3.5,125.0,0,Remove_Delete,0,0.0,None,0,0,Incitement to boycott and harass private individual based on religion
MOD-2026-12277,2026-09-23 01:31:21,AGENT_10,Core (1-6mo),Violence_HighRisk,Static_Image,1,Auto_Rejected,2.9,159.0,0,Remove_Delete,0,0.0,None,0,0,Reported altercation outside transit station with physical violence
MOD-2026-12664,2026-09-23 01:34:37,AGENT_03,New Hire (<30d),Fraud_Scams,Live_Stream,0,Auto_Approved,3.9,114.1,0,Approve_Keep,1,100.0,None,0,0,Counterfeit luxury goods listing utilizing stolen trademark imagery
MOD-2026-12758,2026-09-23 01:53:13,AGENT_03,New Hire (<30d),Violence_HighRisk,Short_Video,1,Manual_Review,212.8,227.7,1,Remove_Delete,0,0.0,None,0,0,Dangerous weapons demonstration video flagged for policy violation
MOD-2026-11334,2026-09-23 02:03:14,AGENT_03,New Hire (<30d),Violence_HighRisk,Text_Post,0,Auto_Rejected,4.1,252.3,1,Remove_Delete,0,0.0,None,0,0,Threatening physical altercation clip uploaded without contextual warning
MOD-2026-10156,2026-09-23 02:23:09,AGENT_09,Core (1-6mo),Emergency_TCO,Static_Image,1,Manual_Review,46.6,29.5,0,Remove_Delete,0,0.0,None,0,0,Suspected terrorist recruitment video uploaded across multiple hashtags
MOD-2026-12110,2026-09-23 02:23:35,AGENT_11,Core (1-6mo),Spam_Commercial,Text_Post,0,Auto_Rejected,4.7,73.5,0,Remove_Delete,0,0.0,None,0,0,Automated script posting identical promotional link 120 times in forum
MOD-2026-11029,2026-09-23 03:06:33,AGENT_15,Senior (6mo+),Spam_Commercial,Text_Post,0,Auto_Rejected,3.8,55.8,0,Remove_Delete,0,0.0,None,1,0,Keyword stuffing and hidden redirects on promotional landing page
MOD-2026-12311,2026-09-23 03:22:32,AGENT_07,Core (1-6mo),Spam_Commercial,Text_Post,0,Auto_Approved,3.9,67.5,0,Approve_Keep,0,0.0,None,0,0,Repetitive bot activity promoting unverified pharmaceutical supplements
MOD-2026-10171,2026-09-23 03:32:33,AGENT_04,Core (1-6mo),Spam_Commercial,Static_Image,0,Auto_Rejected,4.4,206.6,0,Remove_Delete,0,0.0,None,0,0,Keyword stuffing and hidden redirects on promotional landing page
MOD-2026-11812,2026-09-23 03:57:17,AGENT_04,Core (1-6mo),Spam_Commercial,Text_Post,0,Auto_Approved,4.9,28.5,0,Approve_Keep,0,0.0,None,0,0,Keyword stuffing and hidden redirects on promotional landing page
MOD-2026-10650,2026-09-23 04:00:34,AGENT_08,Core (1-6mo),Hate_Speech,Text_Post,1,Manual_Review,28.7,108.8,0,Approve_Keep,0,0.0,None,0,0,Incitement to boycott and harass private individual based on religion
MOD-2026-10734,2026-09-23 04:01:48,AGENT_10,Core (1-6mo),Spam_Commercial,Static_Image,0,Auto_Approved,5.5,103.0,0,Approve_Keep,0,0.0,None,0,0,Keyword stuffing and hidden redirects on promotional landing page
MOD-2026-10285,2026-09-23 04:03:47,AGENT_12,Senior (6mo+),Emergency_TCO,Static_Image,1,Tier2_Escalated,74.2,55.2,0,Remove_Delete,0,0.0,None,1,0,Suspected terrorist recruitment video uploaded across multiple hashtags
MOD-2026-11314,2026-09-23 04:11:52,AGENT_09,Core (1-6mo),Fraud_Scams,Text_Post,0,Auto_Approved,5.6,171.7,0,Approve_Keep,0,0.0,None,0,0,Gift card prize sweepstakes scam targeting senior account holders
MOD-2026-11876,2026-09-23 04:39:11,AGENT_13,Senior (6mo+),Spam_Commercial,Static_Image,0,Tier2_Escalated,20.8,183.0,0,Remove_Delete,0,0.0,None,0,0,Automated script posting identical promotional link 120 times in forum
MOD-2026-10147,2026-09-23 04:46:47,AGENT_05,Core (1-6mo),Spam_Commercial,Text_Post,0,Auto_Approved,5.0,205.5,0,Approve_Keep,0,0.0,None,0,0,Repetitive bot activity promoting unverified pharmaceutical supplements
MOD-2026-12237,2026-09-23 05:11:24,AGENT_06,Core (1-6mo),Hate_Speech,Text_Post,1,Auto_Rejected,6.0,204.1,0,Remove_Delete,0,0.0,None,0,0,Dehumanizing memes comparing ethnic groups to biological pests
MOD-2026-10070,2026-09-23 05:24:14,AGENT_07,Core (1-6mo),Hate_Speech,Text_Post,1,Auto_Approved,3.5,304.9,1,Approve_Keep,0,0.0,None,0,0,Coordinated brigading comments containing coded discriminatory dogwhistles
MOD-2026-10394,2026-09-23 05:33:37,AGENT_15,Senior (6mo+),Hate_Speech,Short_Video,0,Tier2_Escalated,181.1,203.1,0,Approve_Keep,0,0.0,None,0,0,Derogatory slur targeting protected demographic in comment section
MOD-2026-10579,2026-09-23 05:41:38,AGENT_10,Core (1-6mo),Hate_Speech,Text_Post,0,Manual_Review,33.7,311.8,1,Approve_Keep,0,0.0,None,0,0,Derogatory slur targeting protected demographic in comment section
MOD-2026-11502,2026-09-23 05:44:16,AGENT_05,Core (1-6mo),Fraud_Scams,Text_Post,0,Auto_Approved,5.1,58.6,0,Approve_Keep,0,0.0,None,0,0,Cryptocurrency investment scheme promising guaranteed 500% daily returns
MOD-2026-12501,2026-09-23 06:28:06,AGENT_12,Senior (6mo+),Spam_Commercial,Text_Post,0,Auto_Rejected,4.6,204.4,0,Remove_Delete,0,0.0,None,0,0,Bulk account creation posting duplicate SEO spam articles
MOD-2026-12600,2026-09-23 06:36:35,AGENT_11,Core (1-6mo),Spam_Commercial,Text_Post,0,Auto_Approved,4.7,193.2,0,Approve_Keep,0,0.0,None,0,0,Bulk account creation posting duplicate SEO spam articles
MOD-2026-10475,2026-09-23 06:38:15,AGENT_05,Core (1-6mo),Violence_HighRisk,Live_Stream,1,Manual_Review,291.2,50.2,0,Approve_Keep,0,0.0,None,0,0,Dangerous weapons demonstration video flagged for policy violation
MOD-2026-11499,2026-09-23 06:58:44,AGENT_15,Senior (6mo+),Fraud_Scams,Static_Image,0,Manual_Review,38.3,122.9,0,Remove_Delete,0,0.0,None,0,0,Phishing link impersonating official platform customer verification support
MOD-2026-12275,2026-09-23 07:17:28,AGENT_11,Core (1-6mo),Fraud_Scams,Live_Stream,0,Manual_Review,171.7,48.3,0,Remove_Delete,0,0.0,None,0,0,Cryptocurrency investment scheme promising guaranteed 500% daily returns
MOD-2026-10033,2026-09-23 07:22:53,AGENT_04,Core (1-6mo),Hate_Speech,Static_Image,0,Auto_Approved,3.5,64.1,0,Approve_Keep,0,0.0,None,0,0,Incitement to boycott and harass private individual based on religion
MOD-2026-11510,2026-09-23 07:45:02,AGENT_12,Senior (6mo+),Spam_Commercial,Static_Image,0,Auto_Approved,2.5,206.1,0,Approve_Keep,0,0.0,None,0,0,Keyword stuffing and hidden redirects on promotional landing page
MOD-2026-11488,2026-09-23 07:52:54,AGENT_06,Core (1-6mo),Fraud_Scams,Text_Post,0,Manual_Review,30.9,73.1,0,Remove_Delete,0,0.0,None,0,0,Phishing link impersonating official platform customer verification support
MOD-2026-10286,2026-09-23 08:20:24,AGENT_12,Senior (6mo+),Hate_Speech,Text_Post,1,Auto_Rejected,3.1,158.9,0,Remove_Delete,0,0.0,None,0,0,Nuanced political satire flagged by automated keyword filter as hate
MOD-2026-12589,2026-09-23 08:28:13,AGENT_08,Core (1-6mo),Hate_Speech,Text_Post,0,Auto_Approved,3.9,69.1,0,Approve_Keep,0,0.0,None,0,0,Derogatory slur targeting protected demographic in comment section
MOD-2026-11868,2026-09-23 09:02:26,AGENT_14,Senior (6mo+),Spam_Commercial,Static_Image,0,Manual_Review,21.3,216.7,0,Account_Suspend,0,0.0,None,0,0,Bulk account creation posting duplicate SEO spam articles
MOD-2026-10687,2026-09-23 09:25:53,AGENT_05,Core (1-6mo),Spam_Commercial,Text_Post,0,Manual_Review,13.4,167.8,0,Remove_Delete,0,0.0,None,0,0,Automated script posting identical promotional link 120 times in forum
MOD-2026-11069,2026-09-23 09:40:27,AGENT_13,Senior (6mo+),Fraud_Scams,Static_Image,0,Manual_Review,63.0,131.3,0,Remove_Delete,0,0.0,None,0,0,Cryptocurrency investment scheme promising guaranteed 500% daily returns
MOD-2026-10960,2026-09-23 09:51:50,AGENT_10,Core (1-6mo),Violence_HighRisk,Short_Video,1,Auto_Rejected,3.9,203.1,1,Remove_Delete,0,0.0,None,0,0,Reported altercation outside transit station with physical violence
MOD-2026-12070,2026-09-23 10:11:07,AGENT_01,New Hire (<30d),Violence_HighRisk,Live_Stream,1,Manual_Review,305.6,118.9,0,Remove_Delete,0,0.0,None,0,0,Self-harm reference in private broadcast requiring immediate crisis triage
MOD-2026-11678,2026-09-23 10:23:58,AGENT_15,Senior (6mo+),Spam_Commercial,Static_Image,0,Auto_Rejected,3.1,148.0,0,Remove_Delete,0,0.0,None,0,0,Keyword stuffing and hidden redirects on promotional landing page
MOD-2026-11006,2026-09-23 10:55:33,AGENT_09,Core (1-6mo),Spam_Commercial,Text_Post,0,Auto_Rejected,4.4,217.0,0,Remove_Delete,0,0.0,None,0,0,Unsolicited commercial affiliate marketing message blast
MOD-2026-11466,2026-09-23 11:17:52,AGENT_04,Core (1-6mo),Spam_Commercial,Text_Post,0,Auto_Approved,3.0,126.5,0,Approve_Keep,0,0.0,None,0,0,Repetitive bot activity promoting unverified pharmaceutical supplements
MOD-2026-10393,2026-09-23 11:25:24,AGENT_01,New Hire (<30d),Fraud_Scams,Static_Image,0,Auto_Rejected,2.7,38.0,0,Remove_Delete,0,0.0,None,0,0,Gift card prize sweepstakes scam targeting senior account holders
MOD-2026-10975,2026-09-23 11:39:54,AGENT_02,New Hire (<30d),Fraud_Scams,Text_Post,0,Auto_Rejected,4.1,122.2,0,Remove_Delete,0,0.0,None,0,0,Counterfeit luxury goods listing utilizing stolen trademark imagery
MOD-2026-10485,2026-09-23 11:58:07,AGENT_07,Core (1-6mo),Violence_HighRisk,Static_Image,0,Manual_Review,77.5,223.8,1,Remove_Delete,0,0.0,None,0,0,Graphic injury footage from sports accident flagged by audience
MOD-2026-11100,2026-09-23 11:59:16,AGENT_05,Core (1-6mo),Fraud_Scams,Text_Post,0,Manual_Review,18.5,160.9,0,Remove_Delete,0,0.0,None,0,0,Counterfeit luxury goods listing utilizing stolen trademark imagery
MOD-2026-12080,2026-09-23 12:10:36,AGENT_06,Core (1-6mo),Spam_Commercial,Text_Post,0,Manual_Review,20.9,142.1,0,Content_Warning,0,0.0,None,0,0,Unsolicited commercial affiliate marketing message blast
MOD-2026-11623,2026-09-23 12:16:59,AGENT_01,New Hire (<30d),Spam_Commercial,Text_Post,0,Auto_Approved,4.8,185.8,0,Approve_Keep,1,100.0,None,0,0,Repetitive bot activity promoting unverified pharmaceutical supplements
MOD-2026-12282,2026-09-23 12:21:54,AGENT_14,Senior (6mo+),Spam_Commercial,Text_Post,0,Auto_Rejected,3.2,79.3,0,Remove_Delete,0,0.0,None,0,0,Repetitive bot activity promoting unverified pharmaceutical supplements
MOD-2026-11680,2026-09-23 12:29:06,AGENT_01,New Hire (<30d),Hate_Speech,Text_Post,0,Manual_Review,45.4,70.2,0,Approve_Keep,0,0.0,None,0,0,Derogatory slur targeting protected demographic in comment section
MOD-2026-12383,2026-09-23 12:36:17,AGENT_05,Core (1-6mo),Spam_Commercial,Text_Post,0,Auto_Rejected,5.5,212.5,0,Remove_Delete,0,0.0,None,0,0,Bulk account creation posting duplicate SEO spam articles
MOD-2026-11112,2026-09-23 13:11:30,AGENT_04,Core (1-6mo),Spam_Commercial,Static_Image,0,Auto_Rejected,3.2,56.3,0,Remove_Delete,1,100.0,None,0,0,Unsolicited commercial affiliate marketing message blast
MOD-2026-11027,2026-09-23 13:35:42,AGENT_14,Senior (6mo+),Hate_Speech,Text_Post,0,Manual_Review,21.3,90.7,0,Remove_Delete,0,0.0,None,0,0,Nuanced political satire flagged by automated keyword filter as hate
MOD-2026-11114,2026-09-23 14:00:23,AGENT_07,Core (1-6mo),Violence_HighRisk,Live_Stream,0,Auto_Rejected,5.5,226.5,1,Remove_Delete,0,0.0,None,1,0,Dangerous weapons demonstration video flagged for policy violation
MOD-2026-10428,2026-09-23 14:12:29,AGENT_03,New Hire (<30d),Fraud_Scams,Static_Image,0,Manual_Review,68.1,83.3,0,Remove_Delete,0,0.0,None,0,0,Unauthorized credential harvesting page embedded in bio link
MOD-2026-10788,2026-09-23 14:17:06,AGENT_09,Core (1-6mo),Emergency_TCO,Static_Image,1,Auto_Rejected,4.6,73.2,1,Remove_Delete,0,0.0,None,0,0,Suspected terrorist recruitment video uploaded across multiple hashtags
MOD-2026-12121,2026-09-23 14:47:15,AGENT_11,Core (1-6mo),Fraud_Scams,Text_Post,0,Auto_Approved,5.5,72.5,0,Approve_Keep,1,100.0,None,0,0,Phishing link impersonating official platform customer verification support
MOD-2026-11713,2026-09-23 15:02:54,AGENT_10,Core (1-6mo),Fraud_Scams,Static_Image,0,Auto_Approved,4.9,114.3,0,Approve_Keep,1,100.0,None,0,0,Phishing link impersonating official platform customer verification support
MOD-2026-11793,2026-09-23 15:03:00,AGENT_08,Core (1-6mo),Hate_Speech,Text_Post,0,Manual_Review,22.0,176.8,0,Remove_Delete,0,0.0,None,0,0,Nuanced political satire flagged by automated keyword filter as hate
MOD-2026-10283,2026-09-23 15:43:54,AGENT_12,Senior (6mo+),Hate_Speech,Static_Image,1,Auto_Rejected,3.1,45.5,0,Remove_Delete,0,0.0,None,0,0,Coordinated brigading comments containing coded discriminatory dogwhistles
MOD-2026-11327,2026-09-23 16:13:37,AGENT_05,Core (1-6mo),Fraud_Scams,Text_Post,0,Auto_Approved,2.6,136.6,0,Approve_Keep,0,0.0,None,0,0,Gift card prize sweepstakes scam targeting senior account holders
MOD-2026-12013,2026-09-23 16:15:40,AGENT_09,Core (1-6mo),Violence_HighRisk,Short_Video,0,Auto_Rejected,2.8,110.9,0,Remove_Delete,0,0.0,None,0,0,Self-harm reference in private broadcast requiring immediate crisis triage
MOD-2026-12444,2026-09-23 16:25:14,AGENT_13,Senior (6mo+),Emergency_TCO,Short_Video,1,Tier2_Escalated,163.0,66.7,1,Remove_Delete,0,0.0,None,0,0,Emergency legal escalation concerning imminent threat of platform violence
MOD-2026-11692,2026-09-23 16:48:43,AGENT_13,Senior (6mo+),Spam_Commercial,Text_Post,0,Manual_Review,12.2,70.7,0,Remove_Delete,0,0.0,None,1,0,Bulk account creation posting duplicate SEO spam articles
MOD-2026-10549,2026-09-23 17:34:22,AGENT_05,Core (1-6mo),Hate_Speech,Static_Image,1,Manual_Review,45.4,171.3,0,Remove_Delete,0,0.0,None,0,0,Nuanced political satire flagged by automated keyword filter as hate
MOD-2026-10544,2026-09-23 17:47:16,AGENT_12,Senior (6mo+),Emergency_TCO,Static_Image,1,Auto_Rejected,3.5,21.7,0,Remove_Delete,0,0.0,None,0,0,Violent extremist manifestos distribution attempt flagged by cross-platform hash
MOD-2026-11512,2026-09-23 18:17:02,AGENT_13,Senior (6mo+),Fraud_Scams,Static_Image,0,Auto_Rejected,3.2,25.4,0,Remove_Delete,0,0.0,None,0,0,Cryptocurrency investment scheme promising guaranteed 500% daily returns
MOD-2026-10815,2026-09-23 18:32:28,AGENT_05,Core (1-6mo),Spam_Commercial,Static_Image,0,Auto_Approved,3.9,168.8,0,Approve_Keep,0,0.0,None,0,0,Unsolicited commercial affiliate marketing message blast
MOD-2026-12498,2026-09-23 19:17:20,AGENT_08,Core (1-6mo),Spam_Commercial,Static_Image,0,Auto_Approved,2.9,41.5,0,Approve_Keep,0,0.0,None,0,0,Keyword stuffing and hidden redirects on promotional landing page
MOD-2026-12597,2026-09-23 19:39:19,AGENT_10,Core (1-6mo),Hate_Speech,Text_Post,0,Auto_Approved,4.5,94.5,0,Approve_Keep,0,0.0,None,0,0,Incitement to boycott and harass private individual based on religion
MOD-2026-11464,2026-09-23 19:50:47,AGENT_06,Core (1-6mo),Spam_Commercial,Text_Post,0,Auto_Rejected,4.5,26.1,0,Remove_Delete,0,0.0,None,0,0,Keyword stuffing and hidden redirects on promotional landing page
MOD-2026-12753,2026-09-23 19:58:14,AGENT_14,Senior (6mo+),Violence_HighRisk,Static_Image,1,Manual_Review,59.1,148.0,0,Approve_Keep,0,0.0,None,0,0,Graphic injury footage from sports accident flagged by audience
MOD-2026-10355,2026-09-23 20:21:35,AGENT_09,Core (1-6mo),Hate_Speech,Live_Stream,0,Manual_Review,362.1,314.8,1,Approve_Keep,0,0.0,None,0,0,Nuanced political satire flagged by automated keyword filter as hate
MOD-2026-12402,2026-09-23 20:36:08,AGENT_02,New Hire (<30d),Spam_Commercial,Static_Image,0,Manual_Review,44.9,89.0,0,Remove_Delete,0,0.0,None,0,0,Automated script posting identical promotional link 120 times in forum
MOD-2026-10575,2026-09-23 20:47:09,AGENT_09,Core (1-6mo),Hate_Speech,Short_Video,0,Auto_Rejected,2.8,98.3,0,Remove_Delete,0,0.0,None,0,0,Coordinated brigading comments containing coded discriminatory dogwhistles
MOD-2026-10586,2026-09-23 20:53:14,AGENT_06,Core (1-6mo),Spam_Commercial,Text_Post,0,Auto_Approved,3.8,111.4,0,Approve_Keep,0,0.0,None,0,0,Bulk account creation posting duplicate SEO spam articles
MOD-2026-12426,2026-09-23 21:23:46,AGENT_15,Senior (6mo+),Hate_Speech,Text_Post,0,Manual_Review,18.1,247.2,1,Remove_Delete,0,0.0,None,0,0,Incitement to boycott and harass private individual based on religion
MOD-2026-11432,2026-09-23 21:31:46,AGENT_11,Core (1-6mo),Fraud_Scams,Short_Video,0,Manual_Review,186.3,171.4,0,Account_Suspend,0,0.0,None,0,0,Counterfeit luxury goods listing utilizing stolen trademark imagery
MOD-2026-10982,2026-09-23 22:06:23,AGENT_07,Core (1-6mo),Fraud_Scams,Static_Image,0,Manual_Review,43.4,185.6,0,Escalate,0,0.0,None,0,0,Cryptocurrency investment scheme promising guaranteed 500% daily returns
MOD-2026-12745,2026-09-23 22:11:55,AGENT_02,New Hire (<30d),Fraud_Scams,Text_Post,0,Manual_Review,47.9,167.6,0,Remove_Delete,0,0.0,None,1,0,Gift card prize sweepstakes scam targeting senior account holders
MOD-2026-11942,2026-09-23 22:14:28,AGENT_12,Senior (6mo+),Hate_Speech,Text_Post,0,Manual_Review,26.4,261.1,1,Remove_Delete,0,0.0,None,0,0,Incitement to boycott and harass private individual based on religion
MOD-2026-12407,2026-09-23 22:16:37,AGENT_04,Core (1-6mo),Violence_HighRisk,Text_Post,1,Auto_Rejected,3.6,32.4,0,Remove_Delete,0,0.0,None,1,0,Reported altercation outside transit station with physical violence
MOD-2026-10095,2026-09-23 22:33:35,AGENT_14,Senior (6mo+),Violence_HighRisk,Short_Video,1,Tier2_Escalated,102.0,93.5,0,Escalate,0,0.0,None,0,0,Threatening physical altercation clip uploaded without contextual warning
MOD-2026-12791,2026-09-23 23:12:22,AGENT_14,Senior (6mo+),Spam_Commercial,Text_Post,0,Manual_Review,22.4,62.6,0,Remove_Delete,0,0.0,None,0,0,Keyword stuffing and hidden redirects on promotional landing page
MOD-2026-10338,2026-09-23 23:16:07,AGENT_04,Core (1-6mo),Spam_Commercial,Text_Post,0,Manual_Review,13.3,91.0,0,Remove_Delete,0,0.0,None,0,0,Repetitive bot activity promoting unverified pharmaceutical supplements
MOD-2026-11080,2026-09-23 23:21:37,AGENT_13,Senior (6mo+),Hate_Speech,Short_Video,0,Manual_Review,103.0,85.1,0,Approve_Keep,0,0.0,None,0,0,Derogatory slur targeting protected demographic in comment section
MOD-2026-11194,2026-09-23 23:24:32,AGENT_07,Core (1-6mo),Spam_Commercial,Text_Post,0,Manual_Review,19.3,81.4,0,Remove_Delete,0,0.0,None,0,0,Bulk account creation posting duplicate SEO spam articles
MOD-2026-10658,2026-09-23 23:47:03,AGENT_07,Core (1-6mo),Hate_Speech,Text_Post,0,Manual_Review,42.8,46.8,0,Content_Warning,0,0.0,None,0,0,Dehumanizing memes comparing ethnic groups to biological pests
MOD-2026-10030,2026-09-24 00:50:59,AGENT_15,Senior (6mo+),Spam_Commercial,Static_Image,0,Manual_Review,26.5,156.4,0,Remove_Delete,0,0.0,None,0,0,Bulk account creation posting duplicate SEO spam articles
MOD-2026-12172,2026-09-24 01:58:42,AGENT_03,New Hire (<30d),Hate_Speech,Text_Post,0,Manual_Review,41.3,244.2,1,Remove_Delete,0,0.0,None,0,0,Incitement to boycott and harass private individual based on religion
MOD-2026-10387,2026-09-24 02:00:22,AGENT_04,Core (1-6mo),Fraud_Scams,Live_Stream,0,Auto_Rejected,5.2,116.5,0,Remove_Delete,0,0.0,None,0,0,Counterfeit luxury goods listing utilizing stolen trademark imagery
MOD-2026-10160,2026-09-24 02:09:42,AGENT_10,Core (1-6mo),Spam_Commercial,Text_Post,0,Auto_Rejected,3.8,77.7,0,Remove_Delete,0,0.0,None,0,0,Keyword stuffing and hidden redirects on promotional landing page
MOD-2026-11639,2026-09-24 02:28:11,AGENT_09,Core (1-6mo),Fraud_Scams,Static_Image,0,Manual_Review,52.6,127.1,0,Remove_Delete,0,0.0,None,0,0,Counterfeit luxury goods listing utilizing stolen trademark imagery
MOD-2026-12399,2026-09-24 02:58:01,AGENT_06,Core (1-6mo),Violence_HighRisk,Short_Video,1,Manual_Review,143.9,237.2,1,Escalate,0,0.0,None,0,0,Self-harm reference in private broadcast requiring immediate crisis triage
MOD-2026-10431,2026-09-24 03:43:02,AGENT_12,Senior (6mo+),Fraud_Scams,Static_Image,0,Manual_Review,34.5,23.7,0,Account_Suspend,0,0.0,None,0,0,Phishing link impersonating official platform customer verification support
MOD-2026-11305,2026-09-24 03:48:30,AGENT_03,New Hire (<30d),Fraud_Scams,Text_Post,0,Auto_Rejected,5.0,52.4,0,Remove_Delete,0,0.0,None,1,0,Cryptocurrency investment scheme promising guaranteed 500% daily returns
MOD-2026-11023,2026-09-24 03:54:22,AGENT_09,Core (1-6mo),Fraud_Scams,Static_Image,0,Auto_Rejected,3.2,138.5,0,Remove_Delete,1,100.0,None,0,0,Gift card prize sweepstakes scam targeting senior account holders
MOD-2026-10259,2026-09-24 04:23:14,AGENT_02,New Hire (<30d),Violence_HighRisk,Short_Video,0,Manual_Review,197.1,147.0,0,Approve_Keep,0,0.0,None,0,0,Dangerous weapons demonstration video flagged for policy violation
MOD-2026-12739,2026-09-24 04:51:25,AGENT_05,Core (1-6mo),Fraud_Scams,Short_Video,0,Manual_Review,135.6,118.9,0,Remove_Delete,0,0.0,None,0,0,Counterfeit luxury goods listing utilizing stolen trademark imagery
MOD-2026-11786,2026-09-24 05:02:04,AGENT_15,Senior (6mo+),Fraud_Scams,Static_Image,0,Auto_Approved,5.5,29.4,0,Approve_Keep,0,0.0,None,0,0,Phishing link impersonating official platform customer verification support
MOD-2026-11597,2026-09-24 05:23:04,AGENT_06,Core (1-6mo),Spam_Commercial,Short_Video,0,Manual_Review,91.6,82.9,0,Account_Suspend,0,0.0,None,0,0,Automated script posting identical promotional link 120 times in forum
MOD-2026-10477,2026-09-24 05:24:52,AGENT_14,Senior (6mo+),Spam_Commercial,Static_Image,0,Manual_Review,32.1,78.6,0,Approve_Keep,0,0.0,None,0,0,Repetitive bot activity promoting unverified pharmaceutical supplements
MOD-2026-11763,2026-09-24 05:29:45,AGENT_13,Senior (6mo+),Fraud_Scams,Static_Image,0,Manual_Review,32.7,194.0,0,Remove_Delete,1,100.0,None,0,0,Gift card prize sweepstakes scam targeting senior account holders
MOD-2026-12214,2026-09-24 05:41:00,AGENT_06,Core (1-6mo),Violence_HighRisk,Static_Image,1,Auto_Rejected,5.3,87.2,0,Remove_Delete,0,0.0,None,0,0,Threatening physical altercation clip uploaded without contextual warning
MOD-2026-11485,2026-09-24 05:43:23,AGENT_14,Senior (6mo+),Hate_Speech,Short_Video,1,Auto_Rejected,4.4,269.5,1,Remove_Delete,0,0.0,None,0,0,Derogatory slur targeting protected demographic in comment section
MOD-2026-12393,2026-09-24 05:45:11,AGENT_11,Core (1-6mo),Hate_Speech,Live_Stream,0,Auto_Approved,3.5,90.1,0,Approve_Keep,0,0.0,None,0,0,Dehumanizing memes comparing ethnic groups to biological pests
MOD-2026-12377,2026-09-24 05:46:07,AGENT_09,Core (1-6mo),Violence_HighRisk,Live_Stream,0,Manual_Review,303.2,139.2,0,Content_Warning,0,0.0,None,0,0,Reported altercation outside transit station with physical violence
MOD-2026-11405,2026-09-24 05:58:17,AGENT_12,Senior (6mo+),Hate_Speech,Static_Image,0,Tier2_Escalated,61.3,174.2,0,Approve_Keep,0,0.0,None,0,0,Incitement to boycott and harass private individual based on religion
MOD-2026-10568,2026-09-24 06:39:00,AGENT_08,Core (1-6mo),Hate_Speech,Text_Post,0,Auto_Rejected,2.8,245.2,1,Remove_Delete,0,0.0,None,0,0,Nuanced political satire flagged by automated keyword filter as hate
MOD-2026-11661,2026-09-24 06:50:32,AGENT_12,Senior (6mo+),Spam_Commercial,Static_Image,0,Auto_Approved,3.4,86.2,0,Approve_Keep,0,0.0,None,0,0,Keyword stuffing and hidden redirects on promotional landing page
MOD-2026-12005,2026-09-24 07:06:22,AGENT_06,Core (1-6mo),Hate_Speech,Text_Post,1,Manual_Review,26.9,302.2,1,Remove_Delete,0,0.0,None,0,0,Coordinated brigading comments containing coded discriminatory dogwhistles
MOD-2026-11760,2026-09-24 07:21:14,AGENT_15,Senior (6mo+),Spam_Commercial,Text_Post,0,Auto_Rejected,2.9,150.8,0,Remove_Delete,0,0.0,None,0,0,Keyword stuffing and hidden redirects on promotional landing page
MOD-2026-11075,2026-09-24 07:25:33,AGENT_09,Core (1-6mo),Violence_HighRisk,Short_Video,0,Manual_Review,245.3,225.6,1,Approve_Keep,0,0.0,None,0,0,Dangerous weapons demonstration video flagged for policy violation
MOD-2026-11083,2026-09-24 08:04:22,AGENT_10,Core (1-6mo),Hate_Speech,Static_Image,0,Manual_Review,67.5,325.1,1,Remove_Delete,0,0.0,None,0,0,Dehumanizing memes comparing ethnic groups to biological pests
MOD-2026-12086,2026-09-24 08:51:51,AGENT_02,New Hire (<30d),Violence_HighRisk,Live_Stream,0,Manual_Review,414.4,268.5,1,Remove_Delete,0,0.0,None,0,0,Graphic injury footage from sports accident flagged by audience
MOD-2026-10314,2026-09-24 09:02:29,AGENT_14,Senior (6mo+),Violence_HighRisk,Static_Image,0,Manual_Review,61.2,302.4,1,Remove_Delete,0,0.0,None,0,0,Reported altercation outside transit station with physical violence
MOD-2026-11931,2026-09-24 09:03:22,AGENT_13,Senior (6mo+),Violence_HighRisk,Text_Post,1,Auto_Rejected,4.7,296.5,1,Remove_Delete,0,0.0,None,0,0,Reported altercation outside transit station with physical violence
MOD-2026-11120,2026-09-24 09:03:59,AGENT_03,New Hire (<30d),Fraud_Scams,Static_Image,0,Manual_Review,93.8,394.2,1,Remove_Delete,0,0.0,None,0,0,Phishing link impersonating official platform customer verification support
MOD-2026-10439,2026-09-24 09:05:04,AGENT_04,Core (1-6mo),Hate_Speech,Static_Image,0,Auto_Rejected,3.2,472.8,1,Remove_Delete,0,0.0,None,0,0,Nuanced political satire flagged by automated keyword filter as hate
MOD-2026-10245,2026-09-24 09:13:45,AGENT_11,Core (1-6mo),Fraud_Scams,Static_Image,0,Auto_Approved,4.9,123.6,0,Approve_Keep,0,0.0,None,0,0,Phishing link impersonating official platform customer verification support
MOD-2026-11517,2026-09-24 09:22:34,AGENT_14,Senior (6mo+),Violence_HighRisk,Live_Stream,0,Auto_Rejected,5.4,162.3,0,Remove_Delete,0,0.0,None,0,0,Self-harm reference in private broadcast requiring immediate crisis triage
MOD-2026-12187,2026-09-24 09:30:22,AGENT_05,Core (1-6mo),Hate_Speech,Text_Post,0,Manual_Review,25.8,538.5,1,Approve_Keep,0,0.0,None,0,0,Nuanced political satire flagged by automated keyword filter as hate
MOD-2026-11319,2026-09-24 09:32:49,AGENT_09,Core (1-6mo),Spam_Commercial,Short_Video,0,Auto_Approved,5.7,311.6,1,Approve_Keep,0,0.0,None,0,0,Repetitive bot activity promoting unverified pharmaceutical supplements
MOD-2026-12574,2026-09-24 09:44:16,AGENT_12,Senior (6mo+),Hate_Speech,Text_Post,0,Tier2_Escalated,21.9,123.3,0,Remove_Delete,0,0.0,None,1,0,Coordinated brigading comments containing coded discriminatory dogwhistles
MOD-2026-12473,2026-09-24 09:45:45,AGENT_06,Core (1-6mo),Fraud_Scams,Text_Post,0,Manual_Review,24.2,379.1,1,Approve_Keep,1,100.0,None,0,0,Gift card prize sweepstakes scam targeting senior account holders
MOD-2026-12135,2026-09-24 09:55:19,AGENT_10,Core (1-6mo),Hate_Speech,Static_Image,1,Manual_Review,73.8,515.9,1,Approve_Keep,0,0.0,None,0,0,Coordinated brigading comments containing coded discriminatory dogwhistles
MOD-2026-10305,2026-09-24 09:57:18,AGENT_09,Core (1-6mo),Hate_Speech,Text_Post,0,Manual_Review,30.7,166.4,0,Content_Warning,0,0.0,None,0,0,Incitement to boycott and harass private individual based on religion
MOD-2026-12479,2026-09-24 10:46:55,AGENT_11,Core (1-6mo),Violence_HighRisk,Short_Video,1,Manual_Review,167.8,463.3,1,Remove_Delete,1,100.0,None,0,0,Threatening physical altercation clip uploaded without contextual warning
MOD-2026-11726,2026-09-24 10:55:33,AGENT_14,Senior (6mo+),Violence_HighRisk,Live_Stream,0,Tier2_Escalated,285.7,288.0,1,Remove_Delete,0,0.0,None,0,0,Threatening physical altercation clip uploaded without contextual warning
MOD-2026-11273,2026-09-24 10:56:44,AGENT_10,Core (1-6mo),Hate_Speech,Text_Post,0,Manual_Review,30.8,368.0,1,Approve_Keep,0,0.0,None,0,0,Dehumanizing memes comparing ethnic groups to biological pests
MOD-2026-10181,2026-09-24 11:18:16,AGENT_11,Core (1-6mo),Hate_Speech,Text_Post,0,Manual_Review,40.9,470.8,1,Remove_Delete,0,0.0,None,0,0,Coordinated brigading comments containing coded discriminatory dogwhistles
MOD-2026-10905,2026-09-24 11:37:55,AGENT_14,Senior (6mo+),Emergency_TCO,Static_Image,1,Auto_Rejected,2.9,63.6,1,Remove_Delete,0,0.0,None,0,0,Urgent notice-and-action request under EU 1-hour removal mandate
MOD-2026-12229,2026-09-24 11:58:30,AGENT_02,New Hire (<30d),Violence_HighRisk,Short_Video,0,Auto_Approved,3.5,102.2,0,Approve_Keep,0,0.0,None,0,0,Self-harm reference in private broadcast requiring immediate crisis triage
MOD-2026-10309,2026-09-24 12:00:33,AGENT_08,Core (1-6mo),Hate_Speech,Static_Image,0,Manual_Review,38.2,586.1,1,Remove_Delete,0,0.0,None,0,0,Incitement to boycott and harass private individual based on religion
MOD-2026-11937,2026-09-24 12:09:46,AGENT_02,New Hire (<30d),Fraud_Scams,Text_Post,0,Auto_Approved,3.3,339.9,1,Approve_Keep,0,0.0,None,0,0,Counterfeit luxury goods listing utilizing stolen trademark imagery
MOD-2026-10186,2026-09-24 12:16:42,AGENT_15,Senior (6mo+),Emergency_TCO,Short_Video,1,Tier2_Escalated,134.7,103.5,1,Remove_Delete,0,0.0,None,0,0,Violent extremist manifestos distribution attempt flagged by cross-platform hash
MOD-2026-11913,2026-09-24 12:40:12,AGENT_04,Core (1-6mo),Violence_HighRisk,Static_Image,1,Manual_Review,77.3,398.7,1,Remove_Delete,0,0.0,None,0,0,Self-harm reference in private broadcast requiring immediate crisis triage
MOD-2026-11167,2026-09-24 12:42:56,AGENT_10,Core (1-6mo),Spam_Commercial,Short_Video,0,Auto_Approved,4.4,398.0,1,Approve_Keep,1,100.0,None,0,0,Unsolicited commercial affiliate marketing message blast
MOD-2026-12609,2026-09-24 13:27:06,AGENT_11,Core (1-6mo),Spam_Commercial,Text_Post,0,Manual_Review,26.8,374.9,1,Remove_Delete,0,0.0,None,0,0,Unsolicited commercial affiliate marketing message blast
MOD-2026-10453,2026-09-24 14:46:42,AGENT_05,Core (1-6mo),Hate_Speech,Static_Image,1,Auto_Approved,4.9,221.3,0,Approve_Keep,0,0.0,None,0,0,Derogatory slur targeting protected demographic in comment section
MOD-2026-11269,2026-09-24 14:54:36,AGENT_14,Senior (6mo+),Violence_HighRisk,Static_Image,1,Manual_Review,54.7,359.2,1,Content_Warning,0,0.0,None,0,0,Dangerous weapons demonstration video flagged for policy violation
MOD-2026-10126,2026-09-24 14:54:37,AGENT_15,Senior (6mo+),Violence_HighRisk,Static_Image,1,Manual_Review,38.6,241.7,1,Remove_Delete,0,0.0,None,0,0,Threatening physical altercation clip uploaded without contextual warning
MOD-2026-12330,2026-09-24 15:22:37,AGENT_02,New Hire (<30d),Fraud_Scams,Static_Image,0,Manual_Review,74.1,100.0,0,Remove_Delete,0,0.0,None,0,0,Cryptocurrency investment scheme promising guaranteed 500% daily returns
MOD-2026-10851,2026-09-24 15:46:25,AGENT_01,New Hire (<30d),Fraud_Scams,Static_Image,0,Manual_Review,86.8,282.2,1,Approve_Keep,0,0.0,None,0,0,Cryptocurrency investment scheme promising guaranteed 500% daily returns
MOD-2026-11070,2026-09-24 16:54:05,AGENT_04,Core (1-6mo),Fraud_Scams,Static_Image,0,Auto_Approved,2.9,144.1,0,Approve_Keep,0,0.0,None,0,0,Unauthorized credential harvesting page embedded in bio link
MOD-2026-10769,2026-09-24 16:54:34,AGENT_13,Senior (6mo+),Fraud_Scams,Live_Stream,0,Manual_Review,160.7,206.1,0,Remove_Delete,0,0.0,None,0,0,Cryptocurrency investment scheme promising guaranteed 500% daily returns
MOD-2026-12303,2026-09-24 17:05:49,AGENT_05,Core (1-6mo),Hate_Speech,Static_Image,1,Manual_Review,68.0,464.0,1,Remove_Delete,0,0.0,None,1,0,Dehumanizing memes comparing ethnic groups to biological pests
MOD-2026-10500,2026-09-24 17:27:47,AGENT_03,New Hire (<30d),Violence_HighRisk,Short_Video,1,Auto_Rejected,5.7,326.2,1,Remove_Delete,1,100.0,None,0,0,Self-harm reference in private broadcast requiring immediate crisis triage
MOD-2026-12648,2026-09-24 17:28:07,AGENT_01,New Hire (<30d),Fraud_Scams,Static_Image,0,Auto_Rejected,3.2,206.6,0,Remove_Delete,0,0.0,None,1,0,Gift card prize sweepstakes scam targeting senior account holders
MOD-2026-10989,2026-09-24 18:00:12,AGENT_13,Senior (6mo+),Violence_HighRisk,Static_Image,0,Auto_Rejected,3.5,200.6,1,Remove_Delete,0,0.0,None,0,0,Self-harm reference in private broadcast requiring immediate crisis triage
MOD-2026-11396,2026-09-24 18:05:08,AGENT_01,New Hire (<30d),Hate_Speech,Text_Post,0,Auto_Approved,3.4,208.2,0,Approve_Keep,0,0.0,None,0,0,Incitement to boycott and harass private individual based on religion
MOD-2026-11295,2026-09-24 18:55:17,AGENT_07,Core (1-6mo),Violence_HighRisk,Short_Video,1,Manual_Review,236.9,278.4,1,Remove_Delete,0,0.0,None,0,0,Threatening physical altercation clip uploaded without contextual warning
MOD-2026-10166,2026-09-24 18:57:13,AGENT_12,Senior (6mo+),Violence_HighRisk,Short_Video,1,Tier2_Escalated,124.2,243.2,1,Remove_Delete,0,0.0,None,0,0,Self-harm reference in private broadcast requiring immediate crisis triage
MOD-2026-10112,2026-09-24 18:58:25,AGENT_06,Core (1-6mo),Hate_Speech,Text_Post,0,Manual_Review,22.2,521.7,1,Approve_Keep,1,100.0,None,0,0,Incitement to boycott and harass private individual based on religion
MOD-2026-12317,2026-09-24 19:10:10,AGENT_12,Senior (6mo+),Fraud_Scams,Static_Image,0,Manual_Review,39.2,216.9,0,Remove_Delete,1,100.0,None,0,0,Counterfeit luxury goods listing utilizing stolen trademark imagery
MOD-2026-11461,2026-09-24 19:15:15,AGENT_11,Core (1-6mo),Spam_Commercial,Short_Video,0,Auto_Approved,4.1,262.9,1,Approve_Keep,0,0.0,None,0,0,Keyword stuffing and hidden redirects on promotional landing page
MOD-2026-12166,2026-09-24 19:23:22,AGENT_13,Senior (6mo+),Violence_HighRisk,Short_Video,1,Auto_Rejected,2.6,326.6,1,Remove_Delete,0,0.0,None,0,0,Threatening physical altercation clip uploaded without contextual warning
MOD-2026-12324,2026-09-24 19:38:30,AGENT_15,Senior (6mo+),Emergency_TCO,Static_Image,1,Tier2_Escalated,39.1,74.8,1,Remove_Delete,1,100.0,None,0,0,Coordinated tactical propaganda audio recording flagged by intelligence unit
MOD-2026-10102,2026-09-24 19:47:08,AGENT_10,Core (1-6mo),Emergency_TCO,Short_Video,1,Manual_Review,173.4,115.8,1,Remove_Delete,0,0.0,None,0,0,Emergency legal escalation concerning imminent threat of platform violence
MOD-2026-10738,2026-09-24 20:04:42,AGENT_05,Core (1-6mo),Violence_HighRisk,Short_Video,1,Auto_Approved,5.7,194.7,1,Approve_Keep,0,0.0,None,0,0,Threatening physical altercation clip uploaded without contextual warning
MOD-2026-10315,2026-09-24 20:40:36,AGENT_04,Core (1-6mo),Hate_Speech,Text_Post,0,Auto_Approved,6.0,537.5,1,Approve_Keep,0,0.0,None,0,0,Dehumanizing memes comparing ethnic groups to biological pests
MOD-2026-11529,2026-09-24 21:19:12,AGENT_15,Senior (6mo+),Fraud_Scams,Static_Image,0,Auto_Approved,2.8,117.0,0,Approve_Keep,0,0.0,None,0,0,Phishing link impersonating official platform customer verification support
MOD-2026-11865,2026-09-24 22:01:00,AGENT_06,Core (1-6mo),Spam_Commercial,Text_Post,0,Auto_Rejected,3.8,303.1,1,Remove_Delete,0,0.0,None,0,0,Repetitive bot activity promoting unverified pharmaceutical supplements
MOD-2026-12154,2026-09-24 22:32:21,AGENT_07,Core (1-6mo),Fraud_Scams,Static_Image,0,Auto_Approved,4.9,189.3,0,Approve_Keep,0,0.0,None,0,0,Cryptocurrency investment scheme promising guaranteed 500% daily returns
MOD-2026-10594,2026-09-24 22:57:40,AGENT_03,New Hire (<30d),Hate_Speech,Short_Video,0,Auto_Approved,5.5,237.4,0,Approve_Keep,0,0.0,None,0,0,Nuanced political satire flagged by automated keyword filter as hate
MOD-2026-12194,2026-09-24 23:35:37,AGENT_05,Core (1-6mo),Violence_HighRisk,Short_Video,0,Auto_Approved,4.1,157.3,0,Approve_Keep,0,0.0,None,0,0,Dangerous weapons demonstration video flagged for policy violation
MOD-2026-12369,2026-09-24 23:48:40,AGENT_03,New Hire (<30d),Hate_Speech,Text_Post,0,Manual_Review,32.9,436.5,1,Account_Suspend,0,0.0,None,0,0,Nuanced political satire flagged by automated keyword filter as hate
MOD-2026-10424,2026-09-25 00:19:19,AGENT_01,New Hire (<30d),Spam_Commercial,Text_Post,0,Auto_Rejected,5.1,71.8,0,Remove_Delete,0,0.0,None,0,0,Bulk account creation posting duplicate SEO spam articles
MOD-2026-10758,2026-09-25 00:21:17,AGENT_14,Senior (6mo+),Emergency_TCO,Static_Image,1,Tier2_Escalated,67.5,111.2,1,Remove_Delete,0,0.0,None,0,0,Violent extremist manifestos distribution attempt flagged by cross-platform hash
MOD-2026-10773,2026-09-25 00:23:33,AGENT_10,Core (1-6mo),Violence_HighRisk,Static_Image,1,Manual_Review,81.7,360.4,1,Approve_Keep,0,0.0,None,0,0,Reported altercation outside transit station with physical violence
MOD-2026-11127,2026-09-25 00:35:32,AGENT_12,Senior (6mo+),Fraud_Scams,Static_Image,0,Tier2_Escalated,32.8,49.6,0,Content_Warning,0,0.0,None,0,0,Gift card prize sweepstakes scam targeting senior account holders
MOD-2026-10683,2026-09-25 00:36:51,AGENT_09,Core (1-6mo),Emergency_TCO,Static_Image,1,Manual_Review,64.0,81.5,1,Remove_Delete,0,0.0,None,0,0,Violent extremist manifestos distribution attempt flagged by cross-platform hash
MOD-2026-10941,2026-09-25 01:30:49,AGENT_07,Core (1-6mo),Fraud_Scams,Text_Post,0,Manual_Review,22.0,141.9,0,Remove_Delete,0,0.0,None,0,0,Phishing link impersonating official platform customer verification support
MOD-2026-11568,2026-09-25 01:34:13,AGENT_06,Core (1-6mo),Spam_Commercial,Text_Post,0,Auto_Rejected,4.7,173.3,0,Remove_Delete,0,0.0,None,0,0,Repetitive bot activity promoting unverified pharmaceutical supplements
MOD-2026-10131,2026-09-25 01:54:58,AGENT_15,Senior (6mo+),Emergency_TCO,Short_Video,1,Auto_Rejected,5.0,65.0,1,Remove_Delete,0,0.0,None,1,0,Coordinated tactical propaganda audio recording flagged by intelligence unit
MOD-2026-10136,2026-09-25 02:44:57,AGENT_13,Senior (6mo+),Emergency_TCO,Static_Image,1,Auto_Approved,3.3,100.7,1,Approve_Keep,1,100.0,None,0,0,Violent extremist manifestos distribution attempt flagged by cross-platform hash
MOD-2026-12482,2026-09-25 02:46:31,AGENT_01,New Hire (<30d),Spam_Commercial,Text_Post,0,Manual_Review,38.9,303.1,1,Remove_Delete,0,0.0,None,0,0,Unsolicited commercial affiliate marketing message blast
MOD-2026-11920,2026-09-25 03:36:22,AGENT_14,Senior (6mo+),Violence_HighRisk,Short_Video,1,Manual_Review,144.4,108.9,0,Remove_Delete,0,0.0,None,0,0,Graphic injury footage from sports accident flagged by audience
MOD-2026-12660,2026-09-25 03:56:28,AGENT_06,Core (1-6mo),Hate_Speech,Text_Post,1,Manual_Review,27.9,203.5,0,Approve_Keep,0,0.0,None,0,0,Coordinated brigading comments containing coded discriminatory dogwhistles
MOD-2026-10986,2026-09-25 04:11:08,AGENT_09,Core (1-6mo),Emergency_TCO,Short_Video,1,Manual_Review,155.0,60.3,1,Remove_Delete,0,0.0,None,0,0,Emergency legal escalation concerning imminent threat of platform violence
MOD-2026-12381,2026-09-25 04:11:50,AGENT_09,Core (1-6mo),Violence_HighRisk,Short_Video,1,Manual_Review,209.1,442.5,1,Account_Suspend,0,0.0,None,0,0,Graphic injury footage from sports accident flagged by audience
MOD-2026-10868,2026-09-25 04:18:45,AGENT_08,Core (1-6mo),Spam_Commercial,Static_Image,0,Auto_Approved,5.7,209.0,0,Approve_Keep,1,100.0,None,0,0,Bulk account creation posting duplicate SEO spam articles
MOD-2026-10194,2026-09-25 04:32:27,AGENT_14,Senior (6mo+),Violence_HighRisk,Static_Image,1,Tier2_Escalated,36.3,363.8,1,Remove_Delete,0,0.0,None,0,0,Self-harm reference in private broadcast requiring immediate crisis triage
MOD-2026-10278,2026-09-25 04:32:42,AGENT_10,Core (1-6mo),Hate_Speech,Short_Video,0,Auto_Approved,5.1,265.8,1,Approve_Keep,0,0.0,None,0,0,Incitement to boycott and harass private individual based on religion
MOD-2026-11852,2026-09-25 04:38:40,AGENT_10,Core (1-6mo),Violence_HighRisk,Text_Post,0,Manual_Review,36.4,346.7,1,Remove_Delete,1,100.0,None,0,0,Threatening physical altercation clip uploaded without contextual warning
MOD-2026-12603,2026-09-25 04:43:47,AGENT_10,Core (1-6mo),Violence_HighRisk,Text_Post,1,Manual_Review,27.0,428.6,1,Content_Warning,0,0.0,None,0,0,Self-harm reference in private broadcast requiring immediate crisis triage
MOD-2026-12152,2026-09-25 04:45:08,AGENT_04,Core (1-6mo),Spam_Commercial,Text_Post,0,Manual_Review,29.4,107.8,0,Approve_Keep,0,0.0,None,0,0,Keyword stuffing and hidden redirects on promotional landing page
MOD-2026-12619,2026-09-25 04:49:03,AGENT_08,Core (1-6mo),Fraud_Scams,Text_Post,0,Manual_Review,38.3,56.3,0,Account_Suspend,0,0.0,None,0,0,Phishing link impersonating official platform customer verification support
MOD-2026-11174,2026-09-25 04:59:41,AGENT_12,Senior (6mo+),Violence_HighRisk,Live_Stream,0,Manual_Review,200.6,409.2,1,Remove_Delete,1,100.0,None,0,0,Self-harm reference in private broadcast requiring immediate crisis triage
MOD-2026-11298,2026-09-25 05:03:58,AGENT_08,Core (1-6mo),Hate_Speech,Text_Post,1,Manual_Review,43.5,128.8,0,Approve_Keep,0,0.0,None,0,0,Incitement to boycott and harass private individual based on religion
MOD-2026-10874,2026-09-25 05:22:42,AGENT_04,Core (1-6mo),Spam_Commercial,Text_Post,0,Manual_Review,14.6,284.1,1,Remove_Delete,0,0.0,None,0,0,Repetitive bot activity promoting unverified pharmaceutical supplements
MOD-2026-10419,2026-09-25 06:03:37,AGENT_11,Core (1-6mo),Spam_Commercial,Text_Post,0,Auto_Approved,5.2,373.7,1,Approve_Keep,0,0.0,None,0,0,Repetitive bot activity promoting unverified pharmaceutical supplements
MOD-2026-12306,2026-09-25 06:10:52,AGENT_15,Senior (6mo+),Emergency_TCO,Live_Stream,1,Tier2_Escalated,208.8,45.7,0,Remove_Delete,0,0.0,None,0,0,Suspected terrorist recruitment video uploaded across multiple hashtags
MOD-2026-12244,2026-09-25 06:18:29,AGENT_02,New Hire (<30d),Violence_HighRisk,Short_Video,1,Manual_Review,181.7,75.9,0,Approve_Keep,0,0.0,None,0,0,Dangerous weapons demonstration video flagged for policy violation
MOD-2026-11111,2026-09-25 06:19:18,AGENT_04,Core (1-6mo),Violence_HighRisk,Static_Image,1,Auto_Rejected,5.2,282.0,1,Remove_Delete,0,0.0,None,0,0,Self-harm reference in private broadcast requiring immediate crisis triage
MOD-2026-10830,2026-09-25 06:40:14,AGENT_04,Core (1-6mo),Hate_Speech,Text_Post,1,Auto_Approved,2.5,555.7,1,Approve_Keep,0,0.0,None,0,0,Coordinated brigading comments containing coded discriminatory dogwhistles
MOD-2026-11774,2026-09-25 06:49:21,AGENT_14,Senior (6mo+),Spam_Commercial,Text_Post,0,Auto_Rejected,3.7,112.2,0,Remove_Delete,0,0.0,None,0,0,Bulk account creation posting duplicate SEO spam articles
MOD-2026-10885,2026-09-25 06:51:45,AGENT_13,Senior (6mo+),Emergency_TCO,Static_Image,1,Tier2_Escalated,53.4,38.8,0,Account_Suspend,0,0.0,None,0,0,Coordinated tactical propaganda audio recording flagged by intelligence unit
MOD-2026-12602,2026-09-25 06:59:06,AGENT_11,Core (1-6mo),Hate_Speech,Text_Post,1,Auto_Rejected,5.6,502.8,1,Remove_Delete,0,0.0,None,0,0,Derogatory slur targeting protected demographic in comment section
MOD-2026-12092,2026-09-25 07:05:22,AGENT_09,Core (1-6mo),Violence_HighRisk,Live_Stream,1,Auto_Rejected,3.2,65.2,0,Remove_Delete,0,0.0,None,1,0,Reported altercation outside transit station with physical violence
MOD-2026-11274,2026-09-25 07:12:35,AGENT_11,Core (1-6mo),Violence_HighRisk,Text_Post,0,Auto_Rejected,4.4,184.6,1,Remove_Delete,0,0.0,None,0,0,Dangerous weapons demonstration video flagged for policy violation
MOD-2026-11832,2026-09-25 07:27:32,AGENT_10,Core (1-6mo),Spam_Commercial,Text_Post,0,Auto_Approved,3.9,238.2,0,Approve_Keep,1,100.0,None,0,0,Bulk account creation posting duplicate SEO spam articles
MOD-2026-11470,2026-09-25 07:48:12,AGENT_07,Core (1-6mo),Hate_Speech,Text_Post,0,Manual_Review,47.8,367.5,1,Approve_Keep,0,0.0,None,0,0,Nuanced political satire flagged by automated keyword filter as hate
MOD-2026-11137,2026-09-25 07:49:32,AGENT_04,Core (1-6mo),Spam_Commercial,Text_Post,0,Auto_Approved,3.7,120.7,0,Approve_Keep,0,0.0,None,0,0,Unsolicited commercial affiliate marketing message blast
MOD-2026-10785,2026-09-25 07:58:14,AGENT_04,Core (1-6mo),Hate_Speech,Text_Post,0,Manual_Review,42.1,362.1,1,Approve_Keep,0,0.0,None,0,0,Coordinated brigading comments containing coded discriminatory dogwhistles
MOD-2026-11467,2026-09-25 07:59:49,AGENT_09,Core (1-6mo),Spam_Commercial,Text_Post,0,Manual_Review,29.0,378.8,1,Account_Suspend,0,0.0,None,0,0,Automated script posting identical promotional link 120 times in forum
MOD-2026-12019,2026-09-25 08:24:45,AGENT_15,Senior (6mo+),Violence_HighRisk,Short_Video,1,Tier2_Escalated,124.3,241.6,1,Remove_Delete,0,0.0,None,0,0,Graphic injury footage from sports accident flagged by audience
MOD-2026-10251,2026-09-25 08:25:22,AGENT_15,Senior (6mo+),Violence_HighRisk,Text_Post,0,Tier2_Escalated,26.6,158.1,0,Remove_Delete,1,100.0,None,1,0,Graphic injury footage from sports accident flagged by audience
MOD-2026-11583,2026-09-25 08:35:35,AGENT_13,Senior (6mo+),Emergency_TCO,Static_Image,1,Tier2_Escalated,79.2,85.1,1,Remove_Delete,1,100.0,None,0,0,Urgent notice-and-action request under EU 1-hour removal mandate
MOD-2026-12515,2026-09-25 09:03:53,AGENT_03,New Hire (<30d),Violence_HighRisk,Static_Image,1,Auto_Rejected,4.3,255.9,1,Remove_Delete,1,0.0,False_Positive,0,0,Graphic injury footage from sports accident flagged by audience
MOD-2026-12032,2026-09-25 09:12:22,AGENT_14,Senior (6mo+),Violence_HighRisk,Short_Video,1,Auto_Approved,3.7,402.2,1,Approve_Keep,0,0.0,None,0,0,Graphic injury footage from sports accident flagged by audience
MOD-2026-12754,2026-09-25 09:21:35,AGENT_02,New Hire (<30d),Emergency_TCO,Short_Video,1,Manual_Review,237.0,44.6,0,Content_Warning,0,0.0,None,0,0,Coordinated tactical propaganda audio recording flagged by intelligence unit
MOD-2026-10642,2026-09-25 09:49:42,AGENT_12,Senior (6mo+),Violence_HighRisk,Short_Video,0,Manual_Review,156.5,340.7,1,Remove_Delete,0,0.0,None,0,0,Dangerous weapons demonstration video flagged for policy violation
MOD-2026-10615,2026-09-25 09:50:58,AGENT_15,Senior (6mo+),Emergency_TCO,Live_Stream,1,Manual_Review,303.8,53.9,0,Remove_Delete,0,0.0,None,0,0,Violent extremist manifestos distribution attempt flagged by cross-platform hash
MOD-2026-11845,2026-09-25 09:55:21,AGENT_04,Core (1-6mo),Fraud_Scams,Static_Image,0,Auto_Approved,5.9,140.1,0,Approve_Keep,0,0.0,None,0,0,Unauthorized credential harvesting page embedded in bio link
MOD-2026-11524,2026-09-25 10:36:19,AGENT_04,Core (1-6mo),Hate_Speech,Text_Post,0,Auto_Approved,4.9,324.9,1,Approve_Keep,1,100.0,None,0,0,Nuanced political satire flagged by automated keyword filter as hate
MOD-2026-11928,2026-09-25 11:10:34,AGENT_13,Senior (6mo+),Emergency_TCO,Short_Video,1,Auto_Rejected,3.7,110.6,1,Remove_Delete,0,0.0,None,0,0,Suspected terrorist recruitment video uploaded across multiple hashtags
MOD-2026-10411,2026-09-25 12:44:19,AGENT_10,Core (1-6mo),Violence_HighRisk,Short_Video,0,Manual_Review,185.9,247.1,1,Approve_Keep,0,0.0,None,0,0,Dangerous weapons demonstration video flagged for policy violation
MOD-2026-12696,2026-09-25 12:45:20,AGENT_08,Core (1-6mo),Fraud_Scams,Static_Image,0,Manual_Review,47.0,79.6,0,Remove_Delete,0,0.0,None,0,0,Gift card prize sweepstakes scam targeting senior account holders
MOD-2026-11235,2026-09-25 12:50:05,AGENT_06,Core (1-6mo),Violence_HighRisk,Short_Video,0,Manual_Review,196.1,297.4,1,Content_Warning,1,100.0,None,0,0,Reported altercation outside transit station with physical violence
MOD-2026-10217,2026-09-25 13:00:52,AGENT_06,Core (1-6mo),Violence_HighRisk,Short_Video,0,Manual_Review,177.0,405.9,1,Remove_Delete,0,0.0,None,0,0,Self-harm reference in private broadcast requiring immediate crisis triage
MOD-2026-12273,2026-09-25 13:56:04,AGENT_02,New Hire (<30d),Hate_Speech,Text_Post,0,Auto_Approved,3.6,301.3,1,Approve_Keep,1,100.0,None,0,0,Derogatory slur targeting protected demographic in comment section
MOD-2026-11687,2026-09-25 14:19:42,AGENT_04,Core (1-6mo),Fraud_Scams,Static_Image,0,Auto_Approved,4.8,121.8,0,Approve_Keep,0,0.0,None,0,0,Counterfeit luxury goods listing utilizing stolen trademark imagery
MOD-2026-10724,2026-09-25 15:07:38,AGENT_10,Core (1-6mo),Violence_HighRisk,Short_Video,1,Auto_Rejected,5.2,362.9,1,Remove_Delete,0,0.0,None,0,0,Graphic injury footage from sports accident flagged by audience
MOD-2026-11250,2026-09-25 15:09:59,AGENT_14,Senior (6mo+),Fraud_Scams,Text_Post,0,Manual_Review,23.3,101.8,0,Approve_Keep,0,0.0,None,0,0,Phishing link impersonating official platform customer verification support
MOD-2026-10761,2026-09-25 15:18:55,AGENT_15,Senior (6mo+),Fraud_Scams,Live_Stream,0,Auto_Approved,4.0,344.0,1,Approve_Keep,0,0.0,None,0,0,Counterfeit luxury goods listing utilizing stolen trademark imagery
MOD-2026-12191,2026-09-25 15:26:06,AGENT_15,Senior (6mo+),Violence_HighRisk,Static_Image,0,Manual_Review,39.3,397.1,1,Content_Warning,0,0.0,None,0,0,Dangerous weapons demonstration video flagged for policy violation
MOD-2026-11676,2026-09-25 15:41:56,AGENT_12,Senior (6mo+),Hate_Speech,Static_Image,1,Tier2_Escalated,40.2,184.0,0,Remove_Delete,0,0.0,None,0,0,Nuanced political satire flagged by automated keyword filter as hate
MOD-2026-11182,2026-09-25 15:56:30,AGENT_13,Senior (6mo+),Violence_HighRisk,Static_Image,0,Auto_Rejected,5.4,431.7,1,Remove_Delete,0,0.0,None,0,0,Threatening physical altercation clip uploaded without contextual warning
MOD-2026-11519,2026-09-25 16:26:50,AGENT_01,New Hire (<30d),Violence_HighRisk,Live_Stream,1,Manual_Review,450.7,275.4,1,Content_Warning,0,0.0,None,0,0,Dangerous weapons demonstration video flagged for policy violation
MOD-2026-11004,2026-09-25 16:29:43,AGENT_11,Core (1-6mo),Violence_HighRisk,Text_Post,1,Auto_Rejected,3.6,229.9,1,Remove_Delete,0,0.0,None,0,0,Dangerous weapons demonstration video flagged for policy violation
MOD-2026-11665,2026-09-25 16:59:10,AGENT_07,Core (1-6mo),Hate_Speech,Text_Post,0,Manual_Review,29.6,310.5,1,Approve_Keep,0,0.0,None,0,0,Derogatory slur targeting protected demographic in comment section
MOD-2026-12390,2026-09-25 16:59:16,AGENT_02,New Hire (<30d),Spam_Commercial,Live_Stream,0,Auto_Approved,3.6,116.6,0,Approve_Keep,0,0.0,None,0,0,Repetitive bot activity promoting unverified pharmaceutical supplements
MOD-2026-12223,2026-09-25 18:16:04,AGENT_07,Core (1-6mo),Spam_Commercial,Text_Post,0,Auto_Approved,4.8,351.0,1,Approve_Keep,0,0.0,None,0,0,Keyword stuffing and hidden redirects on promotional landing page
MOD-2026-11237,2026-09-25 18:41:09,AGENT_03,New Hire (<30d),Hate_Speech,Text_Post,0,Auto_Rejected,2.8,188.7,0,Remove_Delete,0,0.0,None,0,0,Incitement to boycott and harass private individual based on religion
MOD-2026-12481,2026-09-25 18:44:22,AGENT_02,New Hire (<30d),Violence_HighRisk,Short_Video,1,Manual_Review,229.4,192.9,1,Content_Warning,0,0.0,None,0,0,Reported altercation outside transit station with physical violence
MOD-2026-10527,2026-09-25 18:45:00,AGENT_14,Senior (6mo+),Violence_HighRisk,Live_Stream,1,Manual_Review,333.7,89.7,0,Remove_Delete,0,0.0,None,0,0,Dangerous weapons demonstration video flagged for policy violation
MOD-2026-12302,2026-09-25 18:53:36,AGENT_13,Senior (6mo+),Violence_HighRisk,Text_Post,1,Manual_Review,36.2,101.1,0,Remove_Delete,0,0.0,None,0,0,Threatening physical altercation clip uploaded without contextual warning
MOD-2026-10262,2026-09-25 19:06:40,AGENT_06,Core (1-6mo),Violence_HighRisk,Short_Video,1,Manual_Review,128.5,249.8,1,Remove_Delete,0,0.0,None,0,0,Self-harm reference in private broadcast requiring immediate crisis triage
MOD-2026-12683,2026-09-25 19:15:41,AGENT_07,Core (1-6mo),Fraud_Scams,Text_Post,0,Manual_Review,24.7,198.9,0,Approve_Keep,0,0.0,None,0,0,Unauthorized credential harvesting page embedded in bio link
MOD-2026-12685,2026-09-25 19:41:14,AGENT_06,Core (1-6mo),Hate_Speech,Live_Stream,0,Manual_Review,317.5,156.7,0,Remove_Delete,0,0.0,None,0,0,Dehumanizing memes comparing ethnic groups to biological pests
MOD-2026-11138,2026-09-25 19:42:43,AGENT_08,Core (1-6mo),Violence_HighRisk,Short_Video,0,Auto_Rejected,3.5,194.8,1,Remove_Delete,0,0.0,None,0,0,Self-harm reference in private broadcast requiring immediate crisis triage
MOD-2026-12328,2026-09-25 19:51:23,AGENT_06,Core (1-6mo),Fraud_Scams,Static_Image,0,Auto_Approved,3.1,389.3,1,Approve_Keep,0,0.0,None,0,0,Gift card prize sweepstakes scam targeting senior account holders
MOD-2026-11748,2026-09-25 20:02:43,AGENT_02,New Hire (<30d),Violence_HighRisk,Live_Stream,0,Manual_Review,447.4,363.7,1,Remove_Delete,0,0.0,None,0,0,Dangerous weapons demonstration video flagged for policy violation
MOD-2026-12391,2026-09-25 20:07:22,AGENT_15,Senior (6mo+),Hate_Speech,Text_Post,0,Manual_Review,18.1,410.3,1,Remove_Delete,0,0.0,None,0,0,Incitement to boycott and harass private individual based on religion
MOD-2026-10603,2026-09-25 20:42:52,AGENT_15,Senior (6mo+),Violence_HighRisk,Short_Video,1,Manual_Review,94.7,354.8,1,Content_Warning,0,0.0,None,0,0,Threatening physical altercation clip uploaded without contextual warning
MOD-2026-10037,2026-09-25 20:49:49,AGENT_11,Core (1-6mo),Fraud_Scams,Static_Image,0,Auto_Approved,4.9,371.0,1,Approve_Keep,0,0.0,None,0,0,Counterfeit luxury goods listing utilizing stolen trademark imagery
MOD-2026-11757,2026-09-25 20:56:07,AGENT_13,Senior (6mo+),Violence_HighRisk,Short_Video,1,Manual_Review,110.2,469.6,1,Remove_Delete,0,0.0,None,0,0,Dangerous weapons demonstration video flagged for policy violation
MOD-2026-11426,2026-09-25 21:21:36,AGENT_11,Core (1-6mo),Spam_Commercial,Static_Image,0,Auto_Rejected,4.7,336.0,1,Remove_Delete,0,0.0,None,0,0,Keyword stuffing and hidden redirects on promotional landing page
MOD-2026-10934,2026-09-25 21:27:41,AGENT_09,Core (1-6mo),Fraud_Scams,Static_Image,0,Manual_Review,53.7,57.1,0,Approve_Keep,0,0.0,None,0,0,Phishing link impersonating official platform customer verification support
MOD-2026-11993,2026-09-25 21:47:58,AGENT_09,Core (1-6mo),Spam_Commercial,Text_Post,0,Auto_Rejected,4.5,84.9,0,Remove_Delete,0,0.0,None,0,0,Bulk account creation posting duplicate SEO spam articles
MOD-2026-12160,2026-09-25 22:55:30,AGENT_12,Senior (6mo+),Emergency_TCO,Live_Stream,1,Tier2_Escalated,340.2,94.6,1,Remove_Delete,0,0.0,None,0,0,Urgent notice-and-action request under EU 1-hour removal mandate
MOD-2026-10757,2026-09-25 23:20:27,AGENT_14,Senior (6mo+),Emergency_TCO,Live_Stream,1,Tier2_Escalated,241.4,61.9,1,Escalate,1,100.0,None,0,0,Suspected terrorist recruitment video uploaded across multiple hashtags
MOD-2026-12640,2026-09-25 23:23:01,AGENT_06,Core (1-6mo),Violence_HighRisk,Static_Image,0,Auto_Rejected,2.9,104.8,0,Remove_Delete,0,0.0,None,0,0,Graphic injury footage from sports accident flagged by audience
MOD-2026-12042,2026-09-25 23:24:41,AGENT_04,Core (1-6mo),Hate_Speech,Text_Post,0,Auto_Approved,3.6,392.2,1,Approve_Keep,0,0.0,None,0,0,Coordinated brigading comments containing coded discriminatory dogwhistles
MOD-2026-12140,2026-09-25 23:35:11,AGENT_07,Core (1-6mo),Spam_Commercial,Text_Post,0,Auto_Rejected,3.9,338.2,1,Remove_Delete,0,0.0,None,1,0,Bulk account creation posting duplicate SEO spam articles
MOD-2026-12057,2026-09-25 23:40:13,AGENT_13,Senior (6mo+),Violence_HighRisk,Short_Video,0,Manual_Review,192.8,227.2,1,Account_Suspend,0,0.0,None,0,0,Reported altercation outside transit station with physical violence
MOD-2026-12173,2026-09-25 23:58:05,AGENT_11,Core (1-6mo),Hate_Speech,Text_Post,0,Manual_Review,20.6,232.9,0,Escalate,0,0.0,None,0,0,Derogatory slur targeting protected demographic in comment section
MOD-2026-12231,2026-09-26 00:38:10,AGENT_06,Core (1-6mo),Hate_Speech,Text_Post,1,Auto_Rejected,4.7,135.7,0,Remove_Delete,0,0.0,None,0,0,Incitement to boycott and harass private individual based on religion
MOD-2026-11615,2026-09-26 00:53:55,AGENT_01,New Hire (<30d),Emergency_TCO,Short_Video,1,Manual_Review,246.8,77.1,1,Remove_Delete,1,100.0,None,0,0,Violent extremist manifestos distribution attempt flagged by cross-platform hash
MOD-2026-10038,2026-09-26 01:06:42,AGENT_10,Core (1-6mo),Hate_Speech,Text_Post,0,Manual_Review,35.9,247.2,1,Remove_Delete,0,0.0,None,0,0,Dehumanizing memes comparing ethnic groups to biological pests
MOD-2026-11434,2026-09-26 01:17:36,AGENT_05,Core (1-6mo),Hate_Speech,Text_Post,0,Manual_Review,23.3,363.4,1,Remove_Delete,0,0.0,None,0,0,Dehumanizing memes comparing ethnic groups to biological pests
MOD-2026-12435,2026-09-26 01:19:34,AGENT_07,Core (1-6mo),Hate_Speech,Text_Post,0,Manual_Review,29.9,140.0,0,Remove_Delete,0,0.0,None,0,0,Derogatory slur targeting protected demographic in comment section
MOD-2026-10616,2026-09-26 01:21:38,AGENT_13,Senior (6mo+),Spam_Commercial,Text_Post,0,Auto_Approved,4.1,189.8,0,Approve_Keep,0,0.0,None,0,0,Bulk account creation posting duplicate SEO spam articles
MOD-2026-12335,2026-09-26 01:28:10,AGENT_14,Senior (6mo+),Spam_Commercial,Text_Post,0,Auto_Rejected,4.6,400.0,1,Remove_Delete,0,0.0,None,0,0,Unsolicited commercial affiliate marketing message blast
MOD-2026-11279,2026-09-26 01:38:38,AGENT_10,Core (1-6mo),Fraud_Scams,Static_Image,0,Auto_Approved,4.2,64.8,0,Approve_Keep,0,0.0,None,0,0,Unauthorized credential harvesting page embedded in bio link
MOD-2026-12505,2026-09-26 02:02:02,AGENT_03,New Hire (<30d),Hate_Speech,Short_Video,0,Auto_Rejected,4.9,478.2,1,Remove_Delete,1,100.0,None,0,0,Dehumanizing memes comparing ethnic groups to biological pests
MOD-2026-11829,2026-09-26 02:02:32,AGENT_05,Core (1-6mo),Violence_HighRisk,Static_Image,1,Manual_Review,85.6,134.4,0,Approve_Keep,0,0.0,None,0,0,Dangerous weapons demonstration video flagged for policy violation
MOD-2026-10697,2026-09-26 02:02:41,AGENT_13,Senior (6mo+),Violence_HighRisk,Short_Video,1,Manual_Review,102.5,362.4,1,Approve_Keep,0,0.0,None,0,0,Self-harm reference in private broadcast requiring immediate crisis triage
MOD-2026-10173,2026-09-26 02:04:53,AGENT_11,Core (1-6mo),Fraud_Scams,Short_Video,0,Manual_Review,110.9,393.6,1,Remove_Delete,0,0.0,None,0,0,Phishing link impersonating official platform customer verification support
MOD-2026-11254,2026-09-26 02:11:28,AGENT_05,Core (1-6mo),Violence_HighRisk,Short_Video,1,Manual_Review,140.0,341.7,1,Content_Warning,0,0.0,None,0,0,Threatening physical altercation clip uploaded without contextual warning
MOD-2026-10609,2026-09-26 02:11:50,AGENT_07,Core (1-6mo),Spam_Commercial,Static_Image,0,Manual_Review,53.8,305.0,1,Approve_Keep,1,100.0,None,0,0,Automated script posting identical promotional link 120 times in forum
MOD-2026-11065,2026-09-26 02:24:08,AGENT_08,Core (1-6mo),Violence_HighRisk,Short_Video,1,Auto_Rejected,5.9,190.9,1,Remove_Delete,0,0.0,None,1,0,Reported altercation outside transit station with physical violence
MOD-2026-11418,2026-09-26 02:28:41,AGENT_01,New Hire (<30d),Emergency_TCO,Text_Post,1,Manual_Review,61.9,65.2,1,Remove_Delete,0,0.0,None,0,0,Suspected terrorist recruitment video uploaded across multiple hashtags
MOD-2026-12408,2026-09-26 02:30:02,AGENT_08,Core (1-6mo),Hate_Speech,Text_Post,0,Auto_Rejected,5.4,303.1,1,Remove_Delete,0,0.0,None,0,0,Incitement to boycott and harass private individual based on religion
MOD-2026-11433,2026-09-26 02:44:22,AGENT_12,Senior (6mo+),Spam_Commercial,Text_Post,0,Auto_Approved,4.0,48.1,0,Approve_Keep,0,0.0,None,0,0,Unsolicited commercial affiliate marketing message blast
MOD-2026-11164,2026-09-26 02:51:30,AGENT_05,Core (1-6mo),Hate_Speech,Text_Post,0,Auto_Approved,5.0,530.5,1,Approve_Keep,0,0.0,None,0,0,Dehumanizing memes comparing ethnic groups to biological pests
MOD-2026-10983,2026-09-26 02:54:31,AGENT_13,Senior (6mo+),Fraud_Scams,Static_Image,0,Manual_Review,37.1,153.1,0,Approve_Keep,0,0.0,None,0,0,Cryptocurrency investment scheme promising guaranteed 500% daily returns
MOD-2026-10093,2026-09-26 03:41:56,AGENT_12,Senior (6mo+),Violence_HighRisk,Text_Post,1,Tier2_Escalated,21.6,433.0,1,Approve_Keep,0,0.0,None,0,0,Self-harm reference in private broadcast requiring immediate crisis triage
MOD-2026-11452,2026-09-26 03:50:59,AGENT_12,Senior (6mo+),Violence_HighRisk,Static_Image,0,Tier2_Escalated,58.1,354.5,1,Remove_Delete,0,0.0,None,0,0,Reported altercation outside transit station with physical violence
MOD-2026-11792,2026-09-26 04:02:46,AGENT_08,Core (1-6mo),Violence_HighRisk,Short_Video,0,Manual_Review,223.7,389.2,1,Approve_Keep,0,0.0,None,0,0,Reported altercation outside transit station with physical violence
MOD-2026-11378,2026-09-26 04:40:49,AGENT_04,Core (1-6mo),Violence_HighRisk,Static_Image,1,Manual_Review,47.6,448.5,1,Remove_Delete,1,100.0,None,0,0,Dangerous weapons demonstration video flagged for policy violation
MOD-2026-10660,2026-09-26 04:52:47,AGENT_11,Core (1-6mo),Spam_Commercial,Short_Video,0,Auto_Rejected,2.6,90.9,0,Remove_Delete,1,100.0,None,0,0,Automated script posting identical promotional link 120 times in forum
MOD-2026-12701,2026-09-26 06:06:08,AGENT_11,Core (1-6mo),Fraud_Scams,Short_Video,0,Manual_Review,196.9,156.0,0,Remove_Delete,0,0.0,None,0,0,Gift card prize sweepstakes scam targeting senior account holders
MOD-2026-10078,2026-09-26 06:35:15,AGENT_07,Core (1-6mo),Violence_HighRisk,Short_Video,0,Manual_Review,266.1,392.7,1,Remove_Delete,0,0.0,None,0,0,Dangerous weapons demonstration video flagged for policy violation
MOD-2026-10105,2026-09-26 06:37:36,AGENT_12,Senior (6mo+),Hate_Speech,Static_Image,0,Manual_Review,33.6,229.6,0,Approve_Keep,1,100.0,None,0,0,Dehumanizing memes comparing ethnic groups to biological pests
MOD-2026-12768,2026-09-26 07:04:34,AGENT_13,Senior (6mo+),Violence_HighRisk,Short_Video,1,Manual_Review,129.6,238.8,1,Remove_Delete,0,0.0,None,1,0,Reported altercation outside transit station with physical violence
MOD-2026-11909,2026-09-26 07:25:30,AGENT_08,Core (1-6mo),Hate_Speech,Static_Image,0,Manual_Review,70.7,258.4,1,Approve_Keep,0,0.0,None,0,0,Coordinated brigading comments containing coded discriminatory dogwhistles
MOD-2026-12388,2026-09-26 07:34:10,AGENT_13,Senior (6mo+),Hate_Speech,Text_Post,0,Manual_Review,17.3,570.6,1,Approve_Keep,1,100.0,None,0,0,Derogatory slur targeting protected demographic in comment section
MOD-2026-10032,2026-09-26 07:40:50,AGENT_05,Core (1-6mo),Spam_Commercial,Static_Image,0,Manual_Review,27.5,296.5,1,Remove_Delete,1,100.0,None,0,0,Bulk account creation posting duplicate SEO spam articles
MOD-2026-11818,2026-09-26 07:44:12,AGENT_13,Senior (6mo+),Hate_Speech,Text_Post,0,Auto_Rejected,4.8,392.0,1,Remove_Delete,0,0.0,None,0,0,Coordinated brigading comments containing coded discriminatory dogwhistles
MOD-2026-11380,2026-09-26 07:47:32,AGENT_04,Core (1-6mo),Spam_Commercial,Text_Post,0,Auto_Rejected,3.5,195.0,0,Remove_Delete,0,0.0,None,0,0,Bulk account creation posting duplicate SEO spam articles
MOD-2026-12702,2026-09-26 08:04:22,AGENT_12,Senior (6mo+),Violence_HighRisk,Short_Video,1,Manual_Review,185.8,332.4,1,Remove_Delete,0,0.0,None,1,0,Dangerous weapons demonstration video flagged for policy violation
MOD-2026-11155,2026-09-26 08:23:30,AGENT_15,Senior (6mo+),Violence_HighRisk,Short_Video,1,Manual_Review,202.4,373.3,1,Remove_Delete,0,0.0,None,0,0,Graphic injury footage from sports accident flagged by audience
MOD-2026-12572,2026-09-26 08:55:10,AGENT_10,Core (1-6mo),Violence_HighRisk,Static_Image,0,Auto_Rejected,3.2,98.0,0,Remove_Delete,0,0.0,None,0,0,Dangerous weapons demonstration video flagged for policy violation
MOD-2026-10771,2026-09-26 09:19:38,AGENT_14,Senior (6mo+),Fraud_Scams,Text_Post,0,Manual_Review,20.6,271.5,1,Account_Suspend,0,0.0,None,0,0,Unauthorized credential harvesting page embedded in bio link
MOD-2026-10908,2026-09-26 09:31:20,AGENT_04,Core (1-6mo),Fraud_Scams,Static_Image,0,Manual_Review,61.5,281.7,1,Account_Suspend,0,0.0,None,0,0,Cryptocurrency investment scheme promising guaranteed 500% daily returns
MOD-2026-11610,2026-09-26 09:40:07,AGENT_12,Senior (6mo+),Spam_Commercial,Text_Post,0,Auto_Rejected,3.0,212.4,0,Remove_Delete,0,0.0,None,0,0,Automated script posting identical promotional link 120 times in forum
MOD-2026-11277,2026-09-26 09:46:20,AGENT_05,Core (1-6mo),Spam_Commercial,Text_Post,0,Auto_Approved,5.1,52.9,0,Approve_Keep,0,0.0,None,0,0,Bulk account creation posting duplicate SEO spam articles
MOD-2026-10847,2026-09-26 10:16:48,AGENT_11,Core (1-6mo),Fraud_Scams,Static_Image,0,Auto_Approved,3.8,240.3,1,Approve_Keep,0,0.0,None,0,0,Unauthorized credential harvesting page embedded in bio link
MOD-2026-12467,2026-09-26 10:23:56,AGENT_09,Core (1-6mo),Hate_Speech,Short_Video,1,Manual_Review,239.0,183.0,0,Remove_Delete,0,0.0,None,0,0,Derogatory slur targeting protected demographic in comment section
MOD-2026-12336,2026-09-26 10:49:53,AGENT_15,Senior (6mo+),Violence_HighRisk,Short_Video,1,Auto_Rejected,2.7,299.7,1,Remove_Delete,0,0.0,None,0,0,Self-harm reference in private broadcast requiring immediate crisis triage
MOD-2026-10298,2026-09-26 10:51:37,AGENT_12,Senior (6mo+),Violence_HighRisk,Short_Video,1,Tier2_Escalated,214.0,294.9,1,Approve_Keep,0,0.0,None,0,0,Self-harm reference in private broadcast requiring immediate crisis triage
MOD-2026-10481,2026-09-26 11:04:53,AGENT_01,New Hire (<30d),Hate_Speech,Text_Post,0,Manual_Review,51.8,434.3,1,Approve_Keep,1,100.0,None,0,0,Coordinated brigading comments containing coded discriminatory dogwhistles
MOD-2026-11969,2026-09-26 11:10:19,AGENT_10,Core (1-6mo),Violence_HighRisk,Short_Video,1,Manual_Review,233.8,269.8,1,Remove_Delete,0,0.0,None,0,0,Graphic injury footage from sports accident flagged by audience
MOD-2026-10883,2026-09-26 11:10:47,AGENT_01,New Hire (<30d),Fraud_Scams,Text_Post,0,Manual_Review,24.8,93.7,0,Remove_Delete,0,0.0,None,0,0,Gift card prize sweepstakes scam targeting senior account holders
MOD-2026-11525,2026-09-26 11:16:54,AGENT_13,Senior (6mo+),Hate_Speech,Text_Post,0,Manual_Review,18.5,142.5,0,Remove_Delete,0,0.0,None,0,0,Incitement to boycott and harass private individual based on religion
MOD-2026-10089,2026-09-26 12:05:46,AGENT_14,Senior (6mo+),Violence_HighRisk,Static_Image,1,Tier2_Escalated,70.2,164.8,0,Content_Warning,0,0.0,None,0,0,Graphic injury footage from sports accident flagged by audience
MOD-2026-12115,2026-09-26 12:13:40,AGENT_07,Core (1-6mo),Hate_Speech,Text_Post,0,Auto_Rejected,5.8,84.0,0,Remove_Delete,0,0.0,None,0,0,Dehumanizing memes comparing ethnic groups to biological pests
MOD-2026-11962,2026-09-26 12:15:11,AGENT_07,Core (1-6mo),Violence_HighRisk,Short_Video,1,Manual_Review,231.8,227.5,1,Account_Suspend,0,0.0,None,0,0,Graphic injury footage from sports accident flagged by audience
MOD-2026-11717,2026-09-26 12:18:30,AGENT_14,Senior (6mo+),Hate_Speech,Static_Image,0,Auto_Rejected,2.6,364.2,1,Remove_Delete,0,0.0,None,0,0,Incitement to boycott and harass private individual based on religion
MOD-2026-11336,2026-09-26 12:26:35,AGENT_03,New Hire (<30d),Violence_HighRisk,Live_Stream,1,Auto_Approved,4.6,462.7,1,Approve_Keep,0,0.0,None,0,0,Dangerous weapons demonstration video flagged for policy violation
MOD-2026-12710,2026-09-26 12:36:55,AGENT_10,Core (1-6mo),Emergency_TCO,Live_Stream,1,Manual_Review,299.5,104.9,1,Remove_Delete,0,0.0,None,0,0,Emergency legal escalation concerning imminent threat of platform violence
MOD-2026-10976,2026-09-26 12:38:23,AGENT_10,Core (1-6mo),Violence_HighRisk,Short_Video,1,Auto_Approved,3.7,229.2,1,Approve_Keep,0,0.0,None,0,0,Threatening physical altercation clip uploaded without contextual warning
MOD-2026-12325,2026-09-26 12:47:12,AGENT_11,Core (1-6mo),Spam_Commercial,Static_Image,0,Auto_Approved,3.1,226.2,0,Approve_Keep,1,100.0,None,0,0,Keyword stuffing and hidden redirects on promotional landing page
MOD-2026-12717,2026-09-26 12:54:14,AGENT_09,Core (1-6mo),Violence_HighRisk,Short_Video,1,Manual_Review,168.0,226.3,1,Remove_Delete,0,0.0,None,0,0,Graphic injury footage from sports accident flagged by audience
MOD-2026-11035,2026-09-26 13:06:58,AGENT_14,Senior (6mo+),Spam_Commercial,Static_Image,0,Auto_Approved,3.0,135.7,0,Approve_Keep,0,0.0,None,0,0,Automated script posting identical promotional link 120 times in forum
MOD-2026-12353,2026-09-26 13:17:26,AGENT_14,Senior (6mo+),Emergency_TCO,Text_Post,1,Tier2_Escalated,20.5,82.7,1,Remove_Delete,0,0.0,None,0,0,Urgent notice-and-action request under EU 1-hour removal mandate
MOD-2026-12020,2026-09-26 14:27:01,AGENT_14,Senior (6mo+),Violence_HighRisk,Text_Post,1,Tier2_Escalated,24.3,64.3,0,Content_Warning,0,0.0,None,0,0,Threatening physical altercation clip uploaded without contextual warning
MOD-2026-10675,2026-09-26 14:30:37,AGENT_07,Core (1-6mo),Hate_Speech,Text_Post,0,Auto_Rejected,5.0,391.4,1,Remove_Delete,0,0.0,None,0,0,Nuanced political satire flagged by automated keyword filter as hate
MOD-2026-11652,2026-09-26 14:38:13,AGENT_13,Senior (6mo+),Spam_Commercial,Short_Video,0,Auto_Rejected,2.6,123.5,0,Remove_Delete,0,0.0,None,0,0,Keyword stuffing and hidden redirects on promotional landing page
MOD-2026-11337,2026-09-26 14:51:14,AGENT_10,Core (1-6mo),Violence_HighRisk,Text_Post,1,Manual_Review,32.3,56.7,0,Remove_Delete,0,0.0,None,0,0,Dangerous weapons demonstration video flagged for policy violation
MOD-2026-11331,2026-09-26 14:58:11,AGENT_14,Senior (6mo+),Spam_Commercial,Text_Post,0,Tier2_Escalated,19.0,114.9,0,Remove_Delete,0,0.0,None,1,1,Automated script posting identical promotional link 120 times in forum
MOD-2026-11976,2026-09-26 15:38:32,AGENT_06,Core (1-6mo),Hate_Speech,Live_Stream,0,Auto_Approved,4.0,84.3,0,Approve_Keep,0,0.0,None,0,0,Coordinated brigading comments containing coded discriminatory dogwhistles
MOD-2026-10294,2026-09-26 15:44:30,AGENT_13,Senior (6mo+),Emergency_TCO,Short_Video,1,Tier2_Escalated,153.5,36.5,0,Account_Suspend,0,0.0,None,0,0,Emergency legal escalation concerning imminent threat of platform violence
MOD-2026-12532,2026-09-26 15:53:33,AGENT_14,Senior (6mo+),Emergency_TCO,Short_Video,1,Tier2_Escalated,96.1,35.1,0,Remove_Delete,0,0.0,None,0,0,Urgent notice-and-action request under EU 1-hour removal mandate
MOD-2026-12300,2026-09-26 15:54:21,AGENT_13,Senior (6mo+),Hate_Speech,Static_Image,1,Auto_Approved,5.2,504.4,1,Approve_Keep,0,0.0,None,0,0,Coordinated brigading comments containing coded discriminatory dogwhistles
MOD-2026-12217,2026-09-26 15:56:42,AGENT_14,Senior (6mo+),Violence_HighRisk,Short_Video,1,Auto_Rejected,5.5,381.4,1,Remove_Delete,0,0.0,None,0,0,Threatening physical altercation clip uploaded without contextual warning
MOD-2026-12251,2026-09-26 16:14:20,AGENT_10,Core (1-6mo),Violence_HighRisk,Short_Video,1,Manual_Review,213.1,340.3,1,Content_Warning,0,0.0,None,0,0,Self-harm reference in private broadcast requiring immediate crisis triage
MOD-2026-10404,2026-09-26 16:16:43,AGENT_05,Core (1-6mo),Fraud_Scams,Text_Post,0,Manual_Review,28.8,248.4,1,Account_Suspend,0,0.0,None,0,0,Counterfeit luxury goods listing utilizing stolen trademark imagery
MOD-2026-10094,2026-09-26 16:19:05,AGENT_14,Senior (6mo+),Hate_Speech,Static_Image,0,Manual_Review,50.1,290.9,1,Account_Suspend,1,100.0,None,0,0,Dehumanizing memes comparing ethnic groups to biological pests
MOD-2026-11323,2026-09-26 16:30:36,AGENT_15,Senior (6mo+),Hate_Speech,Text_Post,0,Manual_Review,30.4,477.5,1,Content_Warning,1,100.0,None,0,0,Nuanced political satire flagged by automated keyword filter as hate
MOD-2026-10382,2026-09-26 17:05:47,AGENT_15,Senior (6mo+),Spam_Commercial,Text_Post,0,Auto_Approved,2.6,327.0,1,Approve_Keep,0,0.0,None,0,0,Automated script posting identical promotional link 120 times in forum
MOD-2026-11403,2026-09-26 17:06:07,AGENT_14,Senior (6mo+),Spam_Commercial,Text_Post,0,Auto_Rejected,3.2,151.5,0,Remove_Delete,0,0.0,None,1,0,Bulk account creation posting duplicate SEO spam articles
MOD-2026-12384,2026-09-26 17:12:32,AGENT_14,Senior (6mo+),Hate_Speech,Text_Post,0,Auto_Approved,4.1,124.2,0,Approve_Keep,0,0.0,None,0,0,Incitement to boycott and harass private individual based on religion
MOD-2026-10891,2026-09-26 17:13:38,AGENT_03,New Hire (<30d),Hate_Speech,Text_Post,0,Manual_Review,36.2,543.0,1,Remove_Delete,0,0.0,None,0,0,Derogatory slur targeting protected demographic in comment section
MOD-2026-11708,2026-09-26 17:29:05,AGENT_10,Core (1-6mo),Violence_HighRisk,Short_Video,0,Auto_Rejected,4.4,383.4,1,Remove_Delete,0,0.0,None,0,0,Graphic injury footage from sports accident flagged by audience
MOD-2026-12495,2026-09-26 17:34:01,AGENT_15,Senior (6mo+),Fraud_Scams,Static_Image,0,Manual_Review,52.0,222.0,0,Escalate,0,0.0,None,0,0,Counterfeit luxury goods listing utilizing stolen trademark imagery
MOD-2026-12558,2026-09-26 17:52:34,AGENT_01,New Hire (<30d),Emergency_TCO,Text_Post,1,Manual_Review,57.1,70.1,1,Escalate,0,0.0,None,0,0,Emergency legal escalation concerning imminent threat of platform violence
MOD-2026-12326,2026-09-26 19:04:51,AGENT_05,Core (1-6mo),Violence_HighRisk,Live_Stream,1,Auto_Approved,3.8,471.2,1,Approve_Keep,0,0.0,None,0,0,Self-harm reference in private broadcast requiring immediate crisis triage
MOD-2026-11142,2026-09-26 19:17:09,AGENT_12,Senior (6mo+),Violence_HighRisk,Static_Image,0,Manual_Review,47.5,162.6,0,Remove_Delete,0,0.0,None,0,0,Graphic injury footage from sports accident flagged by audience
MOD-2026-10330,2026-09-26 19:21:45,AGENT_12,Senior (6mo+),Fraud_Scams,Static_Image,0,Auto_Approved,5.9,349.4,1,Approve_Keep,1,100.0,None,0,0,Unauthorized credential harvesting page embedded in bio link
MOD-2026-10410,2026-09-26 19:27:06,AGENT_02,New Hire (<30d),Fraud_Scams,Static_Image,0,Manual_Review,46.3,164.1,0,Remove_Delete,0,0.0,None,0,0,Gift card prize sweepstakes scam targeting senior account holders
MOD-2026-10810,2026-09-26 20:30:25,AGENT_11,Core (1-6mo),Hate_Speech,Text_Post,0,Auto_Rejected,4.4,473.2,1,Remove_Delete,1,100.0,None,0,0,Dehumanizing memes comparing ethnic groups to biological pests
MOD-2026-10666,2026-09-26 20:32:04,AGENT_06,Core (1-6mo),Emergency_TCO,Static_Image,1,Auto_Rejected,4.3,41.5,0,Remove_Delete,0,0.0,None,0,0,Coordinated tactical propaganda audio recording flagged by intelligence unit
MOD-2026-11984,2026-09-26 20:48:36,AGENT_15,Senior (6mo+),Emergency_TCO,Short_Video,1,Manual_Review,192.9,123.1,1,Remove_Delete,0,0.0,None,0,0,Suspected terrorist recruitment video uploaded across multiple hashtags
MOD-2026-11484,2026-09-26 20:54:53,AGENT_15,Senior (6mo+),Hate_Speech,Static_Image,0,Tier2_Escalated,34.9,86.5,0,Remove_Delete,0,0.0,None,0,0,Dehumanizing memes comparing ethnic groups to biological pests
MOD-2026-10133,2026-09-26 21:07:39,AGENT_07,Core (1-6mo),Violence_HighRisk,Static_Image,1,Auto_Approved,4.7,82.2,0,Approve_Keep,0,0.0,None,0,0,Threatening physical altercation clip uploaded without contextual warning
MOD-2026-10028,2026-09-26 21:30:05,AGENT_03,New Hire (<30d),Spam_Commercial,Text_Post,0,Auto_Approved,3.4,311.3,1,Approve_Keep,0,0.0,None,0,0,Bulk account creation posting duplicate SEO spam articles
MOD-2026-10308,2026-09-26 21:46:14,AGENT_04,Core (1-6mo),Spam_Commercial,Static_Image,0,Auto_Rejected,4.9,342.0,1,Remove_Delete,0,0.0,None,0,0,Keyword stuffing and hidden redirects on promotional landing page
MOD-2026-11057,2026-09-26 22:04:18,AGENT_06,Core (1-6mo),Hate_Speech,Text_Post,0,Auto_Approved,5.0,214.4,0,Approve_Keep,0,0.0,None,0,0,Coordinated brigading comments containing coded discriminatory dogwhistles
MOD-2026-10188,2026-09-26 22:08:41,AGENT_05,Core (1-6mo),Hate_Speech,Short_Video,0,Auto_Rejected,5.6,472.7,1,Remove_Delete,1,100.0,None,0,0,Derogatory slur targeting protected demographic in comment section
MOD-2026-12359,2026-09-26 22:44:28,AGENT_07,Core (1-6mo),Fraud_Scams,Static_Image,0,Auto_Approved,5.3,286.6,1,Approve_Keep,0,0.0,None,0,0,Cryptocurrency investment scheme promising guaranteed 500% daily returns
MOD-2026-12111,2026-09-26 22:48:19,AGENT_03,New Hire (<30d),Violence_HighRisk,Text_Post,1,Auto_Rejected,4.8,227.6,1,Remove_Delete,0,0.0,None,0,0,Graphic injury footage from sports accident flagged by audience
MOD-2026-12297,2026-09-26 23:37:45,AGENT_05,Core (1-6mo),Violence_HighRisk,Static_Image,0,Auto_Approved,4.3,388.9,1,Approve_Keep,0,0.0,None,0,0,Dangerous weapons demonstration video flagged for policy violation
MOD-2026-11951,2026-09-26 23:52:20,AGENT_04,Core (1-6mo),Fraud_Scams,Short_Video,0,Manual_Review,218.5,364.8,1,Content_Warning,1,100.0,None,0,0,Counterfeit luxury goods listing utilizing stolen trademark imagery
MOD-2026-10328,2026-09-27 00:19:13,AGENT_01,New Hire (<30d),Fraud_Scams,Text_Post,0,Manual_Review,24.6,88.2,0,Remove_Delete,0,0.0,None,0,0,Gift card prize sweepstakes scam targeting senior account holders
MOD-2026-12655,2026-09-27 00:22:34,AGENT_04,Core (1-6mo),Violence_HighRisk,Short_Video,0,Auto_Rejected,4.1,206.4,1,Remove_Delete,0,0.0,None,0,0,Reported altercation outside transit station with physical violence
MOD-2026-12618,2026-09-27 00:25:32,AGENT_08,Core (1-6mo),Violence_HighRisk,Short_Video,1,Manual_Review,178.2,413.3,1,Remove_Delete,0,0.0,None,0,0,Reported altercation outside transit station with physical violence
MOD-2026-10720,2026-09-27 00:26:42,AGENT_05,Core (1-6mo),Hate_Speech,Text_Post,0,Manual_Review,31.3,174.6,0,Approve_Keep,0,0.0,None,0,0,Incitement to boycott and harass private individual based on religion
MOD-2026-12634,2026-09-27 00:38:36,AGENT_11,Core (1-6mo),Fraud_Scams,Static_Image,0,Manual_Review,43.3,129.0,0,Account_Suspend,0,0.0,None,0,0,Counterfeit luxury goods listing utilizing stolen trademark imagery
MOD-2026-12224,2026-09-27 00:43:13,AGENT_13,Senior (6mo+),Violence_HighRisk,Static_Image,0,Tier2_Escalated,34.1,459.4,1,Approve_Keep,0,0.0,None,0,0,Self-harm reference in private broadcast requiring immediate crisis triage
MOD-2026-10994,2026-09-27 00:54:41,AGENT_05,Core (1-6mo),Fraud_Scams,Static_Image,0,Manual_Review,74.2,302.0,1,Account_Suspend,1,100.0,None,0,0,Phishing link impersonating official platform customer verification support
MOD-2026-11107,2026-09-27 01:52:35,AGENT_15,Senior (6mo+),Hate_Speech,Text_Post,1,Manual_Review,37.5,273.3,1,Remove_Delete,0,0.0,None,0,0,Incitement to boycott and harass private individual based on religion
MOD-2026-12208,2026-09-27 02:09:52,AGENT_02,New Hire (<30d),Violence_HighRisk,Static_Image,1,Manual_Review,92.3,304.7,1,Approve_Keep,0,0.0,None,0,0,Self-harm reference in private broadcast requiring immediate crisis triage
MOD-2026-10237,2026-09-27 02:51:02,AGENT_01,New Hire (<30d),Violence_HighRisk,Static_Image,1,Auto_Rejected,4.4,309.5,1,Remove_Delete,0,0.0,None,0,0,Graphic injury footage from sports accident flagged by audience
MOD-2026-10368,2026-09-27 03:00:51,AGENT_11,Core (1-6mo),Violence_HighRisk,Static_Image,0,Manual_Review,61.2,413.0,1,Approve_Keep,0,0.0,None,0,0,Threatening physical altercation clip uploaded without contextual warning
MOD-2026-10814,2026-09-27 03:03:14,AGENT_08,Core (1-6mo),Spam_Commercial,Text_Post,0,Auto_Approved,4.0,88.8,0,Approve_Keep,0,0.0,None,0,0,Automated script posting identical promotional link 120 times in forum
MOD-2026-10879,2026-09-27 03:06:11,AGENT_05,Core (1-6mo),Hate_Speech,Static_Image,1,Manual_Review,81.5,433.6,1,Remove_Delete,0,0.0,None,0,0,Derogatory slur targeting protected demographic in comment section
MOD-2026-12089,2026-09-27 03:08:15,AGENT_11,Core (1-6mo),Violence_HighRisk,Static_Image,0,Manual_Review,61.8,341.1,1,Remove_Delete,0,0.0,None,0,0,Self-harm reference in private broadcast requiring immediate crisis triage
MOD-2026-12434,2026-09-27 03:17:16,AGENT_13,Senior (6mo+),Hate_Speech,Static_Image,0,Manual_Review,56.9,334.1,1,Approve_Keep,0,0.0,None,0,0,Coordinated brigading comments containing coded discriminatory dogwhistles
MOD-2026-12346,2026-09-27 03:24:44,AGENT_10,Core (1-6mo),Fraud_Scams,Text_Post,0,Manual_Review,29.7,87.2,0,Remove_Delete,0,0.0,None,0,0,Gift card prize sweepstakes scam targeting senior account holders
MOD-2026-12669,2026-09-27 03:28:34,AGENT_11,Core (1-6mo),Violence_HighRisk,Short_Video,0,Manual_Review,153.7,393.2,1,Remove_Delete,0,0.0,None,0,0,Dangerous weapons demonstration video flagged for policy violation
MOD-2026-10819,2026-09-27 03:45:54,AGENT_13,Senior (6mo+),Violence_HighRisk,Static_Image,1,Auto_Rejected,3.4,353.8,1,Remove_Delete,0,0.0,None,0,0,Threatening physical altercation clip uploaded without contextual warning
MOD-2026-12617,2026-09-27 04:03:34,AGENT_02,New Hire (<30d),Spam_Commercial,Static_Image,0,Auto_Rejected,5.6,64.5,0,Remove_Delete,0,0.0,None,0,0,Automated script posting identical promotional link 120 times in forum
MOD-2026-11570,2026-09-27 04:05:51,AGENT_12,Senior (6mo+),Violence_HighRisk,Short_Video,1,Manual_Review,118.7,139.2,0,Content_Warning,1,100.0,None,0,0,Threatening physical altercation clip uploaded without contextual warning
MOD-2026-10258,2026-09-27 04:11:57,AGENT_02,New Hire (<30d),Violence_HighRisk,Text_Post,0,Manual_Review,48.6,272.8,1,Approve_Keep,0,0.0,None,0,0,Dangerous weapons demonstration video flagged for policy violation
MOD-2026-12084,2026-09-27 04:14:38,AGENT_10,Core (1-6mo),Violence_HighRisk,Short_Video,0,Manual_Review,218.4,126.0,0,Remove_Delete,0,0.0,None,0,0,Dangerous weapons demonstration video flagged for policy violation
MOD-2026-12629,2026-09-27 04:50:55,AGENT_02,New Hire (<30d),Spam_Commercial,Text_Post,0,Auto_Approved,5.1,158.1,0,Approve_Keep,0,0.0,None,0,0,Automated script posting identical promotional link 120 times in forum
MOD-2026-11325,2026-09-27 05:06:33,AGENT_03,New Hire (<30d),Spam_Commercial,Text_Post,0,Auto_Rejected,4.6,256.6,1,Remove_Delete,0,0.0,None,0,0,Automated script posting identical promotional link 120 times in forum
MOD-2026-10871,2026-09-27 05:06:50,AGENT_01,New Hire (<30d),Emergency_TCO,Static_Image,1,Auto_Rejected,4.9,57.7,0,Remove_Delete,0,0.0,None,1,1,Coordinated tactical propaganda audio recording flagged by intelligence unit
MOD-2026-10991,2026-09-27 05:36:45,AGENT_05,Core (1-6mo),Hate_Speech,Static_Image,0,Auto_Approved,3.5,330.8,1,Approve_Keep,0,0.0,None,0,0,Dehumanizing memes comparing ethnic groups to biological pests
MOD-2026-12006,2026-09-27 05:42:03,AGENT_15,Senior (6mo+),Hate_Speech,Live_Stream,1,Manual_Review,266.6,573.5,1,Approve_Keep,0,0.0,None,0,0,Incitement to boycott and harass private individual based on religion
MOD-2026-10595,2026-09-27 05:46:47,AGENT_11,Core (1-6mo),Violence_HighRisk,Short_Video,1,Auto_Rejected,4.4,285.0,1,Remove_Delete,0,0.0,None,0,0,Dangerous weapons demonstration video flagged for policy violation
MOD-2026-12564,2026-09-27 06:16:35,AGENT_04,Core (1-6mo),Violence_HighRisk,Short_Video,0,Manual_Review,275.2,161.4,0,Content_Warning,0,0.0,None,0,0,Threatening physical altercation clip uploaded without contextual warning
MOD-2026-11514,2026-09-27 06:24:35,AGENT_14,Senior (6mo+),Hate_Speech,Static_Image,0,Auto_Approved,4.8,541.7,1,Approve_Keep,0,0.0,None,0,0,Incitement to boycott and harass private individual based on religion
MOD-2026-12732,2026-09-27 06:25:27,AGENT_14,Senior (6mo+),Hate_Speech,Text_Post,1,Auto_Approved,4.9,227.4,0,Approve_Keep,0,0.0,None,0,0,Incitement to boycott and harass private individual based on religion
MOD-2026-11156,2026-09-27 06:31:04,AGENT_06,Core (1-6mo),Hate_Speech,Short_Video,0,Auto_Rejected,4.9,246.9,1,Remove_Delete,0,0.0,None,0,0,Coordinated brigading comments containing coded discriminatory dogwhistles
MOD-2026-10914,2026-09-27 06:42:11,AGENT_08,Core (1-6mo),Violence_HighRisk,Short_Video,1,Manual_Review,150.0,97.1,0,Remove_Delete,0,0.0,None,0,0,Graphic injury footage from sports accident flagged by audience
MOD-2026-11654,2026-09-27 06:43:00,AGENT_12,Senior (6mo+),Hate_Speech,Text_Post,0,Manual_Review,22.9,295.3,1,Approve_Keep,0,0.0,None,0,0,Nuanced political satire flagged by automated keyword filter as hate
MOD-2026-11196,2026-09-27 07:03:52,AGENT_11,Core (1-6mo),Violence_HighRisk,Short_Video,1,Manual_Review,134.9,474.0,1,Remove_Delete,0,0.0,None,0,0,Self-harm reference in private broadcast requiring immediate crisis triage
MOD-2026-10735,2026-09-27 07:24:20,AGENT_07,Core (1-6mo),Hate_Speech,Short_Video,1,Manual_Review,205.7,105.5,0,Content_Warning,0,0.0,None,0,0,Coordinated brigading comments containing coded discriminatory dogwhistles
MOD-2026-12750,2026-09-27 07:47:19,AGENT_07,Core (1-6mo),Fraud_Scams,Short_Video,0,Manual_Review,107.1,219.6,0,Remove_Delete,0,0.0,None,0,0,Cryptocurrency investment scheme promising guaranteed 500% daily returns
MOD-2026-12052,2026-09-27 07:53:39,AGENT_03,New Hire (<30d),Emergency_TCO,Short_Video,1,Auto_Rejected,4.1,52.0,0,Remove_Delete,0,0.0,None,0,0,Emergency legal escalation concerning imminent threat of platform violence
MOD-2026-11590,2026-09-27 08:18:27,AGENT_02,New Hire (<30d),Emergency_TCO,Short_Video,1,Manual_Review,168.2,128.2,1,Remove_Delete,0,0.0,None,0,0,Suspected terrorist recruitment video uploaded across multiple hashtags
MOD-2026-10869,2026-09-27 08:36:53,AGENT_15,Senior (6mo+),Violence_HighRisk,Static_Image,1,Tier2_Escalated,40.7,370.9,1,Approve_Keep,0,0.0,None,0,0,Self-harm reference in private broadcast requiring immediate crisis triage
MOD-2026-11458,2026-09-27 08:39:26,AGENT_09,Core (1-6mo),Emergency_TCO,Short_Video,1,Manual_Review,260.6,99.7,1,Remove_Delete,0,0.0,None,0,0,Emergency legal escalation concerning imminent threat of platform violence
MOD-2026-11940,2026-09-27 08:49:14,AGENT_13,Senior (6mo+),Violence_HighRisk,Live_Stream,1,Manual_Review,243.4,279.9,1,Remove_Delete,0,0.0,None,0,0,Graphic injury footage from sports accident flagged by audience
MOD-2026-10896,2026-09-27 09:01:51,AGENT_14,Senior (6mo+),Spam_Commercial,Text_Post,0,Auto_Rejected,2.9,178.7,0,Remove_Delete,0,0.0,None,0,0,Automated script posting identical promotional link 120 times in forum
MOD-2026-10320,2026-09-27 09:15:23,AGENT_15,Senior (6mo+),Spam_Commercial,Live_Stream,0,Auto_Approved,5.1,98.0,0,Approve_Keep,0,0.0,None,0,0,Bulk account creation posting duplicate SEO spam articles
MOD-2026-12271,2026-09-27 09:27:12,AGENT_09,Core (1-6mo),Violence_HighRisk,Short_Video,1,Auto_Rejected,5.7,212.7,1,Remove_Delete,0,0.0,None,1,1,Reported altercation outside transit station with physical violence
MOD-2026-12158,2026-09-27 09:50:00,AGENT_09,Core (1-6mo),Hate_Speech,Text_Post,1,Auto_Rejected,3.9,579.4,1,Remove_Delete,0,0.0,None,0,0,Derogatory slur targeting protected demographic in comment section
MOD-2026-12247,2026-09-27 10:13:55,AGENT_01,New Hire (<30d),Violence_HighRisk,Short_Video,0,Manual_Review,278.2,363.3,1,Remove_Delete,0,0.0,None,0,0,Graphic injury footage from sports accident flagged by audience
MOD-2026-10142,2026-09-27 10:44:32,AGENT_11,Core (1-6mo),Violence_HighRisk,Live_Stream,0,Auto_Approved,4.3,374.6,1,Approve_Keep,0,0.0,None,0,0,Reported altercation outside transit station with physical violence
MOD-2026-12799,2026-09-27 11:02:16,AGENT_11,Core (1-6mo),Hate_Speech,Text_Post,0,Manual_Review,24.0,291.8,1,Approve_Keep,0,0.0,None,0,0,Incitement to boycott and harass private individual based on religion
MOD-2026-11309,2026-09-27 11:26:16,AGENT_10,Core (1-6mo),Spam_Commercial,Static_Image,0,Auto_Rejected,5.1,277.2,1,Remove_Delete,0,0.0,None,0,0,Automated script posting identical promotional link 120 times in forum
MOD-2026-12420,2026-09-27 11:34:15,AGENT_07,Core (1-6mo),Hate_Speech,Static_Image,0,Auto_Approved,5.4,302.7,1,Approve_Keep,0,0.0,None,0,0,Coordinated brigading comments containing coded discriminatory dogwhistles
MOD-2026-11749,2026-09-27 12:06:54,AGENT_01,New Hire (<30d),Spam_Commercial,Text_Post,0,Auto_Approved,2.7,142.2,0,Approve_Keep,0,0.0,None,0,0,Keyword stuffing and hidden redirects on promotional landing page
MOD-2026-10828,2026-09-27 12:07:24,AGENT_01,New Hire (<30d),Violence_HighRisk,Short_Video,0,Manual_Review,192.7,172.2,0,Escalate,0,0.0,None,0,0,Self-harm reference in private broadcast requiring immediate crisis triage
MOD-2026-12430,2026-09-27 12:53:48,AGENT_12,Senior (6mo+),Spam_Commercial,Text_Post,0,Auto_Rejected,5.8,193.3,0,Remove_Delete,0,0.0,None,0,0,Keyword stuffing and hidden redirects on promotional landing page
MOD-2026-10778,2026-09-27 13:05:52,AGENT_02,New Hire (<30d),Spam_Commercial,Text_Post,0,Auto_Approved,3.7,256.1,1,Approve_Keep,0,0.0,None,0,0,Automated script posting identical promotional link 120 times in forum
MOD-2026-11941,2026-09-27 13:25:30,AGENT_03,New Hire (<30d),Fraud_Scams,Static_Image,0,Manual_Review,41.0,224.9,0,Remove_Delete,0,0.0,None,0,0,Cryptocurrency investment scheme promising guaranteed 500% daily returns
MOD-2026-11723,2026-09-27 13:46:14,AGENT_10,Core (1-6mo),Spam_Commercial,Text_Post,0,Auto_Rejected,5.3,129.2,0,Remove_Delete,0,0.0,None,0,0,Repetitive bot activity promoting unverified pharmaceutical supplements
MOD-2026-10656,2026-09-27 14:06:18,AGENT_02,New Hire (<30d),Spam_Commercial,Short_Video,0,Manual_Review,168.2,262.6,1,Content_Warning,1,100.0,None,0,0,Unsolicited commercial affiliate marketing message blast
MOD-2026-10015,2026-09-27 14:25:24,AGENT_02,New Hire (<30d),Spam_Commercial,Text_Post,0,Auto_Approved,4.6,122.1,0,Approve_Keep,0,0.0,None,0,0,Automated script posting identical promotional link 120 times in forum
MOD-2026-11184,2026-09-27 14:26:00,AGENT_11,Core (1-6mo),Fraud_Scams,Static_Image,0,Manual_Review,70.4,320.7,1,Remove_Delete,0,0.0,None,0,0,Gift card prize sweepstakes scam targeting senior account holders
MOD-2026-11719,2026-09-27 14:29:11,AGENT_01,New Hire (<30d),Spam_Commercial,Text_Post,0,Auto_Approved,5.4,58.6,0,Approve_Keep,0,0.0,None,0,0,Repetitive bot activity promoting unverified pharmaceutical supplements
MOD-2026-12440,2026-09-27 15:02:42,AGENT_07,Core (1-6mo),Fraud_Scams,Text_Post,0,Manual_Review,28.2,313.3,1,Approve_Keep,0,0.0,None,0,0,Counterfeit luxury goods listing utilizing stolen trademark imagery
MOD-2026-10972,2026-09-27 16:31:53,AGENT_09,Core (1-6mo),Violence_HighRisk,Text_Post,1,Manual_Review,29.3,80.4,0,Account_Suspend,0,0.0,None,0,0,Graphic injury footage from sports accident flagged by audience
MOD-2026-12680,2026-09-27 16:35:28,AGENT_13,Senior (6mo+),Violence_HighRisk,Short_Video,0,Tier2_Escalated,140.0,148.1,0,Remove_Delete,0,0.0,None,0,0,Self-harm reference in private broadcast requiring immediate crisis triage
MOD-2026-10671,2026-09-27 16:43:49,AGENT_07,Core (1-6mo),Fraud_Scams,Short_Video,0,Manual_Review,193.5,90.4,0,Remove_Delete,0,0.0,None,0,0,Gift card prize sweepstakes scam targeting senior account holders
MOD-2026-11576,2026-09-27 17:16:05,AGENT_06,Core (1-6mo),Hate_Speech,Text_Post,0,Manual_Review,47.0,225.1,0,Approve_Keep,0,0.0,None,0,0,Incitement to boycott and harass private individual based on religion
MOD-2026-10766,2026-09-27 17:29:17,AGENT_03,New Hire (<30d),Fraud_Scams,Static_Image,0,Manual_Review,44.6,68.7,0,Remove_Delete,1,75.0,False_Positive,0,0,Phishing link impersonating official platform customer verification support
MOD-2026-11203,2026-09-27 17:43:41,AGENT_14,Senior (6mo+),Hate_Speech,Text_Post,0,Tier2_Escalated,36.1,585.8,1,Content_Warning,1,100.0,None,0,0,Nuanced political satire flagged by automated keyword filter as hate
MOD-2026-11955,2026-09-27 18:14:43,AGENT_10,Core (1-6mo),Violence_HighRisk,Text_Post,0,Manual_Review,27.0,183.1,1,Remove_Delete,0,0.0,None,0,0,Dangerous weapons demonstration video flagged for policy violation
MOD-2026-11460,2026-09-27 18:16:29,AGENT_08,Core (1-6mo),Violence_HighRisk,Live_Stream,1,Manual_Review,287.9,138.9,0,Content_Warning,0,0.0,None,1,0,Graphic injury footage from sports accident flagged by audience
MOD-2026-10524,2026-09-27 18:28:47,AGENT_10,Core (1-6mo),Fraud_Scams,Text_Post,0,Auto_Approved,5.2,43.9,0,Approve_Keep,0,0.0,None,0,0,Phishing link impersonating official platform customer verification support
MOD-2026-11856,2026-09-27 18:31:14,AGENT_15,Senior (6mo+),Violence_HighRisk,Text_Post,1,Auto_Rejected,2.6,114.8,0,Remove_Delete,0,0.0,None,0,0,Self-harm reference in private broadcast requiring immediate crisis triage
MOD-2026-12040,2026-09-27 19:21:38,AGENT_12,Senior (6mo+),Hate_Speech,Text_Post,0,Auto_Rejected,2.8,496.2,1,Remove_Delete,0,0.0,None,0,0,Nuanced political satire flagged by automated keyword filter as hate
MOD-2026-10019,2026-09-27 20:17:05,AGENT_11,Core (1-6mo),Spam_Commercial,Static_Image,0,Auto_Approved,5.4,395.5,1,Approve_Keep,0,0.0,None,0,0,Unsolicited commercial affiliate marketing message blast
MOD-2026-10963,2026-09-27 20:45:49,AGENT_05,Core (1-6mo),Fraud_Scams,Short_Video,0,Manual_Review,194.9,127.4,0,Account_Suspend,0,0.0,None,0,0,Phishing link impersonating official platform customer verification support
MOD-2026-10082,2026-09-27 20:55:22,AGENT_01,New Hire (<30d),Violence_HighRisk,Static_Image,1,Manual_Review,76.8,215.0,1,Approve_Keep,0,0.0,None,0,0,Self-harm reference in private broadcast requiring immediate crisis triage
MOD-2026-10558,2026-09-27 21:08:03,AGENT_01,New Hire (<30d),Fraud_Scams,Text_Post,0,Auto_Approved,3.3,387.6,1,Approve_Keep,0,0.0,None,0,0,Unauthorized credential harvesting page embedded in bio link
MOD-2026-12458,2026-09-27 21:20:37,AGENT_10,Core (1-6mo),Violence_HighRisk,Text_Post,1,Manual_Review,50.3,244.7,1,Remove_Delete,0,0.0,None,0,0,Self-harm reference in private broadcast requiring immediate crisis triage
MOD-2026-11566,2026-09-27 21:24:01,AGENT_14,Senior (6mo+),Emergency_TCO,Live_Stream,1,Tier2_Escalated,251.4,138.1,1,Remove_Delete,0,0.0,None,0,0,Coordinated tactical propaganda audio recording flagged by intelligence unit
MOD-2026-12594,2026-09-27 21:28:25,AGENT_10,Core (1-6mo),Hate_Speech,Text_Post,0,Manual_Review,38.5,298.5,1,Approve_Keep,1,100.0,None,0,0,Dehumanizing memes comparing ethnic groups to biological pests
MOD-2026-12699,2026-09-27 21:32:26,AGENT_07,Core (1-6mo),Violence_HighRisk,Static_Image,1,Manual_Review,53.1,165.5,0,Content_Warning,0,0.0,None,0,0,Self-harm reference in private broadcast requiring immediate crisis triage
MOD-2026-11067,2026-09-27 21:44:37,AGENT_03,New Hire (<30d),Violence_HighRisk,Live_Stream,1,Manual_Review,449.5,164.3,0,Approve_Keep,0,0.0,None,0,0,Reported altercation outside transit station with physical violence
MOD-2026-10942,2026-09-27 21:51:21,AGENT_12,Senior (6mo+),Violence_HighRisk,Live_Stream,0,Manual_Review,269.2,59.4,0,Approve_Keep,0,0.0,None,0,0,Self-harm reference in private broadcast requiring immediate crisis triage
MOD-2026-12449,2026-09-27 22:23:39,AGENT_08,Core (1-6mo),Hate_Speech,Text_Post,0,Manual_Review,20.2,249.2,1,Remove_Delete,0,0.0,None,0,0,Dehumanizing memes comparing ethnic groups to biological pests
MOD-2026-11546,2026-09-27 22:39:56,AGENT_14,Senior (6mo+),Fraud_Scams,Text_Post,0,Auto_Approved,3.5,116.3,0,Approve_Keep,0,0.0,None,0,0,Gift card prize sweepstakes scam targeting senior account holders
MOD-2026-11956,2026-09-27 22:48:28,AGENT_04,Core (1-6mo),Violence_HighRisk,Short_Video,1,Manual_Review,165.2,237.8,1,Remove_Delete,0,0.0,None,0,0,Self-harm reference in private broadcast requiring immediate crisis triage
MOD-2026-10566,2026-09-27 23:35:45,AGENT_09,Core (1-6mo),Hate_Speech,Text_Post,0,Auto_Approved,5.8,224.6,0,Approve_Keep,1,100.0,None,0,0,Nuanced political satire flagged by automated keyword filter as hate
MOD-2026-10182,2026-09-28 00:29:56,AGENT_14,Senior (6mo+),Hate_Speech,Text_Post,0,Auto_Approved,4.3,374.6,1,Approve_Keep,0,0.0,None,0,0,Incitement to boycott and harass private individual based on religion
MOD-2026-11944,2026-09-28 01:03:05,AGENT_03,New Hire (<30d),Violence_HighRisk,Short_Video,1,Auto_Rejected,2.8,457.9,1,Remove_Delete,0,0.0,None,0,0,Graphic injury footage from sports accident flagged by audience
MOD-2026-11447,2026-09-28 01:21:46,AGENT_01,New Hire (<30d),Violence_HighRisk,Short_Video,1,Auto_Rejected,3.1,301.8,1,Remove_Delete,1,100.0,None,0,0,Reported altercation outside transit station with physical violence
MOD-2026-10440,2026-09-28 01:22:30,AGENT_05,Core (1-6mo),Emergency_TCO,Text_Post,1,Auto_Rejected,4.3,138.0,1,Remove_Delete,0,0.0,None,0,0,Urgent notice-and-action request under EU 1-hour removal mandate
MOD-2026-12537,2026-09-28 02:23:41,AGENT_11,Core (1-6mo),Spam_Commercial,Text_Post,0,Auto_Rejected,5.3,318.8,1,Remove_Delete,0,0.0,None,0,0,Bulk account creation posting duplicate SEO spam articles
MOD-2026-12028,2026-09-28 02:27:08,AGENT_15,Senior (6mo+),Violence_HighRisk,Live_Stream,1,Auto_Approved,3.9,73.2,0,Approve_Keep,0,0.0,None,0,0,Threatening physical altercation clip uploaded without contextual warning
MOD-2026-12380,2026-09-28 02:31:56,AGENT_05,Core (1-6mo),Spam_Commercial,Static_Image,0,Manual_Review,31.4,169.2,0,Remove_Delete,0,0.0,None,0,0,Unsolicited commercial affiliate marketing message blast
MOD-2026-11534,2026-09-28 02:38:01,AGENT_08,Core (1-6mo),Emergency_TCO,Live_Stream,1,Auto_Rejected,5.1,87.4,1,Remove_Delete,0,0.0,None,0,0,Emergency legal escalation concerning imminent threat of platform violence
MOD-2026-10698,2026-09-28 02:57:41,AGENT_12,Senior (6mo+),Violence_HighRisk,Short_Video,1,Tier2_Escalated,221.9,151.5,0,Remove_Delete,0,0.0,None,0,0,Dangerous weapons demonstration video flagged for policy violation
MOD-2026-11181,2026-09-28 03:16:20,AGENT_03,New Hire (<30d),Violence_HighRisk,Short_Video,1,Auto_Rejected,4.2,133.5,0,Remove_Delete,0,0.0,None,0,0,Graphic injury footage from sports accident flagged by audience
MOD-2026-10924,2026-09-28 03:26:12,AGENT_15,Senior (6mo+),Emergency_TCO,Live_Stream,1,Auto_Rejected,5.6,71.2,1,Remove_Delete,0,0.0,None,0,0,Violent extremist manifestos distribution attempt flagged by cross-platform hash
MOD-2026-11600,2026-09-28 03:26:53,AGENT_14,Senior (6mo+),Violence_HighRisk,Short_Video,0,Tier2_Escalated,125.6,111.6,0,Content_Warning,0,0.0,None,0,0,Threatening physical altercation clip uploaded without contextual warning
MOD-2026-10876,2026-09-28 03:30:20,AGENT_12,Senior (6mo+),Fraud_Scams,Static_Image,0,Auto_Approved,4.0,239.1,0,Approve_Keep,0,0.0,None,0,0,Unauthorized credential harvesting page embedded in bio link
MOD-2026-10897,2026-09-28 03:35:34,AGENT_05,Core (1-6mo),Violence_HighRisk,Text_Post,1,Manual_Review,40.6,428.8,1,Account_Suspend,0,0.0,None,0,0,Reported altercation outside transit station with physical violence
MOD-2026-12069,2026-09-28 03:50:37,AGENT_08,Core (1-6mo),Fraud_Scams,Static_Image,0,Auto_Rejected,4.3,184.5,0,Remove_Delete,0,0.0,None,0,0,Unauthorized credential harvesting page embedded in bio link
MOD-2026-10236,2026-09-28 03:58:34,AGENT_12,Senior (6mo+),Violence_HighRisk,Live_Stream,1,Tier2_Escalated,323.1,156.3,0,Content_Warning,0,0.0,None,0,0,Self-harm reference in private broadcast requiring immediate crisis triage
MOD-2026-12113,2026-09-28 03:59:41,AGENT_14,Senior (6mo+),Violence_HighRisk,Short_Video,1,Manual_Review,109.4,227.9,1,Remove_Delete,0,0.0,None,0,0,Reported altercation outside transit station with physical violence
MOD-2026-10676,2026-09-28 04:12:20,AGENT_02,New Hire (<30d),Fraud_Scams,Text_Post,0,Manual_Review,48.4,282.9,1,Remove_Delete,0,0.0,None,0,0,Gift card prize sweepstakes scam targeting senior account holders
MOD-2026-12524,2026-09-28 04:14:42,AGENT_14,Senior (6mo+),Spam_Commercial,Static_Image,0,Auto_Rejected,4.2,163.0,0,Remove_Delete,0,0.0,None,0,0,Repetitive bot activity promoting unverified pharmaceutical supplements
MOD-2026-10150,2026-09-28 04:15:29,AGENT_09,Core (1-6mo),Hate_Speech,Text_Post,1,Manual_Review,38.7,175.8,0,Account_Suspend,0,0.0,None,0,0,Derogatory slur targeting protected demographic in comment section
MOD-2026-11826,2026-09-28 04:31:58,AGENT_01,New Hire (<30d),Hate_Speech,Text_Post,0,Auto_Approved,4.2,384.2,1,Approve_Keep,0,0.0,None,0,0,Derogatory slur targeting protected demographic in comment section
MOD-2026-12065,2026-09-28 04:34:50,AGENT_09,Core (1-6mo),Hate_Speech,Text_Post,0,Auto_Rejected,3.5,280.6,1,Remove_Delete,1,100.0,None,0,0,Dehumanizing memes comparing ethnic groups to biological pests
MOD-2026-10120,2026-09-28 04:53:50,AGENT_09,Core (1-6mo),Violence_HighRisk,Live_Stream,1,Manual_Review,357.8,72.2,0,Remove_Delete,0,0.0,None,0,0,Self-harm reference in private broadcast requiring immediate crisis triage
MOD-2026-11218,2026-09-28 05:12:17,AGENT_08,Core (1-6mo),Hate_Speech,Short_Video,0,Auto_Rejected,6.0,180.1,0,Remove_Delete,0,0.0,None,1,0,Nuanced political satire flagged by automated keyword filter as hate
MOD-2026-12233,2026-09-28 05:13:24,AGENT_03,New Hire (<30d),Hate_Speech,Text_Post,0,Manual_Review,56.5,485.3,1,Remove_Delete,0,0.0,None,0,0,Coordinated brigading comments containing coded discriminatory dogwhistles
MOD-2026-11992,2026-09-28 06:20:58,AGENT_12,Senior (6mo+),Emergency_TCO,Static_Image,1,Manual_Review,53.6,44.7,0,Remove_Delete,0,0.0,None,0,0,Coordinated tactical propaganda audio recording flagged by intelligence unit
MOD-2026-11563,2026-09-28 06:31:56,AGENT_07,Core (1-6mo),Hate_Speech,Short_Video,0,Manual_Review,129.6,244.0,1,Approve_Keep,1,100.0,None,0,0,Incitement to boycott and harass private individual based on religion
MOD-2026-11013,2026-09-28 06:55:59,AGENT_06,Core (1-6mo),Violence_HighRisk,Live_Stream,1,Auto_Rejected,2.9,187.7,1,Remove_Delete,0,0.0,None,0,0,Reported altercation outside transit station with physical violence
MOD-2026-11739,2026-09-28 07:01:35,AGENT_13,Senior (6mo+),Emergency_TCO,Short_Video,1,Tier2_Escalated,204.9,90.7,1,Approve_Keep,1,100.0,None,0,0,Emergency legal escalation concerning imminent threat of platform violence
MOD-2026-11922,2026-09-28 07:22:04,AGENT_05,Core (1-6mo),Fraud_Scams,Static_Image,0,Manual_Review,69.5,191.9,0,Remove_Delete,0,0.0,None,0,0,Phishing link impersonating official platform customer verification support
MOD-2026-10689,2026-09-28 07:27:17,AGENT_10,Core (1-6mo),Violence_HighRisk,Short_Video,1,Auto_Rejected,5.7,112.4,0,Remove_Delete,0,0.0,None,0,0,Reported altercation outside transit station with physical violence
MOD-2026-10344,2026-09-28 07:36:12,AGENT_15,Senior (6mo+),Spam_Commercial,Text_Post,0,Auto_Rejected,3.5,296.6,1,Remove_Delete,0,0.0,None,0,0,Keyword stuffing and hidden redirects on promotional landing page
MOD-2026-11666,2026-09-28 08:00:59,AGENT_13,Senior (6mo+),Spam_Commercial,Text_Post,0,Auto_Approved,6.0,73.1,0,Approve_Keep,0,0.0,None,0,0,Repetitive bot activity promoting unverified pharmaceutical supplements
MOD-2026-12493,2026-09-28 08:25:07,AGENT_11,Core (1-6mo),Spam_Commercial,Text_Post,0,Auto_Rejected,2.7,97.6,0,Remove_Delete,0,0.0,None,0,0,Keyword stuffing and hidden redirects on promotional landing page
MOD-2026-12210,2026-09-28 08:25:51,AGENT_13,Senior (6mo+),Spam_Commercial,Static_Image,0,Auto_Approved,5.7,49.7,0,Approve_Keep,0,0.0,None,0,0,Automated script posting identical promotional link 120 times in forum
MOD-2026-11453,2026-09-28 08:27:06,AGENT_08,Core (1-6mo),Fraud_Scams,Text_Post,0,Manual_Review,22.5,101.0,0,Content_Warning,0,0.0,None,0,0,Counterfeit luxury goods listing utilizing stolen trademark imagery
MOD-2026-10756,2026-09-28 08:29:09,AGENT_12,Senior (6mo+),Hate_Speech,Static_Image,0,Auto_Rejected,3.0,97.1,0,Remove_Delete,1,100.0,None,0,0,Nuanced political satire flagged by automated keyword filter as hate
MOD-2026-10474,2026-09-28 08:38:37,AGENT_09,Core (1-6mo),Hate_Speech,Text_Post,0,Auto_Rejected,4.7,270.5,1,Remove_Delete,0,0.0,None,0,0,Derogatory slur targeting protected demographic in comment section
MOD-2026-10911,2026-09-28 08:58:26,AGENT_03,New Hire (<30d),Fraud_Scams,Static_Image,0,Auto_Approved,3.8,215.0,0,Approve_Keep,0,0.0,None,0,0,Gift card prize sweepstakes scam targeting senior account holders
MOD-2026-11982,2026-09-28 09:15:11,AGENT_13,Senior (6mo+),Violence_HighRisk,Static_Image,1,Tier2_Escalated,63.5,207.2,1,Content_Warning,0,0.0,None,0,0,Reported altercation outside transit station with physical violence
MOD-2026-11732,2026-09-28 09:25:52,AGENT_12,Senior (6mo+),Spam_Commercial,Static_Image,0,Auto_Rejected,4.7,65.1,0,Remove_Delete,0,0.0,None,0,0,Keyword stuffing and hidden redirects on promotional landing page
MOD-2026-11596,2026-09-28 09:35:29,AGENT_14,Senior (6mo+),Spam_Commercial,Text_Post,0,Auto_Rejected,3.8,80.5,0,Remove_Delete,1,100.0,None,0,0,Keyword stuffing and hidden redirects on promotional landing page
MOD-2026-10591,2026-09-28 09:41:16,AGENT_03,New Hire (<30d),Violence_HighRisk,Static_Image,1,Manual_Review,52.1,199.7,1,Content_Warning,0,0.0,None,1,0,Self-harm reference in private broadcast requiring immediate crisis triage
MOD-2026-11170,2026-09-28 09:43:31,AGENT_08,Core (1-6mo),Spam_Commercial,Text_Post,0,Auto_Approved,4.8,33.1,0,Approve_Keep,0,0.0,None,0,0,Unsolicited commercial affiliate marketing message blast
MOD-2026-10470,2026-09-28 09:44:39,AGENT_03,New Hire (<30d),Violence_HighRisk,Static_Image,1,Manual_Review,101.6,58.4,0,Approve_Keep,0,0.0,None,0,0,Graphic injury footage from sports accident flagged by audience
MOD-2026-11265,2026-09-28 09:44:52,AGENT_06,Core (1-6mo),Hate_Speech,Text_Post,0,Manual_Review,28.7,258.7,1,Content_Warning,0,0.0,None,0,0,Derogatory slur targeting protected demographic in comment section
MOD-2026-10241,2026-09-28 09:45:31,AGENT_13,Senior (6mo+),Emergency_TCO,Static_Image,1,Auto_Approved,2.8,73.3,1,Approve_Keep,0,0.0,None,0,0,Violent extremist manifestos distribution attempt flagged by cross-platform hash
MOD-2026-11339,2026-09-28 10:03:29,AGENT_13,Senior (6mo+),Emergency_TCO,Short_Video,1,Manual_Review,151.2,32.1,0,Approve_Keep,0,0.0,None,0,0,Suspected terrorist recruitment video uploaded across multiple hashtags
MOD-2026-11058,2026-09-28 10:06:03,AGENT_08,Core (1-6mo),Hate_Speech,Text_Post,1,Manual_Review,29.3,289.5,1,Remove_Delete,0,0.0,None,0,0,Incitement to boycott and harass private individual based on religion
MOD-2026-12494,2026-09-28 10:10:03,AGENT_02,New Hire (<30d),Fraud_Scams,Static_Image,0,Auto_Rejected,4.2,67.3,0,Remove_Delete,0,0.0,None,0,0,Gift card prize sweepstakes scam targeting senior account holders
MOD-2026-12129,2026-09-28 11:24:13,AGENT_07,Core (1-6mo),Violence_HighRisk,Short_Video,1,Manual_Review,165.3,106.1,0,Remove_Delete,1,100.0,None,0,0,Reported altercation outside transit station with physical violence
MOD-2026-12468,2026-09-28 11:36:04,AGENT_11,Core (1-6mo),Fraud_Scams,Text_Post,0,Auto_Rejected,3.8,182.8,0,Remove_Delete,0,0.0,None,1,0,Counterfeit luxury goods listing utilizing stolen trademark imagery
MOD-2026-10244,2026-09-28 11:52:55,AGENT_03,New Hire (<30d),Violence_HighRisk,Live_Stream,1,Manual_Review,501.8,99.4,0,Content_Warning,0,0.0,None,1,0,Reported altercation outside transit station with physical violence
MOD-2026-11147,2026-09-28 12:00:16,AGENT_06,Core (1-6mo),Spam_Commercial,Text_Post,0,Manual_Review,18.1,213.1,0,Remove_Delete,0,0.0,None,0,0,Repetitive bot activity promoting unverified pharmaceutical supplements
MOD-2026-10085,2026-09-28 12:15:08,AGENT_08,Core (1-6mo),Spam_Commercial,Text_Post,0,Auto_Approved,3.8,91.8,0,Approve_Keep,0,0.0,None,0,0,Repetitive bot activity promoting unverified pharmaceutical supplements
MOD-2026-10340,2026-09-28 12:29:49,AGENT_13,Senior (6mo+),Spam_Commercial,Text_Post,0,Auto_Approved,5.7,187.5,0,Approve_Keep,0,0.0,None,0,0,Bulk account creation posting duplicate SEO spam articles
MOD-2026-10341,2026-09-28 12:53:43,AGENT_08,Core (1-6mo),Fraud_Scams,Short_Video,0,Auto_Approved,5.1,130.6,0,Approve_Keep,0,0.0,None,0,0,Gift card prize sweepstakes scam targeting senior account holders
MOD-2026-11798,2026-09-28 13:24:01,AGENT_15,Senior (6mo+),Fraud_Scams,Static_Image,0,Manual_Review,38.3,175.0,0,Remove_Delete,0,0.0,None,0,0,Gift card prize sweepstakes scam targeting senior account holders
MOD-2026-10230,2026-09-28 13:26:46,AGENT_05,Core (1-6mo),Fraud_Scams,Static_Image,0,Manual_Review,74.3,138.0,0,Remove_Delete,0,0.0,None,0,0,Phishing link impersonating official platform customer verification support
MOD-2026-12263,2026-09-28 13:36:25,AGENT_04,Core (1-6mo),Spam_Commercial,Static_Image,0,Manual_Review,26.0,185.6,0,Escalate,1,100.0,None,0,0,Keyword stuffing and hidden redirects on promotional landing page
MOD-2026-12232,2026-09-28 13:42:12,AGENT_01,New Hire (<30d),Hate_Speech,Text_Post,1,Manual_Review,31.8,155.9,0,Content_Warning,0,0.0,None,0,0,Nuanced political satire flagged by automated keyword filter as hate
MOD-2026-12738,2026-09-28 14:03:22,AGENT_13,Senior (6mo+),Violence_HighRisk,Short_Video,1,Auto_Rejected,6.0,243.0,1,Remove_Delete,0,0.0,None,0,0,Self-harm reference in private broadcast requiring immediate crisis triage
MOD-2026-10266,2026-09-28 14:08:32,AGENT_03,New Hire (<30d),Emergency_TCO,Text_Post,1,Auto_Rejected,3.9,50.5,0,Remove_Delete,1,100.0,None,0,0,Violent extremist manifestos distribution attempt flagged by cross-platform hash
MOD-2026-12323,2026-09-28 14:30:05,AGENT_05,Core (1-6mo),Violence_HighRisk,Short_Video,0,Manual_Review,237.1,40.7,0,Remove_Delete,0,0.0,None,0,0,Graphic injury footage from sports accident flagged by audience
MOD-2026-11287,2026-09-28 14:51:57,AGENT_05,Core (1-6mo),Fraud_Scams,Text_Post,0,Manual_Review,21.0,95.3,0,Remove_Delete,0,0.0,None,1,0,Counterfeit luxury goods listing utilizing stolen trademark imagery
MOD-2026-12268,2026-09-28 15:48:39,AGENT_07,Core (1-6mo),Spam_Commercial,Text_Post,0,Auto_Approved,4.1,186.2,0,Approve_Keep,0,0.0,None,0,0,Keyword stuffing and hidden redirects on promotional landing page
MOD-2026-12043,2026-09-28 15:56:45,AGENT_13,Senior (6mo+),Hate_Speech,Live_Stream,0,Manual_Review,197.8,111.8,0,Remove_Delete,0,0.0,None,0,0,Derogatory slur targeting protected demographic in comment section
MOD-2026-12731,2026-09-28 16:12:44,AGENT_07,Core (1-6mo),Hate_Speech,Text_Post,0,Manual_Review,38.3,126.7,0,Account_Suspend,0,0.0,None,0,0,Incitement to boycott and harass private individual based on religion
MOD-2026-12522,2026-09-28 16:17:32,AGENT_08,Core (1-6mo),Violence_HighRisk,Short_Video,0,Manual_Review,196.0,224.8,1,Remove_Delete,0,0.0,None,0,0,Graphic injury footage from sports accident flagged by audience
MOD-2026-10781,2026-09-28 16:38:28,AGENT_11,Core (1-6mo),Hate_Speech,Short_Video,0,Auto_Rejected,4.6,85.1,0,Remove_Delete,0,0.0,None,0,0,Derogatory slur targeting protected demographic in comment section
MOD-2026-11146,2026-09-28 16:48:16,AGENT_15,Senior (6mo+),Fraud_Scams,Static_Image,0,Tier2_Escalated,49.0,25.1,0,Remove_Delete,1,100.0,None,1,0,Phishing link impersonating official platform customer verification support
MOD-2026-10200,2026-09-28 16:54:16,AGENT_08,Core (1-6mo),Violence_HighRisk,Short_Video,1,Manual_Review,137.9,234.6,1,Escalate,0,0.0,None,0,0,Self-harm reference in private broadcast requiring immediate crisis triage
MOD-2026-10496,2026-09-28 17:23:07,AGENT_10,Core (1-6mo),Spam_Commercial,Text_Post,0,Auto_Approved,2.9,183.5,0,Approve_Keep,0,0.0,None,0,0,Repetitive bot activity promoting unverified pharmaceutical supplements
MOD-2026-10366,2026-09-28 17:24:46,AGENT_05,Core (1-6mo),Fraud_Scams,Text_Post,0,Manual_Review,20.4,165.1,0,Remove_Delete,0,0.0,None,0,0,Cryptocurrency investment scheme promising guaranteed 500% daily returns
MOD-2026-10739,2026-09-28 17:31:11,AGENT_13,Senior (6mo+),Violence_HighRisk,Short_Video,1,Tier2_Escalated,152.9,94.2,0,Approve_Keep,0,0.0,None,0,0,Self-harm reference in private broadcast requiring immediate crisis triage
MOD-2026-10074,2026-09-28 17:37:32,AGENT_15,Senior (6mo+),Spam_Commercial,Text_Post,0,Auto_Approved,4.3,74.7,0,Approve_Keep,0,0.0,None,0,0,Bulk account creation posting duplicate SEO spam articles
MOD-2026-12392,2026-09-28 17:45:15,AGENT_14,Senior (6mo+),Spam_Commercial,Text_Post,0,Auto_Rejected,3.8,197.1,0,Remove_Delete,0,0.0,None,1,0,Unsolicited commercial affiliate marketing message blast
MOD-2026-10220,2026-09-28 17:49:43,AGENT_14,Senior (6mo+),Spam_Commercial,Text_Post,0,Manual_Review,19.4,183.8,0,Remove_Delete,0,0.0,None,0,0,Repetitive bot activity promoting unverified pharmaceutical supplements
MOD-2026-11219,2026-09-28 17:50:59,AGENT_14,Senior (6mo+),Hate_Speech,Static_Image,0,Manual_Review,67.5,169.3,0,Approve_Keep,0,0.0,None,0,0,Nuanced political satire flagged by automated keyword filter as hate
MOD-2026-11815,2026-09-28 18:04:03,AGENT_14,Senior (6mo+),Emergency_TCO,Static_Image,1,Tier2_Escalated,56.6,64.1,1,Account_Suspend,0,0.0,None,0,0,Violent extremist manifestos distribution attempt flagged by cross-platform hash
MOD-2026-11899,2026-09-28 18:06:20,AGENT_05,Core (1-6mo),Violence_HighRisk,Short_Video,1,Auto_Rejected,5.1,257.9,1,Remove_Delete,0,0.0,None,0,0,Threatening physical altercation clip uploaded without contextual warning
MOD-2026-12240,2026-09-28 18:17:57,AGENT_11,Core (1-6mo),Violence_HighRisk,Short_Video,1,Manual_Review,141.6,102.8,0,Remove_Delete,0,0.0,None,0,0,Dangerous weapons demonstration video flagged for policy violation
MOD-2026-12614,2026-09-28 18:46:59,AGENT_10,Core (1-6mo),Hate_Speech,Text_Post,0,Auto_Rejected,5.0,246.9,1,Remove_Delete,0,0.0,None,0,0,Dehumanizing memes comparing ethnic groups to biological pests
MOD-2026-10484,2026-09-28 18:49:00,AGENT_14,Senior (6mo+),Spam_Commercial,Text_Post,0,Auto_Rejected,4.5,155.6,0,Remove_Delete,0,0.0,None,1,0,Repetitive bot activity promoting unverified pharmaceutical supplements
MOD-2026-11694,2026-09-28 19:09:05,AGENT_10,Core (1-6mo),Fraud_Scams,Static_Image,0,Manual_Review,72.9,114.9,0,Approve_Keep,0,0.0,None,0,0,Unauthorized credential harvesting page embedded in bio link
MOD-2026-11672,2026-09-28 19:12:00,AGENT_06,Core (1-6mo),Fraud_Scams,Static_Image,0,Manual_Review,49.7,59.0,0,Approve_Keep,0,0.0,None,0,0,Phishing link impersonating official platform customer verification support
MOD-2026-10369,2026-09-28 19:15:26,AGENT_11,Core (1-6mo),Hate_Speech,Static_Image,0,Auto_Approved,5.4,281.1,1,Approve_Keep,0,0.0,None,0,0,Coordinated brigading comments containing coded discriminatory dogwhistles
MOD-2026-11784,2026-09-28 19:48:01,AGENT_11,Core (1-6mo),Fraud_Scams,Static_Image,0,Auto_Rejected,3.4,89.3,0,Remove_Delete,0,0.0,None,0,0,Gift card prize sweepstakes scam targeting senior account holders
MOD-2026-11539,2026-09-28 19:51:08,AGENT_11,Core (1-6mo),Spam_Commercial,Text_Post,0,Manual_Review,26.5,115.4,0,Remove_Delete,0,0.0,None,0,0,Unsolicited commercial affiliate marketing message blast
MOD-2026-11193,2026-09-28 20:02:11,AGENT_04,Core (1-6mo),Hate_Speech,Text_Post,0,Manual_Review,28.9,241.0,1,Remove_Delete,0,0.0,None,0,0,Coordinated brigading comments containing coded discriminatory dogwhistles
MOD-2026-12452,2026-09-28 20:22:52,AGENT_02,New Hire (<30d),Fraud_Scams,Live_Stream,0,Manual_Review,259.6,86.6,0,Remove_Delete,0,0.0,None,0,0,Counterfeit luxury goods listing utilizing stolen trademark imagery
MOD-2026-10882,2026-09-28 20:32:15,AGENT_01,New Hire (<30d),Hate_Speech,Short_Video,0,Manual_Review,315.2,260.1,1,Remove_Delete,0,0.0,None,0,0,Incitement to boycott and harass private individual based on religion
MOD-2026-10607,2026-09-28 20:47:06,AGENT_15,Senior (6mo+),Fraud_Scams,Live_Stream,0,Manual_Review,145.0,51.9,0,Remove_Delete,0,0.0,None,0,0,Gift card prize sweepstakes scam targeting senior account holders
MOD-2026-10717,2026-09-28 20:54:38,AGENT_08,Core (1-6mo),Violence_HighRisk,Short_Video,1,Manual_Review,177.5,163.7,0,Remove_Delete,0,0.0,None,0,0,Dangerous weapons demonstration video flagged for policy violation
MOD-2026-11702,2026-09-28 21:04:07,AGENT_03,New Hire (<30d),Hate_Speech,Text_Post,0,Manual_Review,45.5,149.5,0,Remove_Delete,1,100.0,None,0,0,Derogatory slur targeting protected demographic in comment section
MOD-2026-11915,2026-09-28 21:14:36,AGENT_13,Senior (6mo+),Spam_Commercial,Static_Image,0,Manual_Review,44.7,100.0,0,Approve_Keep,0,0.0,None,0,0,Automated script posting identical promotional link 120 times in forum
MOD-2026-10686,2026-09-28 21:21:31,AGENT_03,New Hire (<30d),Emergency_TCO,Short_Video,1,Manual_Review,148.5,71.0,1,Remove_Delete,0,0.0,None,0,0,Coordinated tactical propaganda audio recording flagged by intelligence unit
MOD-2026-10084,2026-09-28 22:03:33,AGENT_08,Core (1-6mo),Spam_Commercial,Static_Image,0,Auto_Approved,6.0,79.8,0,Approve_Keep,0,0.0,None,0,0,Repetitive bot activity promoting unverified pharmaceutical supplements
MOD-2026-11978,2026-09-28 22:49:21,AGENT_14,Senior (6mo+),Spam_Commercial,Text_Post,0,Auto_Rejected,3.9,95.4,0,Remove_Delete,0,0.0,None,0,0,Automated script posting identical promotional link 120 times in forum
MOD-2026-12659,2026-09-28 22:53:43,AGENT_11,Core (1-6mo),Fraud_Scams,Text_Post,0,Manual_Review,31.3,58.7,0,Remove_Delete,0,0.0,None,1,0,Cryptocurrency investment scheme promising guaranteed 500% daily returns
MOD-2026-10710,2026-09-28 23:33:16,AGENT_14,Senior (6mo+),Fraud_Scams,Text_Post,0,Manual_Review,20.8,168.0,0,Remove_Delete,0,0.0,None,0,0,Counterfeit luxury goods listing utilizing stolen trademark imagery
MOD-2026-11882,2026-09-28 23:41:51,AGENT_01,New Hire (<30d),Spam_Commercial,Text_Post,0,Auto_Approved,2.8,211.6,0,Approve_Keep,0,0.0,None,0,0,Repetitive bot activity promoting unverified pharmaceutical supplements
MOD-2026-11445,2026-09-29 00:19:08,AGENT_14,Senior (6mo+),Fraud_Scams,Text_Post,0,Auto_Approved,5.7,155.6,0,Approve_Keep,1,100.0,None,0,0,Unauthorized credential harvesting page embedded in bio link
MOD-2026-12354,2026-09-29 00:37:41,AGENT_06,Core (1-6mo),Violence_HighRisk,Static_Image,1,Manual_Review,95.0,187.4,1,Remove_Delete,0,0.0,None,0,0,Threatening physical altercation clip uploaded without contextual warning
MOD-2026-12503,2026-09-29 01:42:39,AGENT_15,Senior (6mo+),Violence_HighRisk,Short_Video,1,Tier2_Escalated,108.8,81.2,0,Remove_Delete,0,0.0,None,0,0,Threatening physical altercation clip uploaded without contextual warning
MOD-2026-11496,2026-09-29 01:51:17,AGENT_04,Core (1-6mo),Spam_Commercial,Short_Video,0,Auto_Rejected,5.6,85.4,0,Remove_Delete,0,0.0,None,0,0,Keyword stuffing and hidden redirects on promotional landing page
MOD-2026-12593,2026-09-29 01:52:59,AGENT_13,Senior (6mo+),Violence_HighRisk,Text_Post,1,Tier2_Escalated,34.5,102.0,0,Content_Warning,0,0.0,None,0,0,Reported altercation outside transit station with physical violence
MOD-2026-11900,2026-09-29 01:54:59,AGENT_04,Core (1-6mo),Violence_HighRisk,Short_Video,1,Auto_Approved,4.3,58.2,0,Approve_Keep,0,0.0,None,0,0,Graphic injury footage from sports accident flagged by audience
MOD-2026-10805,2026-09-29 02:02:06,AGENT_12,Senior (6mo+),Fraud_Scams,Text_Post,0,Manual_Review,33.3,182.8,0,Remove_Delete,0,0.0,None,0,0,Unauthorized credential harvesting page embedded in bio link
MOD-2026-12243,2026-09-29 02:35:27,AGENT_02,New Hire (<30d),Fraud_Scams,Static_Image,0,Manual_Review,94.2,120.3,0,Remove_Delete,0,0.0,None,0,0,Gift card prize sweepstakes scam targeting senior account holders
MOD-2026-11592,2026-09-29 02:55:47,AGENT_04,Core (1-6mo),Violence_HighRisk,Short_Video,1,Manual_Review,189.6,156.1,0,Remove_Delete,0,0.0,None,0,0,Self-harm reference in private broadcast requiring immediate crisis triage
MOD-2026-11650,2026-09-29 03:12:45,AGENT_13,Senior (6mo+),Hate_Speech,Short_Video,1,Tier2_Escalated,102.5,260.9,1,Approve_Keep,0,0.0,None,0,0,Coordinated brigading comments containing coded discriminatory dogwhistles
MOD-2026-12566,2026-09-29 03:16:11,AGENT_11,Core (1-6mo),Spam_Commercial,Text_Post,0,Auto_Approved,3.8,157.5,0,Approve_Keep,0,0.0,None,0,0,Keyword stuffing and hidden redirects on promotional landing page
MOD-2026-10985,2026-09-29 03:25:36,AGENT_07,Core (1-6mo),Spam_Commercial,Text_Post,0,Auto_Approved,3.1,34.6,0,Approve_Keep,0,0.0,None,0,0,Keyword stuffing and hidden redirects on promotional landing page
MOD-2026-11361,2026-09-29 03:57:26,AGENT_13,Senior (6mo+),Hate_Speech,Static_Image,1,Tier2_Escalated,73.1,46.5,0,Remove_Delete,0,0.0,None,0,0,Dehumanizing memes comparing ethnic groups to biological pests
MOD-2026-12705,2026-09-29 04:08:57,AGENT_14,Senior (6mo+),Emergency_TCO,Static_Image,1,Tier2_Escalated,52.6,38.2,0,Remove_Delete,0,0.0,None,0,0,Suspected terrorist recruitment video uploaded across multiple hashtags
MOD-2026-12643,2026-09-29 04:37:26,AGENT_14,Senior (6mo+),Violence_HighRisk,Short_Video,1,Tier2_Escalated,190.1,60.2,0,Remove_Delete,0,0.0,None,0,0,Graphic injury footage from sports accident flagged by audience
MOD-2026-10452,2026-09-29 04:58:35,AGENT_09,Core (1-6mo),Violence_HighRisk,Static_Image,1,Auto_Rejected,4.4,173.3,0,Remove_Delete,0,0.0,None,0,0,Reported altercation outside transit station with physical violence
MOD-2026-10167,2026-09-29 05:27:36,AGENT_03,New Hire (<30d),Spam_Commercial,Static_Image,0,Auto_Approved,4.5,219.6,0,Approve_Keep,0,0.0,None,0,0,Bulk account creation posting duplicate SEO spam articles
MOD-2026-12372,2026-09-29 05:29:14,AGENT_06,Core (1-6mo),Spam_Commercial,Text_Post,0,Auto_Approved,2.9,211.8,0,Approve_Keep,0,0.0,None,0,0,Repetitive bot activity promoting unverified pharmaceutical supplements
MOD-2026-10390,2026-09-29 05:32:01,AGENT_04,Core (1-6mo),Spam_Commercial,Text_Post,0,Auto_Approved,4.6,164.9,0,Approve_Keep,0,0.0,None,0,0,Bulk account creation posting duplicate SEO spam articles
MOD-2026-10652,2026-09-29 06:17:53,AGENT_05,Core (1-6mo),Spam_Commercial,Static_Image,0,Auto_Rejected,2.8,116.6,0,Remove_Delete,0,0.0,None,0,0,Bulk account creation posting duplicate SEO spam articles
MOD-2026-12499,2026-09-29 06:41:04,AGENT_06,Core (1-6mo),Hate_Speech,Short_Video,0,Manual_Review,161.3,171.9,0,Remove_Delete,0,0.0,None,0,0,Nuanced political satire flagged by automated keyword filter as hate
MOD-2026-12055,2026-09-29 06:59:16,AGENT_15,Senior (6mo+),Spam_Commercial,Text_Post,0,Auto_Approved,2.6,149.6,0,Approve_Keep,0,0.0,None,0,0,Repetitive bot activity promoting unverified pharmaceutical supplements
MOD-2026-11324,2026-09-29 07:17:16,AGENT_05,Core (1-6mo),Emergency_TCO,Static_Image,1,Manual_Review,53.6,67.7,1,Remove_Delete,0,0.0,None,0,0,Coordinated tactical propaganda audio recording flagged by intelligence unit
MOD-2026-10193,2026-09-29 07:41:21,AGENT_08,Core (1-6mo),Hate_Speech,Text_Post,0,Auto_Approved,4.5,311.1,1,Approve_Keep,0,0.0,None,0,0,Dehumanizing memes comparing ethnic groups to biological pests
MOD-2026-12139,2026-09-29 07:43:47,AGENT_11,Core (1-6mo),Fraud_Scams,Short_Video,0,Auto_Rejected,4.7,92.1,0,Remove_Delete,0,0.0,None,0,0,Counterfeit luxury goods listing utilizing stolen trademark imagery
MOD-2026-12744,2026-09-29 07:45:56,AGENT_08,Core (1-6mo),Fraud_Scams,Static_Image,0,Manual_Review,39.2,122.6,0,Content_Warning,0,0.0,None,0,0,Cryptocurrency investment scheme promising guaranteed 500% daily returns
MOD-2026-12088,2026-09-29 07:58:01,AGENT_03,New Hire (<30d),Violence_HighRisk,Short_Video,0,Auto_Approved,3.3,186.2,1,Approve_Keep,0,0.0,None,0,0,Reported altercation outside transit station with physical violence
MOD-2026-12586,2026-09-29 08:01:06,AGENT_08,Core (1-6mo),Violence_HighRisk,Short_Video,1,Manual_Review,194.7,211.8,1,Remove_Delete,0,0.0,None,0,0,Threatening physical altercation clip uploaded without contextual warning
MOD-2026-10464,2026-09-29 08:04:18,AGENT_01,New Hire (<30d),Violence_HighRisk,Static_Image,1,Manual_Review,125.8,248.5,1,Remove_Delete,0,0.0,None,0,0,Dangerous weapons demonstration video flagged for policy violation
MOD-2026-10104,2026-09-29 08:33:43,AGENT_12,Senior (6mo+),Violence_HighRisk,Live_Stream,1,Auto_Rejected,3.0,43.8,0,Remove_Delete,0,0.0,None,0,0,Reported altercation outside transit station with physical violence
MOD-2026-11807,2026-09-29 08:36:42,AGENT_12,Senior (6mo+),Hate_Speech,Static_Image,0,Auto_Approved,4.5,234.8,0,Approve_Keep,0,0.0,None,0,0,Coordinated brigading comments containing coded discriminatory dogwhistles
MOD-2026-11340,2026-09-29 08:51:10,AGENT_15,Senior (6mo+),Spam_Commercial,Text_Post,0,Auto_Rejected,3.3,83.0,0,Remove_Delete,0,0.0,None,0,0,Repetitive bot activity promoting unverified pharmaceutical supplements
MOD-2026-11972,2026-09-29 08:54:36,AGENT_09,Core (1-6mo),Violence_HighRisk,Live_Stream,1,Manual_Review,396.8,48.4,0,Escalate,0,0.0,None,0,0,Dangerous weapons demonstration video flagged for policy violation
MOD-2026-11831,2026-09-29 09:17:17,AGENT_01,New Hire (<30d),Violence_HighRisk,Short_Video,1,Manual_Review,341.6,64.8,0,Approve_Keep,0,0.0,None,0,0,Dangerous weapons demonstration video flagged for policy violation
MOD-2026-11906,2026-09-29 09:37:43,AGENT_01,New Hire (<30d),Fraud_Scams,Static_Image,0,Manual_Review,92.7,123.4,0,Account_Suspend,0,0.0,None,0,0,Cryptocurrency investment scheme promising guaranteed 500% daily returns
MOD-2026-10613,2026-09-29 09:40:24,AGENT_15,Senior (6mo+),Spam_Commercial,Static_Image,0,Auto_Approved,5.4,152.4,0,Approve_Keep,0,0.0,None,0,0,Unsolicited commercial affiliate marketing message blast
MOD-2026-10312,2026-09-29 10:16:18,AGENT_14,Senior (6mo+),Spam_Commercial,Static_Image,0,Auto_Rejected,4.8,131.6,0,Remove_Delete,0,0.0,None,0,0,Repetitive bot activity promoting unverified pharmaceutical supplements
MOD-2026-10670,2026-09-29 10:52:30,AGENT_09,Core (1-6mo),Hate_Speech,Text_Post,0,Manual_Review,35.4,153.6,0,Approve_Keep,0,0.0,None,0,0,Nuanced political satire flagged by automated keyword filter as hate
MOD-2026-11643,2026-09-29 11:28:46,AGENT_09,Core (1-6mo),Violence_HighRisk,Text_Post,1,Manual_Review,26.6,243.1,1,Escalate,0,0.0,None,0,0,Dangerous weapons demonstration video flagged for policy violation
MOD-2026-11370,2026-09-29 11:33:11,AGENT_08,Core (1-6mo),Emergency_TCO,Static_Image,1,Manual_Review,87.4,16.0,0,Remove_Delete,0,0.0,None,0,0,Emergency legal escalation concerning imminent threat of platform violence
MOD-2026-11091,2026-09-29 12:04:27,AGENT_06,Core (1-6mo),Fraud_Scams,Static_Image,0,Manual_Review,67.0,34.6,0,Remove_Delete,0,0.0,None,0,0,Phishing link impersonating official platform customer verification support
MOD-2026-11416,2026-09-29 12:08:57,AGENT_13,Senior (6mo+),Hate_Speech,Text_Post,1,Tier2_Escalated,20.8,243.8,1,Account_Suspend,0,0.0,None,0,0,Derogatory slur targeting protected demographic in comment section
MOD-2026-10856,2026-09-29 12:13:48,AGENT_13,Senior (6mo+),Hate_Speech,Static_Image,0,Auto_Approved,4.0,119.2,0,Approve_Keep,1,100.0,None,0,0,Incitement to boycott and harass private individual based on religion
MOD-2026-11628,2026-09-29 12:19:42,AGENT_14,Senior (6mo+),Hate_Speech,Static_Image,0,Tier2_Escalated,58.8,79.5,0,Content_Warning,0,0.0,None,0,0,Incitement to boycott and harass private individual based on religion
MOD-2026-10958,2026-09-29 12:26:08,AGENT_01,New Hire (<30d),Hate_Speech,Short_Video,0,Auto_Approved,5.2,98.9,0,Approve_Keep,0,0.0,None,0,0,Nuanced political satire flagged by automated keyword filter as hate
MOD-2026-10247,2026-09-29 12:33:40,AGENT_06,Core (1-6mo),Violence_HighRisk,Short_Video,0,Auto_Rejected,3.5,118.0,0,Remove_Delete,0,0.0,None,0,0,Dangerous weapons demonstration video flagged for policy violation
MOD-2026-11710,2026-09-29 13:59:38,AGENT_11,Core (1-6mo),Hate_Speech,Short_Video,0,Auto_Approved,3.9,137.6,0,Approve_Keep,0,0.0,None,0,0,Dehumanizing memes comparing ethnic groups to biological pests
MOD-2026-11642,2026-09-29 14:45:54,AGENT_15,Senior (6mo+),Spam_Commercial,Static_Image,0,Auto_Approved,2.7,39.2,0,Approve_Keep,0,0.0,None,0,0,Unsolicited commercial affiliate marketing message blast
MOD-2026-11796,2026-09-29 14:52:48,AGENT_11,Core (1-6mo),Hate_Speech,Text_Post,0,Manual_Review,37.8,90.0,0,Remove_Delete,0,0.0,None,0,0,Coordinated brigading comments containing coded discriminatory dogwhistles
MOD-2026-11791,2026-09-29 15:08:46,AGENT_09,Core (1-6mo),Fraud_Scams,Text_Post,0,Auto_Rejected,3.6,32.5,0,Remove_Delete,0,0.0,None,0,0,Counterfeit luxury goods listing utilizing stolen trademark imagery
MOD-2026-10291,2026-09-29 15:37:23,AGENT_02,New Hire (<30d),Violence_HighRisk,Text_Post,1,Auto_Rejected,2.9,210.5,1,Remove_Delete,0,0.0,None,0,0,Graphic injury footage from sports accident flagged by audience
MOD-2026-12726,2026-09-29 15:38:06,AGENT_13,Senior (6mo+),Hate_Speech,Short_Video,1,Tier2_Escalated,182.7,279.1,1,Remove_Delete,0,0.0,None,0,0,Derogatory slur targeting protected demographic in comment section
MOD-2026-11275,2026-09-29 15:41:38,AGENT_08,Core (1-6mo),Spam_Commercial,Text_Post,0,Auto_Rejected,3.1,130.6,0,Remove_Delete,0,0.0,None,0,0,Automated script posting identical promotional link 120 times in forum
MOD-2026-11901,2026-09-29 16:02:16,AGENT_11,Core (1-6mo),Fraud_Scams,Static_Image,0,Auto_Rejected,3.3,117.3,0,Remove_Delete,0,0.0,None,0,0,Phishing link impersonating official platform customer verification support
MOD-2026-11128,2026-09-29 16:08:42,AGENT_14,Senior (6mo+),Fraud_Scams,Text_Post,0,Manual_Review,33.0,101.1,0,Escalate,0,0.0,None,0,0,Counterfeit luxury goods listing utilizing stolen trademark imagery
MOD-2026-11001,2026-09-29 16:21:28,AGENT_13,Senior (6mo+),Hate_Speech,Text_Post,0,Manual_Review,23.5,311.6,1,Remove_Delete,0,0.0,None,0,0,Nuanced political satire flagged by automated keyword filter as hate
MOD-2026-11374,2026-09-29 16:25:40,AGENT_05,Core (1-6mo),Violence_HighRisk,Static_Image,1,Manual_Review,80.0,92.5,0,Remove_Delete,0,0.0,None,0,0,Self-harm reference in private broadcast requiring immediate crisis triage
MOD-2026-12538,2026-09-29 16:45:16,AGENT_06,Core (1-6mo),Spam_Commercial,Static_Image,0,Auto_Approved,4.6,177.9,0,Approve_Keep,0,0.0,None,0,0,Unsolicited commercial affiliate marketing message blast
MOD-2026-11605,2026-09-29 16:57:12,AGENT_13,Senior (6mo+),Violence_HighRisk,Short_Video,0,Manual_Review,209.2,51.0,0,Remove_Delete,0,0.0,None,0,0,Threatening physical altercation clip uploaded without contextual warning
MOD-2026-10508,2026-09-29 17:01:35,AGENT_14,Senior (6mo+),Emergency_TCO,Text_Post,1,Tier2_Escalated,29.2,19.7,0,Account_Suspend,1,100.0,None,0,0,Suspected terrorist recruitment video uploaded across multiple hashtags
MOD-2026-12706,2026-09-29 17:18:47,AGENT_13,Senior (6mo+),Spam_Commercial,Short_Video,0,Auto_Rejected,2.8,106.0,0,Remove_Delete,0,0.0,None,0,0,Keyword stuffing and hidden redirects on promotional landing page
MOD-2026-10755,2026-09-29 17:34:17,AGENT_15,Senior (6mo+),Violence_HighRisk,Short_Video,0,Manual_Review,126.3,153.6,0,Remove_Delete,0,0.0,None,0,0,Graphic injury footage from sports accident flagged by audience
MOD-2026-10106,2026-09-29 17:47:28,AGENT_13,Senior (6mo+),Hate_Speech,Text_Post,0,Auto_Rejected,3.3,163.0,0,Remove_Delete,0,0.0,None,0,0,Coordinated brigading comments containing coded discriminatory dogwhistles
MOD-2026-11230,2026-09-29 18:12:54,AGENT_15,Senior (6mo+),Fraud_Scams,Static_Image,0,Tier2_Escalated,60.3,141.0,0,Remove_Delete,0,0.0,None,0,0,Gift card prize sweepstakes scam targeting senior account holders
MOD-2026-10289,2026-09-29 18:25:44,AGENT_10,Core (1-6mo),Spam_Commercial,Text_Post,0,Auto_Rejected,3.0,40.3,0,Remove_Delete,0,0.0,None,0,0,Keyword stuffing and hidden redirects on promotional landing page
MOD-2026-10342,2026-09-29 18:39:23,AGENT_12,Senior (6mo+),Spam_Commercial,Static_Image,0,Manual_Review,34.9,166.1,0,Approve_Keep,0,0.0,None,0,0,Keyword stuffing and hidden redirects on promotional landing page
MOD-2026-12327,2026-09-29 18:46:40,AGENT_13,Senior (6mo+),Spam_Commercial,Text_Post,0,Auto_Rejected,2.5,75.7,0,Remove_Delete,0,0.0,None,0,0,Unsolicited commercial affiliate marketing message blast
MOD-2026-10396,2026-09-29 19:28:10,AGENT_08,Core (1-6mo),Spam_Commercial,Static_Image,0,Manual_Review,42.1,199.3,0,Content_Warning,0,0.0,None,0,0,Bulk account creation posting duplicate SEO spam articles
MOD-2026-10169,2026-09-29 20:06:38,AGENT_05,Core (1-6mo),Violence_HighRisk,Static_Image,1,Auto_Rejected,5.0,188.8,1,Remove_Delete,0,0.0,None,0,0,Self-harm reference in private broadcast requiring immediate crisis triage
MOD-2026-10060,2026-09-29 20:07:56,AGENT_02,New Hire (<30d),Hate_Speech,Static_Image,0,Manual_Review,105.1,126.5,0,Remove_Delete,0,0.0,None,0,0,Dehumanizing memes comparing ethnic groups to biological pests
MOD-2026-10922,2026-09-29 20:18:51,AGENT_07,Core (1-6mo),Violence_HighRisk,Short_Video,0,Auto_Approved,4.8,62.6,0,Approve_Keep,0,0.0,None,0,0,Dangerous weapons demonstration video flagged for policy violation
MOD-2026-12059,2026-09-29 20:22:22,AGENT_14,Senior (6mo+),Spam_Commercial,Static_Image,0,Auto_Rejected,5.3,71.5,0,Remove_Delete,0,0.0,None,0,0,Automated script posting identical promotional link 120 times in forum
MOD-2026-10998,2026-09-29 20:29:30,AGENT_04,Core (1-6mo),Spam_Commercial,Static_Image,0,Auto_Approved,2.8,123.3,0,Approve_Keep,0,0.0,None,0,0,Unsolicited commercial affiliate marketing message blast
MOD-2026-10044,2026-09-29 20:35:47,AGENT_05,Core (1-6mo),Fraud_Scams,Text_Post,0,Auto_Approved,3.7,198.6,0,Approve_Keep,1,100.0,None,0,0,Unauthorized credential harvesting page embedded in bio link
MOD-2026-10937,2026-09-29 21:00:49,AGENT_03,New Hire (<30d),Fraud_Scams,Text_Post,0,Auto_Approved,2.9,39.4,0,Approve_Keep,0,0.0,None,0,0,Unauthorized credential harvesting page embedded in bio link
MOD-2026-11530,2026-09-29 21:05:27,AGENT_03,New Hire (<30d),Fraud_Scams,Text_Post,0,Auto_Rejected,4.0,62.2,0,Remove_Delete,0,0.0,None,0,0,Gift card prize sweepstakes scam targeting senior account holders
MOD-2026-10631,2026-09-29 21:17:54,AGENT_03,New Hire (<30d),Fraud_Scams,Text_Post,0,Manual_Review,26.2,38.7,0,Account_Suspend,0,0.0,None,0,0,Gift card prize sweepstakes scam targeting senior account holders
MOD-2026-10243,2026-09-29 21:27:34,AGENT_01,New Hire (<30d),Spam_Commercial,Static_Image,0,Manual_Review,34.6,176.8,0,Remove_Delete,0,0.0,None,0,0,Bulk account creation posting duplicate SEO spam articles
MOD-2026-11150,2026-09-29 21:34:45,AGENT_03,New Hire (<30d),Hate_Speech,Short_Video,0,Manual_Review,189.9,75.7,0,Remove_Delete,0,0.0,None,0,0,Coordinated brigading comments containing coded discriminatory dogwhistles
MOD-2026-10110,2026-09-29 21:50:12,AGENT_09,Core (1-6mo),Fraud_Scams,Static_Image,0,Auto_Rejected,4.0,76.6,0,Remove_Delete,0,0.0,None,0,0,Counterfeit luxury goods listing utilizing stolen trademark imagery
MOD-2026-11949,2026-09-29 22:03:37,AGENT_02,New Hire (<30d),Fraud_Scams,Text_Post,0,Auto_Rejected,5.1,186.2,0,Remove_Delete,1,100.0,None,0,0,Unauthorized credential harvesting page embedded in bio link
MOD-2026-12688,2026-09-29 22:06:47,AGENT_08,Core (1-6mo),Spam_Commercial,Text_Post,0,Auto_Approved,2.9,209.8,0,Approve_Keep,0,0.0,None,0,0,Repetitive bot activity promoting unverified pharmaceutical supplements
MOD-2026-10768,2026-09-29 22:08:42,AGENT_06,Core (1-6mo),Fraud_Scams,Text_Post,0,Manual_Review,33.7,88.6,0,Remove_Delete,0,0.0,None,0,0,Unauthorized credential harvesting page embedded in bio link
MOD-2026-12456,2026-09-29 22:12:46,AGENT_15,Senior (6mo+),Spam_Commercial,Text_Post,0,Auto_Rejected,4.8,100.5,0,Remove_Delete,0,0.0,None,0,0,Keyword stuffing and hidden redirects on promotional landing page
MOD-2026-12582,2026-09-29 22:27:58,AGENT_01,New Hire (<30d),Hate_Speech,Static_Image,0,Auto_Rejected,2.8,70.6,0,Remove_Delete,0,0.0,None,0,0,Derogatory slur targeting protected demographic in comment section
MOD-2026-11293,2026-09-29 22:31:50,AGENT_10,Core (1-6mo),Violence_HighRisk,Static_Image,1,Auto_Rejected,3.1,80.7,0,Remove_Delete,1,100.0,None,0,0,Self-harm reference in private broadcast requiring immediate crisis triage
MOD-2026-12549,2026-09-29 22:35:49,AGENT_04,Core (1-6mo),Spam_Commercial,Text_Post,0,Auto_Approved,5.1,197.2,0,Approve_Keep,0,0.0,None,0,0,Repetitive bot activity promoting unverified pharmaceutical supplements
MOD-2026-11068,2026-09-29 22:51:30,AGENT_09,Core (1-6mo),Fraud_Scams,Text_Post,0,Auto_Rejected,3.5,83.1,0,Remove_Delete,0,0.0,None,1,0,Cryptocurrency investment scheme promising guaranteed 500% daily returns
MOD-2026-12464,2026-09-29 23:10:16,AGENT_06,Core (1-6mo),Emergency_TCO,Short_Video,1,Manual_Review,215.4,50.7,0,Approve_Keep,1,100.0,None,0,0,Emergency legal escalation concerning imminent threat of platform violence
MOD-2026-12077,2026-09-29 23:22:16,AGENT_02,New Hire (<30d),Violence_HighRisk,Static_Image,0,Manual_Review,67.7,119.5,0,Remove_Delete,1,100.0,None,1,0,Threatening physical altercation clip uploaded without contextual warning
MOD-2026-11223,2026-09-29 23:47:41,AGENT_12,Senior (6mo+),Emergency_TCO,Text_Post,1,Tier2_Escalated,43.4,57.4,0,Remove_Delete,0,0.0,None,0,0,Coordinated tactical propaganda audio recording flagged by intelligence unit
MOD-2026-12021,2026-09-29 23:50:28,AGENT_01,New Hire (<30d),Violence_HighRisk,Short_Video,1,Manual_Review,276.1,39.4,0,Remove_Delete,1,100.0,None,1,0,Graphic injury footage from sports accident flagged by audience
MOD-2026-10784,2026-09-29 23:59:02,AGENT_15,Senior (6mo+),Spam_Commercial,Text_Post,0,Manual_Review,20.9,218.2,0,Remove_Delete,0,0.0,None,0,0,Repetitive bot activity promoting unverified pharmaceutical supplements
MOD-2026-11095,2026-09-30 00:04:20,AGENT_03,New Hire (<30d),Violence_HighRisk,Live_Stream,1,Manual_Review,297.6,129.4,0,Remove_Delete,0,0.0,None,0,0,Self-harm reference in private broadcast requiring immediate crisis triage
MOD-2026-10081,2026-09-30 00:30:00,AGENT_11,Core (1-6mo),Spam_Commercial,Text_Post,0,Auto_Approved,3.5,65.5,0,Approve_Keep,1,100.0,None,0,0,Automated script posting identical promotional link 120 times in forum
MOD-2026-10332,2026-09-30 00:42:15,AGENT_06,Core (1-6mo),Violence_HighRisk,Short_Video,1,Auto_Rejected,5.5,150.7,0,Remove_Delete,0,0.0,None,0,0,Dangerous weapons demonstration video flagged for policy violation
MOD-2026-10047,2026-09-30 00:49:42,AGENT_11,Core (1-6mo),Hate_Speech,Text_Post,1,Auto_Rejected,5.0,276.1,1,Remove_Delete,0,0.0,None,0,0,Coordinated brigading comments containing coded discriminatory dogwhistles
MOD-2026-10812,2026-09-30 00:52:17,AGENT_02,New Hire (<30d),Violence_HighRisk,Text_Post,1,Auto_Rejected,5.6,72.8,0,Remove_Delete,0,0.0,None,0,0,Threatening physical altercation clip uploaded without contextual warning
MOD-2026-12433,2026-09-30 01:11:45,AGENT_11,Core (1-6mo),Hate_Speech,Static_Image,0,Auto_Approved,4.7,312.0,1,Approve_Keep,0,0.0,None,0,0,Dehumanizing memes comparing ethnic groups to biological pests
MOD-2026-10793,2026-09-30 01:13:02,AGENT_11,Core (1-6mo),Violence_HighRisk,Live_Stream,1,Manual_Review,234.8,203.2,1,Escalate,0,0.0,None,0,0,Dangerous weapons demonstration video flagged for policy violation
MOD-2026-10716,2026-09-30 01:42:55,AGENT_02,New Hire (<30d),Hate_Speech,Text_Post,0,Manual_Review,32.9,151.7,0,Content_Warning,0,0.0,None,0,0,Coordinated brigading comments containing coded discriminatory dogwhistles
MOD-2026-12459,2026-09-30 01:53:20,AGENT_05,Core (1-6mo),Spam_Commercial,Static_Image,0,Auto_Rejected,3.7,83.9,0,Remove_Delete,0,0.0,None,1,0,Bulk account creation posting duplicate SEO spam articles
MOD-2026-12181,2026-09-30 02:09:47,AGENT_09,Core (1-6mo),Fraud_Scams,Text_Post,0,Manual_Review,24.0,45.5,0,Remove_Delete,0,0.0,None,1,0,Gift card prize sweepstakes scam targeting senior account holders
MOD-2026-10593,2026-09-30 03:10:59,AGENT_09,Core (1-6mo),Fraud_Scams,Static_Image,0,Manual_Review,57.7,210.5,0,Approve_Keep,0,0.0,None,0,0,Phishing link impersonating official platform customer verification support
MOD-2026-10101,2026-09-30 03:12:16,AGENT_06,Core (1-6mo),Spam_Commercial,Text_Post,0,Manual_Review,22.4,33.1,0,Remove_Delete,0,0.0,None,0,0,Repetitive bot activity promoting unverified pharmaceutical supplements
MOD-2026-11032,2026-09-30 03:14:29,AGENT_02,New Hire (<30d),Violence_HighRisk,Short_Video,1,Manual_Review,161.5,36.6,0,Content_Warning,0,0.0,None,0,0,Dangerous weapons demonstration video flagged for policy violation
MOD-2026-11264,2026-09-30 03:15:02,AGENT_12,Senior (6mo+),Emergency_TCO,Short_Video,1,Tier2_Escalated,159.0,47.6,0,Remove_Delete,0,0.0,None,0,0,Suspected terrorist recruitment video uploaded across multiple hashtags
MOD-2026-11973,2026-09-30 03:31:05,AGENT_13,Senior (6mo+),Violence_HighRisk,Static_Image,0,Tier2_Escalated,69.2,83.7,0,Approve_Keep,0,0.0,None,0,0,Reported altercation outside transit station with physical violence
MOD-2026-11190,2026-09-30 03:32:47,AGENT_15,Senior (6mo+),Fraud_Scams,Text_Post,0,Tier2_Escalated,23.0,199.7,0,Remove_Delete,0,0.0,None,0,0,Counterfeit luxury goods listing utilizing stolen trademark imagery
MOD-2026-10058,2026-09-30 03:50:53,AGENT_04,Core (1-6mo),Hate_Speech,Text_Post,0,Manual_Review,30.6,204.9,0,Remove_Delete,0,0.0,None,0,0,Coordinated brigading comments containing coded discriminatory dogwhistles
MOD-2026-12098,2026-09-30 03:51:29,AGENT_12,Senior (6mo+),Hate_Speech,Text_Post,0,Manual_Review,37.9,319.0,1,Approve_Keep,0,0.0,None,0,0,Nuanced political satire flagged by automated keyword filter as hate
MOD-2026-12291,2026-09-30 04:36:18,AGENT_02,New Hire (<30d),Fraud_Scams,Static_Image,0,Auto_Rejected,5.0,40.1,0,Remove_Delete,0,0.0,None,0,0,Gift card prize sweepstakes scam targeting senior account holders
MOD-2026-10588,2026-09-30 04:48:42,AGENT_11,Core (1-6mo),Fraud_Scams,Text_Post,0,Manual_Review,18.8,48.7,0,Remove_Delete,0,0.0,None,0,0,Cryptocurrency investment scheme promising guaranteed 500% daily returns
MOD-2026-11803,2026-09-30 04:51:12,AGENT_06,Core (1-6mo),Spam_Commercial,Text_Post,0,Manual_Review,21.8,197.5,0,Approve_Keep,0,0.0,None,0,0,Keyword stuffing and hidden redirects on promotional landing page
MOD-2026-11866,2026-09-30 05:00:34,AGENT_07,Core (1-6mo),Spam_Commercial,Text_Post,0,Auto_Approved,6.0,127.0,0,Approve_Keep,0,0.0,None,0,0,Repetitive bot activity promoting unverified pharmaceutical supplements
MOD-2026-12787,2026-09-30 05:09:17,AGENT_01,New Hire (<30d),Fraud_Scams,Static_Image,0,Manual_Review,100.2,102.9,0,Remove_Delete,0,0.0,None,0,0,Unauthorized credential harvesting page embedded in bio link
MOD-2026-10421,2026-09-30 05:13:00,AGENT_03,New Hire (<30d),Violence_HighRisk,Text_Post,1,Manual_Review,64.6,94.9,0,Approve_Keep,0,0.0,None,0,0,Reported altercation outside transit station with physical violence
MOD-2026-12078,2026-09-30 05:23:17,AGENT_08,Core (1-6mo),Hate_Speech,Text_Post,0,Manual_Review,36.5,307.2,1,Remove_Delete,0,0.0,None,0,0,Coordinated brigading comments containing coded discriminatory dogwhistles
MOD-2026-11362,2026-09-30 05:58:55,AGENT_11,Core (1-6mo),Fraud_Scams,Text_Post,0,Auto_Rejected,5.4,78.5,0,Remove_Delete,0,0.0,None,0,0,Unauthorized credential harvesting page embedded in bio link
MOD-2026-10807,2026-09-30 06:12:44,AGENT_11,Core (1-6mo),Spam_Commercial,Text_Post,0,Manual_Review,19.9,166.2,0,Remove_Delete,0,0.0,None,0,0,Keyword stuffing and hidden redirects on promotional landing page
MOD-2026-12343,2026-09-30 07:00:19,AGENT_02,New Hire (<30d),Spam_Commercial,Static_Image,0,Manual_Review,63.4,218.3,0,Remove_Delete,0,0.0,None,1,0,Bulk account creation posting duplicate SEO spam articles
MOD-2026-10956,2026-09-30 07:02:00,AGENT_13,Senior (6mo+),Violence_HighRisk,Live_Stream,0,Manual_Review,316.9,109.5,0,Approve_Keep,0,0.0,None,0,0,Self-harm reference in private broadcast requiring immediate crisis triage
MOD-2026-12338,2026-09-30 07:15:44,AGENT_04,Core (1-6mo),Hate_Speech,Static_Image,0,Auto_Approved,4.9,160.9,0,Approve_Keep,0,0.0,None,0,0,Dehumanizing memes comparing ethnic groups to biological pests
MOD-2026-11353,2026-09-30 07:57:14,AGENT_02,New Hire (<30d),Fraud_Scams,Static_Image,0,Manual_Review,79.0,26.5,0,Account_Suspend,0,0.0,None,0,0,Unauthorized credential harvesting page embedded in bio link
MOD-2026-11351,2026-09-30 07:59:19,AGENT_06,Core (1-6mo),Fraud_Scams,Static_Image,0,Auto_Rejected,2.6,110.6,0,Remove_Delete,1,100.0,None,0,0,Counterfeit luxury goods listing utilizing stolen trademark imagery
MOD-2026-12036,2026-09-30 08:45:54,AGENT_13,Senior (6mo+),Violence_HighRisk,Short_Video,1,Auto_Rejected,5.3,223.3,1,Remove_Delete,0,0.0,None,0,0,Threatening physical altercation clip uploaded without contextual warning
MOD-2026-11288,2026-09-30 08:46:53,AGENT_05,Core (1-6mo),Fraud_Scams,Live_Stream,0,Manual_Review,261.8,104.1,0,Remove_Delete,0,0.0,None,0,0,Unauthorized credential harvesting page embedded in bio link
MOD-2026-10917,2026-09-30 08:55:00,AGENT_10,Core (1-6mo),Hate_Speech,Static_Image,0,Auto_Rejected,2.5,95.9,0,Remove_Delete,0,0.0,None,0,0,Incitement to boycott and harass private individual based on religion
MOD-2026-11727,2026-09-30 08:56:26,AGENT_10,Core (1-6mo),Hate_Speech,Text_Post,1,Manual_Review,44.7,95.3,0,Approve_Keep,0,0.0,None,0,0,Coordinated brigading comments containing coded discriminatory dogwhistles
MOD-2026-11213,2026-09-30 09:04:00,AGENT_11,Core (1-6mo),Fraud_Scams,Text_Post,0,Auto_Rejected,5.5,108.5,0,Remove_Delete,0,0.0,None,1,0,Counterfeit luxury goods listing utilizing stolen trademark imagery
MOD-2026-10175,2026-09-30 09:09:50,AGENT_01,New Hire (<30d),Violence_HighRisk,Short_Video,0,Auto_Rejected,4.5,54.7,0,Remove_Delete,0,0.0,None,0,0,Self-harm reference in private broadcast requiring immediate crisis triage
MOD-2026-12163,2026-09-30 09:18:49,AGENT_11,Core (1-6mo),Violence_HighRisk,Live_Stream,0,Auto_Rejected,5.5,33.7,0,Remove_Delete,0,0.0,None,0,0,Reported altercation outside transit station with physical violence
MOD-2026-11835,2026-09-30 09:25:56,AGENT_14,Senior (6mo+),Violence_HighRisk,Static_Image,0,Auto_Rejected,5.2,201.0,1,Remove_Delete,0,0.0,None,0,0,Reported altercation outside transit station with physical violence
MOD-2026-11669,2026-09-30 09:30:42,AGENT_03,New Hire (<30d),Spam_Commercial,Static_Image,0,Manual_Review,65.5,35.9,0,Remove_Delete,0,0.0,None,0,0,Keyword stuffing and hidden redirects on promotional landing page
MOD-2026-12382,2026-09-30 09:38:36,AGENT_11,Core (1-6mo),Emergency_TCO,Live_Stream,1,Manual_Review,265.4,29.4,0,Remove_Delete,0,0.0,None,0,0,Emergency legal escalation concerning imminent threat of platform violence
MOD-2026-10514,2026-09-30 09:49:17,AGENT_11,Core (1-6mo),Spam_Commercial,Text_Post,0,Auto_Approved,4.7,62.2,0,Approve_Keep,0,0.0,None,0,0,Repetitive bot activity promoting unverified pharmaceutical supplements
MOD-2026-10951,2026-09-30 10:05:10,AGENT_06,Core (1-6mo),Violence_HighRisk,Static_Image,0,Manual_Review,74.1,158.5,0,Approve_Keep,1,100.0,None,0,0,Threatening physical altercation clip uploaded without contextual warning
MOD-2026-11700,2026-09-30 10:21:42,AGENT_12,Senior (6mo+),Hate_Speech,Static_Image,0,Tier2_Escalated,50.2,100.4,0,Content_Warning,0,0.0,None,0,0,Incitement to boycott and harass private individual based on religion
MOD-2026-11738,2026-09-30 10:51:17,AGENT_11,Core (1-6mo),Hate_Speech,Static_Image,1,Manual_Review,45.0,305.6,1,Remove_Delete,0,0.0,None,0,0,Dehumanizing memes comparing ethnic groups to biological pests
MOD-2026-11528,2026-09-30 10:56:14,AGENT_08,Core (1-6mo),Spam_Commercial,Text_Post,0,Auto_Rejected,4.8,59.7,0,Remove_Delete,0,0.0,None,0,0,Bulk account creation posting duplicate SEO spam articles
MOD-2026-12514,2026-09-30 11:07:13,AGENT_13,Senior (6mo+),Hate_Speech,Static_Image,1,Manual_Review,43.6,144.6,0,Remove_Delete,0,0.0,None,0,0,Coordinated brigading comments containing coded discriminatory dogwhistles
MOD-2026-10507,2026-09-30 12:23:41,AGENT_07,Core (1-6mo),Spam_Commercial,Text_Post,0,Auto_Rejected,4.5,26.7,0,Remove_Delete,1,100.0,None,0,0,Keyword stuffing and hidden redirects on promotional landing page
MOD-2026-10158,2026-09-30 12:31:17,AGENT_15,Senior (6mo+),Emergency_TCO,Short_Video,1,Tier2_Escalated,95.2,71.7,1,Remove_Delete,0,0.0,None,0,0,Violent extremist manifestos distribution attempt flagged by cross-platform hash
MOD-2026-11401,2026-09-30 12:43:59,AGENT_12,Senior (6mo+),Spam_Commercial,Text_Post,0,Auto_Approved,4.3,32.8,0,Approve_Keep,0,0.0,None,0,0,Unsolicited commercial affiliate marketing message blast
MOD-2026-12278,2026-09-30 12:45:54,AGENT_05,Core (1-6mo),Fraud_Scams,Text_Post,0,Auto_Approved,5.7,150.2,0,Approve_Keep,0,0.0,None,0,0,Counterfeit luxury goods listing utilizing stolen trademark imagery
MOD-2026-11896,2026-09-30 12:59:29,AGENT_13,Senior (6mo+),Hate_Speech,Static_Image,1,Manual_Review,55.6,161.7,0,Account_Suspend,0,0.0,None,0,0,Incitement to boycott and harass private individual based on religion
MOD-2026-12736,2026-09-30 13:08:34,AGENT_06,Core (1-6mo),Violence_HighRisk,Short_Video,1,Auto_Rejected,4.7,103.7,0,Remove_Delete,0,0.0,None,0,0,Reported altercation outside transit station with physical violence
MOD-2026-10864,2026-09-30 13:16:29,AGENT_05,Core (1-6mo),Violence_HighRisk,Static_Image,0,Auto_Rejected,3.7,46.4,0,Remove_Delete,0,0.0,None,0,0,Threatening physical altercation clip uploaded without contextual warning
MOD-2026-10926,2026-09-30 13:17:31,AGENT_09,Core (1-6mo),Spam_Commercial,Text_Post,0,Auto_Rejected,4.7,152.9,0,Remove_Delete,0,0.0,None,0,0,Repetitive bot activity promoting unverified pharmaceutical supplements
MOD-2026-10878,2026-09-30 13:31:45,AGENT_06,Core (1-6mo),Fraud_Scams,Static_Image,0,Manual_Review,68.7,105.2,0,Account_Suspend,0,0.0,None,0,0,Unauthorized credential harvesting page embedded in bio link
MOD-2026-10746,2026-09-30 14:02:53,AGENT_15,Senior (6mo+),Emergency_TCO,Static_Image,1,Manual_Review,69.3,25.3,0,Escalate,0,0.0,None,0,0,Coordinated tactical propaganda audio recording flagged by intelligence unit
MOD-2026-10726,2026-09-30 14:18:34,AGENT_07,Core (1-6mo),Spam_Commercial,Static_Image,0,Auto_Approved,5.1,172.6,0,Approve_Keep,0,0.0,None,0,0,Repetitive bot activity promoting unverified pharmaceutical supplements
MOD-2026-12773,2026-09-30 14:20:46,AGENT_04,Core (1-6mo),Fraud_Scams,Live_Stream,0,Manual_Review,237.7,179.9,0,Remove_Delete,0,0.0,None,0,0,Counterfeit luxury goods listing utilizing stolen trademark imagery
MOD-2026-12148,2026-09-30 14:39:02,AGENT_12,Senior (6mo+),Violence_HighRisk,Short_Video,0,Manual_Review,157.4,36.7,0,Approve_Keep,0,0.0,None,0,0,Threatening physical altercation clip uploaded without contextual warning
MOD-2026-10859,2026-09-30 14:47:38,AGENT_12,Senior (6mo+),Violence_HighRisk,Short_Video,0,Tier2_Escalated,141.4,236.2,1,Remove_Delete,0,0.0,None,0,0,Reported altercation outside transit station with physical violence
MOD-2026-10762,2026-09-30 15:17:44,AGENT_05,Core (1-6mo),Emergency_TCO,Short_Video,1,Manual_Review,224.3,60.1,1,Escalate,0,0.0,None,0,0,Suspected terrorist recruitment video uploaded across multiple hashtags
MOD-2026-10210,2026-09-30 15:27:57,AGENT_04,Core (1-6mo),Spam_Commercial,Text_Post,0,Auto_Approved,3.7,173.8,0,Approve_Keep,0,0.0,None,0,0,Bulk account creation posting duplicate SEO spam articles
MOD-2026-12554,2026-09-30 15:40:40,AGENT_08,Core (1-6mo),Spam_Commercial,Static_Image,0,Auto_Rejected,2.8,58.0,0,Remove_Delete,0,0.0,None,0,0,Automated script posting identical promotional link 120 times in forum
MOD-2026-10555,2026-09-30 16:13:54,AGENT_11,Core (1-6mo),Fraud_Scams,Text_Post,0,Manual_Review,35.5,199.9,0,Remove_Delete,0,0.0,None,0,0,Phishing link impersonating official platform customer verification support
MOD-2026-12720,2026-09-30 16:17:29,AGENT_05,Core (1-6mo),Spam_Commercial,Live_Stream,0,Manual_Review,176.3,27.2,0,Approve_Keep,0,0.0,None,0,0,Unsolicited commercial affiliate marketing message blast
MOD-2026-11756,2026-09-30 16:24:29,AGENT_04,Core (1-6mo),Fraud_Scams,Text_Post,0,Manual_Review,24.3,116.7,0,Account_Suspend,1,100.0,None,0,0,Gift card prize sweepstakes scam targeting senior account holders
MOD-2026-10817,2026-09-30 16:42:27,AGENT_03,New Hire (<30d),Spam_Commercial,Static_Image,0,Manual_Review,32.4,41.6,0,Approve_Keep,0,0.0,None,0,0,Keyword stuffing and hidden redirects on promotional landing page
MOD-2026-10079,2026-09-30 17:12:41,AGENT_14,Senior (6mo+),Emergency_TCO,Static_Image,1,Auto_Rejected,4.3,42.4,0,Remove_Delete,0,0.0,None,0,0,Urgent notice-and-action request under EU 1-hour removal mandate
MOD-2026-11072,2026-09-30 17:13:38,AGENT_08,Core (1-6mo),Fraud_Scams,Text_Post,0,Manual_Review,34.4,77.3,0,Account_Suspend,0,0.0,None,0,0,Unauthorized credential harvesting page embedded in bio link
MOD-2026-10765,2026-09-30 17:35:14,AGENT_03,New Hire (<30d),Spam_Commercial,Text_Post,0,Manual_Review,20.0,170.0,0,Remove_Delete,0,0.0,None,0,0,Bulk account creation posting duplicate SEO spam articles
MOD-2026-12585,2026-09-30 18:25:13,AGENT_02,New Hire (<30d),Fraud_Scams,Text_Post,0,Auto_Approved,5.3,172.6,0,Approve_Keep,0,0.0,None,0,0,Counterfeit luxury goods listing utilizing stolen trademark imagery
MOD-2026-10881,2026-09-30 18:27:31,AGENT_07,Core (1-6mo),Fraud_Scams,Text_Post,0,Auto_Rejected,5.2,130.3,0,Remove_Delete,1,100.0,None,0,0,Counterfeit luxury goods listing utilizing stolen trademark imagery
MOD-2026-12708,2026-09-30 18:33:29,AGENT_09,Core (1-6mo),Fraud_Scams,Static_Image,0,Manual_Review,56.7,208.1,0,Remove_Delete,0,0.0,None,0,0,Unauthorized credential harvesting page embedded in bio link
MOD-2026-10932,2026-09-30 18:59:13,AGENT_07,Core (1-6mo),Spam_Commercial,Static_Image,0,Auto_Rejected,5.9,112.3,0,Remove_Delete,0,0.0,None,1,0,Automated script posting identical promotional link 120 times in forum
MOD-2026-10043,2026-09-30 20:06:33,AGENT_14,Senior (6mo+),Hate_Speech,Short_Video,0,Auto_Approved,3.4,113.0,0,Approve_Keep,0,0.0,None,0,0,Coordinated brigading comments containing coded discriminatory dogwhistles
MOD-2026-12447,2026-09-30 20:13:08,AGENT_11,Core (1-6mo),Violence_HighRisk,Short_Video,1,Auto_Rejected,3.5,212.5,1,Remove_Delete,0,0.0,None,0,0,Dangerous weapons demonstration video flagged for policy violation
MOD-2026-12555,2026-09-30 20:35:05,AGENT_15,Senior (6mo+),Violence_HighRisk,Short_Video,1,Auto_Approved,5.1,198.5,1,Approve_Keep,0,0.0,None,0,0,Dangerous weapons demonstration video flagged for policy violation
MOD-2026-12056,2026-09-30 21:55:42,AGENT_01,New Hire (<30d),Violence_HighRisk,Short_Video,1,Manual_Review,323.7,128.8,0,Approve_Keep,0,0.0,None,0,0,Dangerous weapons demonstration video flagged for policy violation
MOD-2026-11256,2026-09-30 21:56:37,AGENT_06,Core (1-6mo),Spam_Commercial,Live_Stream,0,Auto_Approved,5.4,51.9,0,Approve_Keep,0,0.0,None,0,0,Unsolicited commercial affiliate marketing message blast
MOD-2026-10596,2026-09-30 22:19:51,AGENT_11,Core (1-6mo),Violence_HighRisk,Static_Image,1,Manual_Review,56.7,254.9,1,Remove_Delete,1,100.0,None,0,0,Graphic injury footage from sports accident flagged by audience
MOD-2026-10335,2026-09-30 22:36:55,AGENT_08,Core (1-6mo),Hate_Speech,Static_Image,0,Auto_Rejected,4.5,69.2,0,Remove_Delete,0,0.0,None,0,0,Nuanced political satire flagged by automated keyword filter as hate
MOD-2026-10945,2026-09-30 22:40:29,AGENT_06,Core (1-6mo),Spam_Commercial,Text_Post,0,Auto_Approved,4.5,136.9,0,Approve_Keep,0,0.0,None,0,0,Automated script posting identical promotional link 120 times in forum
MOD-2026-11764,2026-09-30 22:57:55,AGENT_06,Core (1-6mo),Fraud_Scams,Short_Video,0,Auto_Approved,3.5,107.0,0,Approve_Keep,0,0.0,None,0,0,Unauthorized credential harvesting page embedded in bio link
MOD-2026-10118,2026-09-30 23:05:25,AGENT_05,Core (1-6mo),Violence_HighRisk,Short_Video,1,Manual_Review,129.8,228.8,1,Content_Warning,0,0.0,None,0,0,Threatening physical altercation clip uploaded without contextual warning
MOD-2026-11425,2026-09-30 23:09:47,AGENT_05,Core (1-6mo),Hate_Speech,Static_Image,0,Manual_Review,67.2,302.1,1,Remove_Delete,0,0.0,None,0,0,Dehumanizing memes comparing ethnic groups to biological pests
MOD-2026-10564,2026-09-30 23:10:27,AGENT_13,Senior (6mo+),Hate_Speech,Static_Image,0,Auto_Rejected,4.5,85.4,0,Remove_Delete,0,0.0,None,0,0,Nuanced political satire flagged by automated keyword filter as hate
MOD-2026-11618,2026-09-30 23:17:32,AGENT_12,Senior (6mo+),Spam_Commercial,Text_Post,0,Tier2_Escalated,12.7,181.1,0,Remove_Delete,0,0.0,None,0,0,Unsolicited commercial affiliate marketing message blast
MOD-2026-11968,2026-09-30 23:57:43,AGENT_13,Senior (6mo+),Fraud_Scams,Static_Image,0,Auto_Rejected,4.6,185.3,0,Remove_Delete,0,0.0,None,0,0,Gift card prize sweepstakes scam targeting senior account holders
MOD-2026-10990,2026-10-01 00:07:42,AGENT_06,Core (1-6mo),Spam_Commercial,Text_Post,0,Auto_Approved,5.8,28.4,0,Approve_Keep,0,0.0,None,0,0,Unsolicited commercial affiliate marketing message blast
MOD-2026-11176,2026-10-01 00:17:58,AGENT_12,Senior (6mo+),Fraud_Scams,Text_Post,0,Auto_Rejected,3.3,111.4,0,Remove_Delete,0,0.0,None,0,0,Counterfeit luxury goods listing utilizing stolen trademark imagery
MOD-2026-10148,2026-10-01 00:44:36,AGENT_08,Core (1-6mo),Hate_Speech,Live_Stream,0,Auto_Rejected,4.4,146.5,0,Remove_Delete,0,0.0,None,0,0,Coordinated brigading comments containing coded discriminatory dogwhistles
MOD-2026-12107,2026-10-01 01:04:45,AGENT_03,New Hire (<30d),Hate_Speech,Static_Image,0,Manual_Review,83.4,69.4,0,Remove_Delete,0,0.0,None,0,0,Dehumanizing memes comparing ethnic groups to biological pests
MOD-2026-10034,2026-10-01 01:30:02,AGENT_12,Senior (6mo+),Hate_Speech,Live_Stream,0,Tier2_Escalated,313.1,116.8,0,Remove_Delete,0,0.0,None,1,0,Incitement to boycott and harass private individual based on religion
MOD-2026-11371,2026-10-01 01:50:27,AGENT_06,Core (1-6mo),Fraud_Scams,Text_Post,0,Auto_Rejected,4.9,74.4,0,Remove_Delete,0,0.0,None,0,0,Unauthorized credential harvesting page embedded in bio link
MOD-2026-10409,2026-10-01 02:42:39,AGENT_07,Core (1-6mo),Fraud_Scams,Static_Image,0,Manual_Review,61.4,112.8,0,Account_Suspend,0,0.0,None,0,0,Counterfeit luxury goods listing utilizing stolen trademark imagery
MOD-2026-12095,2026-10-01 03:03:33,AGENT_14,Senior (6mo+),Spam_Commercial,Static_Image,0,Auto_Approved,5.7,97.6,0,Approve_Keep,0,0.0,None,0,0,Keyword stuffing and hidden redirects on promotional landing page
MOD-2026-10978,2026-10-01 03:07:14,AGENT_12,Senior (6mo+),Spam_Commercial,Static_Image,0,Manual_Review,28.5,63.0,0,Remove_Delete,1,100.0,None,0,0,Automated script posting identical promotional link 120 times in forum
MOD-2026-11681,2026-10-01 03:52:59,AGENT_09,Core (1-6mo),Violence_HighRisk,Short_Video,0,Auto_Rejected,5.4,76.0,0,Remove_Delete,1,0.0,False_Positive,1,1,Self-harm reference in private broadcast requiring immediate crisis triage
MOD-2026-10665,2026-10-01 04:08:26,AGENT_03,New Hire (<30d),Fraud_Scams,Static_Image,0,Manual_Review,41.3,198.1,0,Remove_Delete,0,0.0,None,0,0,Counterfeit luxury goods listing utilizing stolen trademark imagery
MOD-2026-11026,2026-10-01 04:10:47,AGENT_05,Core (1-6mo),Spam_Commercial,Text_Post,0,Auto_Rejected,2.9,132.0,0,Remove_Delete,0,0.0,None,0,0,Bulk account creation posting duplicate SEO spam articles
MOD-2026-12652,2026-10-01 04:38:30,AGENT_13,Senior (6mo+),Hate_Speech,Static_Image,0,Manual_Review,40.4,203.2,0,Remove_Delete,0,0.0,None,0,0,Coordinated brigading comments containing coded discriminatory dogwhistles
MOD-2026-11653,2026-10-01 04:41:31,AGENT_10,Core (1-6mo),Spam_Commercial,Text_Post,0,Auto_Approved,5.2,70.9,0,Approve_Keep,0,0.0,None,0,0,Bulk account creation posting duplicate SEO spam articles
MOD-2026-11459,2026-10-01 04:45:46,AGENT_06,Core (1-6mo),Fraud_Scams,Text_Post,0,Auto_Approved,4.4,111.6,0,Approve_Keep,0,0.0,None,0,0,Phishing link impersonating official platform customer verification support
MOD-2026-11011,2026-10-01 04:56:15,AGENT_02,New Hire (<30d),Spam_Commercial,Text_Post,0,Auto_Rejected,4.8,114.3,0,Remove_Delete,0,0.0,None,1,0,Keyword stuffing and hidden redirects on promotional landing page
MOD-2026-11579,2026-10-01 05:05:48,AGENT_13,Senior (6mo+),Fraud_Scams,Short_Video,0,Manual_Review,136.6,135.9,0,Escalate,0,0.0,None,0,0,Cryptocurrency investment scheme promising guaranteed 500% daily returns
MOD-2026-10379,2026-10-01 05:16:19,AGENT_03,New Hire (<30d),Violence_HighRisk,Short_Video,1,Auto_Rejected,3.9,252.9,1,Remove_Delete,0,0.0,None,0,0,Graphic injury footage from sports accident flagged by audience
MOD-2026-10996,2026-10-01 05:30:24,AGENT_15,Senior (6mo+),Fraud_Scams,Text_Post,0,Manual_Review,31.4,106.7,0,Account_Suspend,0,0.0,None,0,0,Gift card prize sweepstakes scam targeting senior account holders
MOD-2026-11406,2026-10-01 05:39:54,AGENT_15,Senior (6mo+),Fraud_Scams,Static_Image,0,Manual_Review,25.8,65.2,0,Approve_Keep,0,0.0,None,0,0,Gift card prize sweepstakes scam targeting senior account holders
MOD-2026-11657,2026-10-01 05:57:56,AGENT_08,Core (1-6mo),Fraud_Scams,Short_Video,0,Manual_Review,193.9,138.8,0,Remove_Delete,1,100.0,None,0,0,Cryptocurrency investment scheme promising guaranteed 500% daily returns
MOD-2026-11304,2026-10-01 05:58:29,AGENT_07,Core (1-6mo),Spam_Commercial,Text_Post,0,Manual_Review,15.2,29.7,0,Approve_Keep,0,0.0,None,0,0,Keyword stuffing and hidden redirects on promotional landing page
MOD-2026-11449,2026-10-01 06:08:37,AGENT_02,New Hire (<30d),Violence_HighRisk,Static_Image,1,Auto_Rejected,5.6,165.5,0,Remove_Delete,0,0.0,None,0,0,Dangerous weapons demonstration video flagged for policy violation
MOD-2026-12202,2026-10-01 06:59:47,AGENT_01,New Hire (<30d),Spam_Commercial,Text_Post,0,Auto_Rejected,4.5,144.3,0,Remove_Delete,0,0.0,None,0,0,Repetitive bot activity promoting unverified pharmaceutical supplements
MOD-2026-12374,2026-10-01 07:02:32,AGENT_13,Senior (6mo+),Emergency_TCO,Text_Post,1,Manual_Review,24.6,53.8,0,Remove_Delete,0,0.0,None,0,0,Emergency legal escalation concerning imminent threat of platform violence
MOD-2026-11094,2026-10-01 07:05:12,AGENT_06,Core (1-6mo),Hate_Speech,Static_Image,0,Manual_Review,50.3,199.3,0,Approve_Keep,0,0.0,None,0,0,Dehumanizing memes comparing ethnic groups to biological pests
MOD-2026-11477,2026-10-01 07:09:05,AGENT_03,New Hire (<30d),Fraud_Scams,Short_Video,0,Auto_Rejected,5.8,131.5,0,Remove_Delete,0,0.0,None,0,0,Unauthorized credential harvesting page embedded in bio link
MOD-2026-12608,2026-10-01 07:10:04,AGENT_11,Core (1-6mo),Violence_HighRisk,Live_Stream,0,Auto_Approved,4.3,180.7,1,Approve_Keep,0,0.0,None,0,0,Graphic injury footage from sports accident flagged by audience
MOD-2026-10377,2026-10-01 07:29:02,AGENT_06,Core (1-6mo),Fraud_Scams,Text_Post,0,Auto_Approved,5.4,152.2,0,Approve_Keep,0,0.0,None,0,0,Counterfeit luxury goods listing utilizing stolen trademark imagery
MOD-2026-10552,2026-10-01 07:42:41,AGENT_02,New Hire (<30d),Spam_Commercial,Static_Image,0,Manual_Review,45.2,113.1,0,Approve_Keep,0,0.0,None,0,0,Keyword stuffing and hidden redirects on promotional landing page
MOD-2026-12406,2026-10-01 08:01:50,AGENT_02,New Hire (<30d),Hate_Speech,Text_Post,1,Auto_Approved,3.9,99.1,0,Approve_Keep,1,100.0,None,0,0,Incitement to boycott and harass private individual based on religion
MOD-2026-12563,2026-10-01 08:08:15,AGENT_09,Core (1-6mo),Spam_Commercial,Text_Post,0,Auto_Approved,4.2,40.2,0,Approve_Keep,0,0.0,None,0,0,Repetitive bot activity promoting unverified pharmaceutical supplements
MOD-2026-12067,2026-10-01 08:23:03,AGENT_07,Core (1-6mo),Hate_Speech,Text_Post,0,Manual_Review,26.5,231.5,0,Approve_Keep,1,100.0,None,0,0,Nuanced political satire flagged by automated keyword filter as hate
MOD-2026-10163,2026-10-01 08:36:27,AGENT_10,Core (1-6mo),Violence_HighRisk,Live_Stream,1,Manual_Review,357.9,98.8,0,Remove_Delete,0,0.0,None,0,0,Self-harm reference in private broadcast requiring immediate crisis triage
MOD-2026-10227,2026-10-01 09:10:35,AGENT_13,Senior (6mo+),Violence_HighRisk,Static_Image,1,Tier2_Escalated,70.4,174.8,0,Remove_Delete,0,0.0,None,0,0,Self-harm reference in private broadcast requiring immediate crisis triage
MOD-2026-12649,2026-10-01 09:26:02,AGENT_15,Senior (6mo+),Fraud_Scams,Static_Image,0,Auto_Approved,3.9,41.2,0,Approve_Keep,1,100.0,None,0,0,Gift card prize sweepstakes scam targeting senior account holders
MOD-2026-10376,2026-10-01 09:37:00,AGENT_15,Senior (6mo+),Hate_Speech,Short_Video,0,Manual_Review,147.5,183.0,0,Approve_Keep,0,0.0,None,0,0,Derogatory slur targeting protected demographic in comment section
MOD-2026-11098,2026-10-01 09:43:36,AGENT_14,Senior (6mo+),Emergency_TCO,Short_Video,1,Tier2_Escalated,121.3,30.8,0,Escalate,0,0.0,None,0,0,Violent extremist manifestos distribution attempt flagged by cross-platform hash
MOD-2026-11085,2026-10-01 10:08:11,AGENT_03,New Hire (<30d),Hate_Speech,Static_Image,1,Auto_Rejected,4.3,188.9,0,Remove_Delete,0,0.0,None,0,0,Dehumanizing memes comparing ethnic groups to biological pests
MOD-2026-10629,2026-10-01 10:19:00,AGENT_13,Senior (6mo+),Hate_Speech,Short_Video,0,Tier2_Escalated,149.8,298.8,1,Remove_Delete,0,0.0,None,0,0,Derogatory slur targeting protected demographic in comment section
MOD-2026-10257,2026-10-01 10:36:29,AGENT_03,New Hire (<30d),Spam_Commercial,Static_Image,0,Auto_Approved,5.6,166.6,0,Approve_Keep,1,100.0,None,0,0,Repetitive bot activity promoting unverified pharmaceutical supplements
MOD-2026-11389,2026-10-01 11:27:38,AGENT_01,New Hire (<30d),Violence_HighRisk,Live_Stream,0,Auto_Rejected,4.6,233.4,1,Remove_Delete,0,0.0,None,0,0,Graphic injury footage from sports accident flagged by audience
MOD-2026-11407,2026-10-01 12:23:02,AGENT_15,Senior (6mo+),Violence_HighRisk,Live_Stream,1,Tier2_Escalated,270.7,190.4,1,Remove_Delete,0,0.0,None,0,0,Reported altercation outside transit station with physical violence
MOD-2026-12530,2026-10-01 12:33:10,AGENT_06,Core (1-6mo),Fraud_Scams,Static_Image,0,Manual_Review,52.8,87.5,0,Remove_Delete,0,0.0,None,0,0,Gift card prize sweepstakes scam targeting senior account holders
MOD-2026-11419,2026-10-01 13:04:26,AGENT_13,Senior (6mo+),Fraud_Scams,Text_Post,0,Auto_Approved,5.8,208.8,0,Approve_Keep,0,0.0,None,0,0,Phishing link impersonating official platform customer verification support
MOD-2026-10386,2026-10-01 13:33:59,AGENT_06,Core (1-6mo),Violence_HighRisk,Short_Video,1,Manual_Review,131.4,128.0,0,Remove_Delete,0,0.0,None,0,0,Self-harm reference in private broadcast requiring immediate crisis triage
MOD-2026-11420,2026-10-01 14:08:34,AGENT_10,Core (1-6mo),Spam_Commercial,Text_Post,0,Auto_Approved,5.5,25.5,0,Approve_Keep,0,0.0,None,0,0,Bulk account creation posting duplicate SEO spam articles
MOD-2026-10183,2026-10-01 14:14:30,AGENT_15,Senior (6mo+),Hate_Speech,Static_Image,0,Manual_Review,49.8,267.4,1,Remove_Delete,0,0.0,None,0,0,Derogatory slur targeting protected demographic in comment section
MOD-2026-10391,2026-10-01 15:00:55,AGENT_03,New Hire (<30d),Hate_Speech,Live_Stream,1,Manual_Review,406.0,165.7,0,Approve_Keep,0,0.0,None,0,0,Coordinated brigading comments containing coded discriminatory dogwhistles
MOD-2026-10855,2026-10-01 15:35:33,AGENT_01,New Hire (<30d),Hate_Speech,Live_Stream,0,Manual_Review,333.8,95.5,0,Remove_Delete,0,0.0,None,0,0,Nuanced political satire flagged by automated keyword filter as hate
MOD-2026-12789,2026-10-01 15:52:18,AGENT_15,Senior (6mo+),Spam_Commercial,Text_Post,0,Manual_Review,9.9,165.5,0,Approve_Keep,0,0.0,None,0,0,Automated script posting identical promotional link 120 times in forum
MOD-2026-10546,2026-10-01 15:54:16,AGENT_14,Senior (6mo+),Fraud_Scams,Live_Stream,0,Manual_Review,203.2,22.9,0,Remove_Delete,0,0.0,None,0,0,Unauthorized credential harvesting page embedded in bio link
MOD-2026-11609,2026-10-01 16:03:39,AGENT_14,Senior (6mo+),Fraud_Scams,Static_Image,0,Manual_Review,57.2,88.9,0,Remove_Delete,0,0.0,None,0,0,Phishing link impersonating official platform customer verification support
MOD-2026-11536,2026-10-01 16:06:41,AGENT_08,Core (1-6mo),Fraud_Scams,Short_Video,0,Manual_Review,196.5,94.8,0,Account_Suspend,0,0.0,None,1,1,Gift card prize sweepstakes scam targeting senior account holders
MOD-2026-10610,2026-10-01 16:07:28,AGENT_09,Core (1-6mo),Fraud_Scams,Static_Image,0,Manual_Review,44.0,196.9,0,Remove_Delete,0,0.0,None,0,0,Counterfeit luxury goods listing utilizing stolen trademark imagery
MOD-2026-11019,2026-10-01 16:44:00,AGENT_05,Core (1-6mo),Hate_Speech,Short_Video,0,Auto_Approved,3.2,213.8,0,Approve_Keep,0,0.0,None,0,0,Coordinated brigading comments containing coded discriminatory dogwhistles
MOD-2026-12316,2026-10-01 17:18:23,AGENT_01,New Hire (<30d),Violence_HighRisk,Short_Video,1,Manual_Review,206.4,160.0,0,Remove_Delete,1,100.0,None,0,0,Dangerous weapons demonstration video flagged for policy violation
MOD-2026-10417,2026-10-01 17:42:27,AGENT_08,Core (1-6mo),Spam_Commercial,Static_Image,0,Auto_Approved,4.9,118.4,0,Approve_Keep,0,0.0,None,0,0,Repetitive bot activity promoting unverified pharmaceutical supplements
MOD-2026-10135,2026-10-01 17:54:13,AGENT_09,Core (1-6mo),Emergency_TCO,Text_Post,1,Manual_Review,46.6,45.5,0,Approve_Keep,0,0.0,None,0,0,Suspected terrorist recruitment video uploaded across multiple hashtags
MOD-2026-10488,2026-10-01 18:04:14,AGENT_09,Core (1-6mo),Hate_Speech,Text_Post,0,Auto_Approved,3.0,244.3,1,Approve_Keep,0,0.0,None,0,0,Coordinated brigading comments containing coded discriminatory dogwhistles
MOD-2026-10176,2026-10-01 18:52:31,AGENT_08,Core (1-6mo),Fraud_Scams,Short_Video,0,Manual_Review,120.1,181.8,0,Remove_Delete,0,0.0,None,0,0,Cryptocurrency investment scheme promising guaranteed 500% daily returns
MOD-2026-10831,2026-10-01 19:45:16,AGENT_02,New Hire (<30d),Hate_Speech,Short_Video,0,Auto_Rejected,2.7,110.5,0,Remove_Delete,1,100.0,None,0,0,Dehumanizing memes comparing ethnic groups to biological pests
MOD-2026-11390,2026-10-01 19:45:27,AGENT_03,New Hire (<30d),Fraud_Scams,Text_Post,0,Auto_Rejected,2.7,118.1,0,Remove_Delete,0,0.0,None,0,0,Cryptocurrency investment scheme promising guaranteed 500% daily returns
MOD-2026-11998,2026-10-01 19:53:34,AGENT_10,Core (1-6mo),Violence_HighRisk,Short_Video,0,Auto_Rejected,2.8,76.0,0,Remove_Delete,0,0.0,None,0,0,Self-harm reference in private broadcast requiring immediate crisis triage
MOD-2026-11086,2026-10-01 19:56:43,AGENT_11,Core (1-6mo),Fraud_Scams,Static_Image,0,Auto_Rejected,3.7,81.9,0,Remove_Delete,0,0.0,None,0,0,Phishing link impersonating official platform customer verification support
MOD-2026-10570,2026-10-01 20:01:12,AGENT_15,Senior (6mo+),Emergency_TCO,Text_Post,1,Tier2_Escalated,19.6,39.6,0,Account_Suspend,0,0.0,None,0,0,Emergency legal escalation concerning imminent threat of platform violence
MOD-2026-12196,2026-10-01 20:05:22,AGENT_10,Core (1-6mo),Hate_Speech,Text_Post,1,Manual_Review,31.4,95.6,0,Content_Warning,0,0.0,None,1,1,Nuanced political satire flagged by automated keyword filter as hate
MOD-2026-10354,2026-10-01 20:07:46,AGENT_07,Core (1-6mo),Hate_Speech,Text_Post,1,Manual_Review,36.4,155.9,0,Remove_Delete,0,0.0,None,0,0,Incitement to boycott and harass private individual based on religion
MOD-2026-12429,2026-10-01 20:17:42,AGENT_13,Senior (6mo+),Spam_Commercial,Static_Image,0,Manual_Review,38.5,125.4,0,Approve_Keep,0,0.0,None,0,0,Automated script posting identical promotional link 120 times in forum
MOD-2026-10578,2026-10-01 20:25:47,AGENT_13,Senior (6mo+),Spam_Commercial,Static_Image,0,Auto_Rejected,4.1,35.3,0,Remove_Delete,0,0.0,None,0,0,Bulk account creation posting duplicate SEO spam articles
MOD-2026-10434,2026-10-01 20:37:34,AGENT_04,Core (1-6mo),Fraud_Scams,Static_Image,0,Auto_Approved,2.7,206.0,0,Approve_Keep,0,0.0,None,0,0,Unauthorized credential harvesting page embedded in bio link
MOD-2026-11320,2026-10-01 21:39:38,AGENT_05,Core (1-6mo),Violence_HighRisk,Short_Video,0,Manual_Review,234.6,209.0,1,Remove_Delete,0,0.0,None,0,0,Graphic injury footage from sports accident flagged by audience
MOD-2026-10900,2026-10-01 22:18:18,AGENT_12,Senior (6mo+),Hate_Speech,Static_Image,0,Tier2_Escalated,57.1,222.7,0,Remove_Delete,0,0.0,None,0,0,Dehumanizing memes comparing ethnic groups to biological pests
MOD-2026-10207,2026-10-01 23:21:00,AGENT_12,Senior (6mo+),Spam_Commercial,Text_Post,0,Manual_Review,23.4,115.1,0,Approve_Keep,1,100.0,None,0,0,Keyword stuffing and hidden redirects on promotional landing page
MOD-2026-11759,2026-10-01 23:34:41,AGENT_12,Senior (6mo+),Fraud_Scams,Static_Image,0,Manual_Review,28.0,210.5,0,Remove_Delete,0,0.0,None,0,0,Unauthorized credential harvesting page embedded in bio link
MOD-2026-11400,2026-10-01 23:50:07,AGENT_11,Core (1-6mo),Violence_HighRisk,Short_Video,1,Auto_Approved,5.9,178.1,0,Approve_Keep,0,0.0,None,0,0,Threatening physical altercation clip uploaded without contextual warning
MOD-2026-10436,2026-10-02 00:21:14,AGENT_12,Senior (6mo+),Violence_HighRisk,Text_Post,1,Tier2_Escalated,21.7,83.1,0,Remove_Delete,0,0.0,None,0,0,Self-harm reference in private broadcast requiring immediate crisis triage
MOD-2026-10010,2026-10-02 00:27:46,AGENT_02,New Hire (<30d),Hate_Speech,Static_Image,0,Manual_Review,94.7,192.7,0,Approve_Keep,0,0.0,None,0,0,Derogatory slur targeting protected demographic in comment section
MOD-2026-10672,2026-10-02 00:29:38,AGENT_09,Core (1-6mo),Violence_HighRisk,Static_Image,1,Manual_Review,61.8,248.9,1,Remove_Delete,0,0.0,None,0,0,Self-harm reference in private broadcast requiring immediate crisis triage
MOD-2026-11476,2026-10-02 00:34:36,AGENT_08,Core (1-6mo),Spam_Commercial,Text_Post,0,Auto_Rejected,4.6,187.0,0,Remove_Delete,0,0.0,None,1,0,Unsolicited commercial affiliate marketing message blast
MOD-2026-10203,2026-10-02 00:48:58,AGENT_09,Core (1-6mo),Spam_Commercial,Text_Post,0,Auto_Approved,4.9,181.2,0,Approve_Keep,0,0.0,None,0,0,Automated script posting identical promotional link 120 times in forum
MOD-2026-12742,2026-10-02 01:01:16,AGENT_02,New Hire (<30d),Fraud_Scams,Static_Image,0,Manual_Review,65.2,82.7,0,Account_Suspend,0,0.0,None,0,0,Phishing link impersonating official platform customer verification support
MOD-2026-10384,2026-10-02 01:16:51,AGENT_06,Core (1-6mo),Hate_Speech,Short_Video,0,Manual_Review,183.4,248.9,1,Remove_Delete,0,0.0,None,1,1,Nuanced political satire flagged by automated keyword filter as hate
MOD-2026-11883,2026-10-02 01:37:18,AGENT_09,Core (1-6mo),Violence_HighRisk,Static_Image,1,Auto_Rejected,5.4,150.2,0,Remove_Delete,1,100.0,None,0,0,Reported altercation outside transit station with physical violence
MOD-2026-10517,2026-10-02 01:47:24,AGENT_11,Core (1-6mo),Fraud_Scams,Text_Post,0,Manual_Review,24.9,188.8,0,Remove_Delete,0,0.0,None,0,0,Counterfeit luxury goods listing utilizing stolen trademark imagery
MOD-2026-11000,2026-10-02 02:01:55,AGENT_04,Core (1-6mo),Fraud_Scams,Text_Post,0,Auto_Rejected,4.8,118.0,0,Remove_Delete,0,0.0,None,0,0,Gift card prize sweepstakes scam targeting senior account holders
MOD-2026-11977,2026-10-02 02:04:46,AGENT_14,Senior (6mo+),Violence_HighRisk,Live_Stream,1,Tier2_Escalated,285.4,86.4,0,Approve_Keep,0,0.0,None,0,0,Reported altercation outside transit station with physical violence
MOD-2026-12301,2026-10-02 02:11:06,AGENT_15,Senior (6mo+),Emergency_TCO,Static_Image,1,Manual_Review,35.3,32.5,0,Remove_Delete,0,0.0,None,0,0,Urgent notice-and-action request under EU 1-hour removal mandate
MOD-2026-12443,2026-10-02 02:19:42,AGENT_11,Core (1-6mo),Spam_Commercial,Text_Post,0,Auto_Rejected,3.0,120.3,0,Remove_Delete,0,0.0,None,0,0,Automated script posting identical promotional link 120 times in forum
MOD-2026-12267,2026-10-02 02:23:32,AGENT_04,Core (1-6mo),Fraud_Scams,Short_Video,0,Manual_Review,152.0,125.2,0,Remove_Delete,0,0.0,None,1,0,Cryptocurrency investment scheme promising guaranteed 500% daily returns
MOD-2026-11858,2026-10-02 02:31:05,AGENT_15,Senior (6mo+),Hate_Speech,Short_Video,0,Manual_Review,99.2,107.5,0,Content_Warning,0,0.0,None,0,0,Incitement to boycott and harass private individual based on religion
MOD-2026-11731,2026-10-02 02:33:42,AGENT_06,Core (1-6mo),Fraud_Scams,Static_Image,0,Auto_Rejected,4.4,181.5,0,Remove_Delete,0,0.0,None,1,0,Phishing link impersonating official platform customer verification support
MOD-2026-10602,2026-10-02 02:44:02,AGENT_11,Core (1-6mo),Fraud_Scams,Text_Post,0,Manual_Review,35.5,120.9,0,Remove_Delete,0,0.0,None,0,0,Unauthorized credential harvesting page embedded in bio link
MOD-2026-12025,2026-10-02 03:37:05,AGENT_11,Core (1-6mo),Fraud_Scams,Static_Image,0,Auto_Approved,2.8,170.1,0,Approve_Keep,0,0.0,None,0,0,Phishing link impersonating official platform customer verification support
MOD-2026-10741,2026-10-02 04:10:23,AGENT_11,Core (1-6mo),Hate_Speech,Static_Image,0,Manual_Review,67.5,226.5,0,Approve_Keep,0,0.0,None,0,0,Nuanced political satire flagged by automated keyword filter as hate
MOD-2026-10848,2026-10-02 04:22:39,AGENT_12,Senior (6mo+),Fraud_Scams,Text_Post,0,Auto_Approved,4.5,158.7,0,Approve_Keep,0,0.0,None,0,0,Phishing link impersonating official platform customer verification support
MOD-2026-10563,2026-10-02 05:44:20,AGENT_03,New Hire (<30d),Hate_Speech,Short_Video,0,Manual_Review,293.2,300.1,1,Approve_Keep,0,0.0,None,0,0,Coordinated brigading comments containing coded discriminatory dogwhistles
MOD-2026-12615,2026-10-02 05:45:33,AGENT_15,Senior (6mo+),Violence_HighRisk,Live_Stream,0,Manual_Review,191.4,117.5,0,Remove_Delete,0,0.0,None,0,0,Self-harm reference in private broadcast requiring immediate crisis triage
MOD-2026-12103,2026-10-02 05:56:22,AGENT_08,Core (1-6mo),Fraud_Scams,Static_Image,0,Manual_Review,68.8,110.1,0,Remove_Delete,1,100.0,None,0,0,Counterfeit luxury goods listing utilizing stolen trademark imagery
MOD-2026-11974,2026-10-02 06:01:51,AGENT_10,Core (1-6mo),Hate_Speech,Short_Video,0,Auto_Approved,2.6,242.4,1,Approve_Keep,0,0.0,None,0,0,Dehumanizing memes comparing ethnic groups to biological pests
MOD-2026-11303,2026-10-02 06:06:02,AGENT_03,New Hire (<30d),Violence_HighRisk,Short_Video,0,Manual_Review,244.3,73.0,0,Content_Warning,0,0.0,None,0,0,Graphic injury footage from sports accident flagged by audience
MOD-2026-10796,2026-10-02 06:16:27,AGENT_06,Core (1-6mo),Hate_Speech,Static_Image,0,Manual_Review,67.5,185.4,0,Remove_Delete,0,0.0,None,1,1,Dehumanizing memes comparing ethnic groups to biological pests
MOD-2026-11683,2026-10-02 06:18:33,AGENT_06,Core (1-6mo),Spam_Commercial,Static_Image,0,Auto_Rejected,3.4,49.0,0,Remove_Delete,0,0.0,None,0,0,Unsolicited commercial affiliate marketing message blast
MOD-2026-11545,2026-10-02 06:52:47,AGENT_07,Core (1-6mo),Hate_Speech,Static_Image,0,Auto_Approved,3.4,176.9,0,Approve_Keep,0,0.0,None,0,0,Coordinated brigading comments containing coded discriminatory dogwhistles
MOD-2026-12733,2026-10-02 06:55:22,AGENT_11,Core (1-6mo),Fraud_Scams,Static_Image,0,Auto_Approved,5.6,67.8,0,Approve_Keep,0,0.0,None,0,0,Counterfeit luxury goods listing utilizing stolen trademark imagery
MOD-2026-10322,2026-10-02 07:00:34,AGENT_02,New Hire (<30d),Fraud_Scams,Static_Image,0,Auto_Approved,2.6,157.9,0,Approve_Keep,0,0.0,None,0,0,Unauthorized credential harvesting page embedded in bio link
MOD-2026-10969,2026-10-02 07:02:31,AGENT_09,Core (1-6mo),Fraud_Scams,Static_Image,0,Manual_Review,44.4,212.1,0,Remove_Delete,0,0.0,None,0,0,Phishing link impersonating official platform customer verification support
MOD-2026-11696,2026-10-02 07:02:47,AGENT_04,Core (1-6mo),Fraud_Scams,Static_Image,0,Manual_Review,74.2,207.2,0,Account_Suspend,0,0.0,None,0,0,Counterfeit luxury goods listing utilizing stolen trademark imagery
MOD-2026-12395,2026-10-02 07:21:18,AGENT_02,New Hire (<30d),Hate_Speech,Short_Video,1,Auto_Approved,2.8,151.9,0,Approve_Keep,1,100.0,None,0,0,Nuanced political satire flagged by automated keyword filter as hate
MOD-2026-12604,2026-10-02 07:27:14,AGENT_05,Core (1-6mo),Fraud_Scams,Static_Image,0,Auto_Approved,4.7,85.5,0,Approve_Keep,0,0.0,None,0,0,Cryptocurrency investment scheme promising guaranteed 500% daily returns
MOD-2026-11290,2026-10-02 07:34:46,AGENT_04,Core (1-6mo),Hate_Speech,Static_Image,0,Manual_Review,40.9,226.6,0,Approve_Keep,1,100.0,None,0,0,Incitement to boycott and harass private individual based on religion
MOD-2026-12525,2026-10-02 07:55:59,AGENT_06,Core (1-6mo),Emergency_TCO,Short_Video,1,Manual_Review,230.6,19.6,0,Account_Suspend,0,0.0,None,0,0,Suspected terrorist recruitment video uploaded across multiple hashtags
MOD-2026-12412,2026-10-02 07:57:27,AGENT_02,New Hire (<30d),Violence_HighRisk,Live_Stream,0,Auto_Rejected,4.2,243.4,1,Remove_Delete,0,0.0,None,0,0,Threatening physical altercation clip uploaded without contextual warning
MOD-2026-11267,2026-10-02 08:05:33,AGENT_12,Senior (6mo+),Fraud_Scams,Text_Post,0,Manual_Review,25.8,54.8,0,Remove_Delete,0,0.0,None,1,0,Unauthorized credential harvesting page embedded in bio link
MOD-2026-11842,2026-10-02 08:19:22,AGENT_13,Senior (6mo+),Spam_Commercial,Text_Post,0,Auto_Rejected,5.9,154.9,0,Remove_Delete,0,0.0,None,0,0,Automated script posting identical promotional link 120 times in forum
MOD-2026-12681,2026-10-02 08:53:04,AGENT_05,Core (1-6mo),Hate_Speech,Text_Post,0,Manual_Review,32.2,176.6,0,Remove_Delete,0,0.0,None,0,0,Derogatory slur targeting protected demographic in comment section
MOD-2026-12398,2026-10-02 09:57:56,AGENT_07,Core (1-6mo),Spam_Commercial,Static_Image,0,Manual_Review,36.4,205.1,0,Content_Warning,0,0.0,None,1,1,Unsolicited commercial affiliate marketing message blast
MOD-2026-10055,2026-10-02 11:01:00,AGENT_10,Core (1-6mo),Spam_Commercial,Text_Post,0,Manual_Review,16.4,190.3,0,Remove_Delete,1,100.0,None,0,0,Bulk account creation posting duplicate SEO spam articles
MOD-2026-12465,2026-10-02 11:12:03,AGENT_06,Core (1-6mo),Hate_Speech,Static_Image,0,Auto_Rejected,5.1,213.3,0,Remove_Delete,1,100.0,None,0,0,Incitement to boycott and harass private individual based on religion
MOD-2026-11161,2026-10-02 11:16:35,AGENT_13,Senior (6mo+),Fraud_Scams,Text_Post,0,Auto_Rejected,5.8,48.8,0,Remove_Delete,0,0.0,None,0,0,Counterfeit luxury goods listing utilizing stolen trademark imagery
MOD-2026-10077,2026-10-02 11:29:30,AGENT_07,Core (1-6mo),Fraud_Scams,Text_Post,0,Manual_Review,29.5,84.4,0,Remove_Delete,0,0.0,None,0,0,Cryptocurrency investment scheme promising guaranteed 500% daily returns
MOD-2026-10691,2026-10-02 11:34:19,AGENT_06,Core (1-6mo),Violence_HighRisk,Live_Stream,1,Manual_Review,411.0,116.6,0,Remove_Delete,0,0.0,None,0,0,Reported altercation outside transit station with physical violence
MOD-2026-11108,2026-10-02 11:45:30,AGENT_12,Senior (6mo+),Fraud_Scams,Static_Image,0,Manual_Review,30.2,38.4,0,Remove_Delete,1,100.0,None,0,0,Phishing link impersonating official platform customer verification support
MOD-2026-10432,2026-10-02 11:55:47,AGENT_13,Senior (6mo+),Spam_Commercial,Text_Post,0,Auto_Rejected,4.6,84.5,0,Remove_Delete,0,0.0,None,0,0,Keyword stuffing and hidden redirects on promotional landing page
MOD-2026-10509,2026-10-02 12:12:37,AGENT_06,Core (1-6mo),Spam_Commercial,Text_Post,0,Auto_Approved,2.5,110.8,0,Approve_Keep,0,0.0,None,0,0,Keyword stuffing and hidden redirects on promotional landing page
MOD-2026-11753,2026-10-02 12:15:42,AGENT_06,Core (1-6mo),Hate_Speech,Text_Post,1,Auto_Approved,3.6,94.4,0,Approve_Keep,0,0.0,None,0,0,Coordinated brigading comments containing coded discriminatory dogwhistles
MOD-2026-11938,2026-10-02 12:47:48,AGENT_01,New Hire (<30d),Spam_Commercial,Text_Post,0,Auto_Rejected,4.4,118.5,0,Remove_Delete,0,0.0,None,0,0,Keyword stuffing and hidden redirects on promotional landing page
MOD-2026-11113,2026-10-02 13:14:03,AGENT_13,Senior (6mo+),Hate_Speech,Text_Post,0,Tier2_Escalated,21.5,89.9,0,Escalate,0,0.0,None,0,0,Dehumanizing memes comparing ethnic groups to biological pests
MOD-2026-10290,2026-10-02 13:17:30,AGENT_10,Core (1-6mo),Hate_Speech,Text_Post,0,Auto_Approved,4.2,60.0,0,Approve_Keep,1,100.0,None,0,0,Coordinated brigading comments containing coded discriminatory dogwhistles
MOD-2026-12719,2026-10-02 13:29:19,AGENT_10,Core (1-6mo),Hate_Speech,Static_Image,0,Auto_Rejected,4.6,241.6,1,Remove_Delete,0,0.0,None,0,0,Coordinated brigading comments containing coded discriminatory dogwhistles
MOD-2026-12075,2026-10-02 13:47:41,AGENT_10,Core (1-6mo),Fraud_Scams,Static_Image,0,Auto_Approved,3.5,33.8,0,Approve_Keep,0,0.0,None,0,0,Gift card prize sweepstakes scam targeting senior account holders
MOD-2026-11633,2026-10-02 14:19:36,AGENT_01,New Hire (<30d),Fraud_Scams,Static_Image,0,Auto_Rejected,5.7,37.7,0,Remove_Delete,0,0.0,None,0,0,Cryptocurrency investment scheme promising guaranteed 500% daily returns
MOD-2026-12723,2026-10-02 14:59:05,AGENT_03,New Hire (<30d),Spam_Commercial,Static_Image,0,Auto_Approved,5.1,216.3,0,Approve_Keep,0,0.0,None,0,0,Unsolicited commercial affiliate marketing message blast
MOD-2026-12765,2026-10-02 15:10:19,AGENT_06,Core (1-6mo),Spam_Commercial,Text_Post,0,Auto_Approved,3.7,219.8,0,Approve_Keep,1,100.0,None,0,0,Automated script posting identical promotional link 120 times in forum
MOD-2026-11360,2026-10-02 15:26:03,AGENT_13,Senior (6mo+),Violence_HighRisk,Static_Image,0,Tier2_Escalated,36.7,68.7,0,Remove_Delete,0,0.0,None,0,0,Reported altercation outside transit station with physical violence
MOD-2026-10235,2026-10-02 15:31:34,AGENT_09,Core (1-6mo),Spam_Commercial,Text_Post,0,Auto_Rejected,4.0,167.2,0,Remove_Delete,0,0.0,None,0,0,Automated script posting identical promotional link 120 times in forum
MOD-2026-12044,2026-10-02 15:32:48,AGENT_03,New Hire (<30d),Hate_Speech,Short_Video,0,Auto_Approved,4.6,163.9,0,Approve_Keep,0,0.0,None,0,0,Dehumanizing memes comparing ethnic groups to biological pests
MOD-2026-11092,2026-10-02 15:54:19,AGENT_01,New Hire (<30d),Fraud_Scams,Static_Image,0,Auto_Rejected,5.5,42.3,0,Remove_Delete,0,0.0,None,0,0,Cryptocurrency investment scheme promising guaranteed 500% daily returns
MOD-2026-11175,2026-10-02 16:23:33,AGENT_05,Core (1-6mo),Violence_HighRisk,Static_Image,1,Auto_Approved,3.7,153.7,0,Approve_Keep,0,0.0,None,0,0,Threatening physical altercation clip uploaded without contextual warning
MOD-2026-11271,2026-10-02 17:12:19,AGENT_07,Core (1-6mo),Violence_HighRisk,Short_Video,1,Manual_Review,130.9,50.1,0,Content_Warning,0,0.0,None,0,0,Self-harm reference in private broadcast requiring immediate crisis triage
MOD-2026-10430,2026-10-02 17:21:49,AGENT_15,Senior (6mo+),Hate_Speech,Static_Image,0,Manual_Review,64.2,89.1,0,Remove_Delete,0,0.0,None,0,0,Coordinated brigading comments containing coded discriminatory dogwhistles
MOD-2026-10222,2026-10-02 17:23:33,AGENT_10,Core (1-6mo),Violence_HighRisk,Live_Stream,0,Manual_Review,338.5,49.5,0,Content_Warning,0,0.0,None,0,0,Self-harm reference in private broadcast requiring immediate crisis triage
MOD-2026-10887,2026-10-02 17:25:27,AGENT_12,Senior (6mo+),Spam_Commercial,Text_Post,0,Auto_Approved,5.9,146.9,0,Approve_Keep,0,0.0,None,0,0,Unsolicited commercial affiliate marketing message blast
MOD-2026-12117,2026-10-02 18:03:35,AGENT_07,Core (1-6mo),Violence_HighRisk,Live_Stream,1,Manual_Review,342.5,235.0,1,Remove_Delete,0,0.0,None,1,0,Threatening physical altercation clip uploaded without contextual warning
MOD-2026-11971,2026-10-02 19:02:48,AGENT_07,Core (1-6mo),Spam_Commercial,Static_Image,0,Auto_Rejected,3.2,32.2,0,Remove_Delete,1,100.0,None,0,0,Automated script posting identical promotional link 120 times in forum
MOD-2026-10504,2026-10-02 19:06:33,AGENT_14,Senior (6mo+),Hate_Speech,Text_Post,1,Manual_Review,37.0,276.0,1,Approve_Keep,0,0.0,None,0,0,Dehumanizing memes comparing ethnic groups to biological pests
MOD-2026-10141,2026-10-02 19:31:25,AGENT_08,Core (1-6mo),Hate_Speech,Text_Post,0,Auto_Rejected,4.0,234.7,0,Remove_Delete,0,0.0,None,1,0,Incitement to boycott and harass private individual based on religion
MOD-2026-10921,2026-10-02 19:48:14,AGENT_06,Core (1-6mo),Hate_Speech,Text_Post,0,Auto_Approved,3.7,187.4,0,Approve_Keep,0,0.0,None,0,0,Coordinated brigading comments containing coded discriminatory dogwhistles
MOD-2026-11869,2026-10-02 19:52:37,AGENT_08,Core (1-6mo),Hate_Speech,Short_Video,0,Manual_Review,162.5,67.1,0,Approve_Keep,1,100.0,None,0,0,Derogatory slur targeting protected demographic in comment section
MOD-2026-11129,2026-10-02 19:59:44,AGENT_06,Core (1-6mo),Hate_Speech,Static_Image,0,Manual_Review,53.5,290.4,1,Approve_Keep,0,0.0,None,0,0,Nuanced political satire flagged by automated keyword filter as hate
MOD-2026-11553,2026-10-02 20:02:13,AGENT_12,Senior (6mo+),Hate_Speech,Static_Image,0,Manual_Review,75.1,153.9,0,Remove_Delete,0,0.0,None,0,0,Nuanced political satire flagged by automated keyword filter as hate
MOD-2026-12704,2026-10-02 20:53:31,AGENT_15,Senior (6mo+),Spam_Commercial,Static_Image,0,Auto_Rejected,5.7,129.6,0,Remove_Delete,1,100.0,None,0,0,Repetitive bot activity promoting unverified pharmaceutical supplements
MOD-2026-12283,2026-10-02 21:20:21,AGENT_14,Senior (6mo+),Spam_Commercial,Text_Post,0,Manual_Review,16.7,106.8,0,Remove_Delete,0,0.0,None,0,0,Unsolicited commercial affiliate marketing message blast
MOD-2026-12094,2026-10-02 21:30:47,AGENT_10,Core (1-6mo),Spam_Commercial,Text_Post,0,Auto_Approved,4.4,148.7,0,Approve_Keep,0,0.0,None,0,0,Automated script posting identical promotional link 120 times in forum
MOD-2026-12767,2026-10-02 22:14:17,AGENT_14,Senior (6mo+),Spam_Commercial,Text_Post,0,Manual_Review,18.6,49.1,0,Approve_Keep,1,100.0,None,0,0,Unsolicited commercial affiliate marketing message blast
MOD-2026-11614,2026-10-02 22:24:44,AGENT_09,Core (1-6mo),Hate_Speech,Static_Image,0,Auto_Rejected,4.4,311.1,1,Remove_Delete,0,0.0,None,0,0,Incitement to boycott and harass private individual based on religion
MOD-2026-12341,2026-10-02 22:39:04,AGENT_05,Core (1-6mo),Spam_Commercial,Text_Post,0,Auto_Rejected,3.3,146.4,0,Remove_Delete,0,0.0,None,0,0,Repetitive bot activity promoting unverified pharmaceutical supplements
MOD-2026-10413,2026-10-02 22:58:17,AGENT_12,Senior (6mo+),Violence_HighRisk,Short_Video,1,Tier2_Escalated,133.0,65.7,0,Remove_Delete,0,0.0,None,0,0,Dangerous weapons demonstration video flagged for policy violation
MOD-2026-12079,2026-10-02 23:03:24,AGENT_10,Core (1-6mo),Violence_HighRisk,Short_Video,1,Auto_Rejected,3.0,230.5,1,Remove_Delete,0,0.0,None,0,0,Reported altercation outside transit station with physical violence
MOD-2026-11346,2026-10-02 23:15:33,AGENT_02,New Hire (<30d),Fraud_Scams,Text_Post,0,Auto_Approved,2.5,67.9,0,Approve_Keep,0,0.0,None,0,0,Counterfeit luxury goods listing utilizing stolen trademark imagery
MOD-2026-11130,2026-10-02 23:30:56,AGENT_13,Senior (6mo+),Fraud_Scams,Text_Post,0,Manual_Review,25.0,32.6,0,Remove_Delete,0,0.0,None,0,0,Cryptocurrency investment scheme promising guaranteed 500% daily returns
MOD-2026-12376,2026-10-02 23:56:51,AGENT_13,Senior (6mo+),Fraud_Scams,Static_Image,0,Auto_Approved,3.2,171.8,0,Approve_Keep,0,0.0,None,0,0,Gift card prize sweepstakes scam targeting senior account holders
MOD-2026-10833,2026-10-02 23:57:06,AGENT_01,New Hire (<30d),Hate_Speech,Text_Post,0,Auto_Rejected,2.5,142.8,0,Remove_Delete,0,0.0,None,0,0,Incitement to boycott and harass private individual based on religion
MOD-2026-11752,2026-10-03 00:16:31,AGENT_12,Senior (6mo+),Violence_HighRisk,Static_Image,1,Manual_Review,67.6,68.7,0,Approve_Keep,1,100.0,None,0,0,Dangerous weapons demonstration video flagged for policy violation
MOD-2026-11914,2026-10-03 00:19:20,AGENT_07,Core (1-6mo),Violence_HighRisk,Live_Stream,0,Auto_Rejected,5.4,43.9,0,Remove_Delete,0,0.0,None,0,0,Threatening physical altercation clip uploaded without contextual warning
MOD-2026-11050,2026-10-03 00:35:50,AGENT_11,Core (1-6mo),Fraud_Scams,Static_Image,0,Manual_Review,46.4,112.7,0,Remove_Delete,0,0.0,None,0,0,Counterfeit luxury goods listing utilizing stolen trademark imagery
MOD-2026-10798,2026-10-03 00:37:12,AGENT_02,New Hire (<30d),Hate_Speech,Text_Post,0,Manual_Review,60.8,231.0,0,Account_Suspend,0,0.0,None,0,0,Incitement to boycott and harass private individual based on religion
MOD-2026-11071,2026-10-03 00:52:42,AGENT_06,Core (1-6mo),Hate_Speech,Static_Image,0,Manual_Review,76.0,218.3,0,Remove_Delete,0,0.0,None,0,0,Incitement to boycott and harass private individual based on religion
MOD-2026-10835,2026-10-03 01:49:08,AGENT_11,Core (1-6mo),Hate_Speech,Text_Post,0,Auto_Rejected,5.1,87.8,0,Remove_Delete,0,0.0,None,0,0,Incitement to boycott and harass private individual based on religion
MOD-2026-12051,2026-10-03 02:05:40,AGENT_14,Senior (6mo+),Emergency_TCO,Static_Image,1,Auto_Approved,3.5,29.8,0,Approve_Keep,0,0.0,None,0,0,Urgent notice-and-action request under EU 1-hour removal mandate
MOD-2026-11207,2026-10-03 02:16:51,AGENT_10,Core (1-6mo),Violence_HighRisk,Live_Stream,0,Auto_Approved,3.8,238.0,1,Approve_Keep,0,0.0,None,0,0,Reported altercation outside transit station with physical violence
MOD-2026-11889,2026-10-03 02:31:40,AGENT_07,Core (1-6mo),Hate_Speech,Text_Post,0,Manual_Review,43.7,232.6,0,Remove_Delete,0,0.0,None,0,0,Dehumanizing memes comparing ethnic groups to biological pests
MOD-2026-11860,2026-10-03 02:43:51,AGENT_07,Core (1-6mo),Spam_Commercial,Text_Post,0,Auto_Approved,4.7,177.3,0,Approve_Keep,0,0.0,None,0,0,Repetitive bot activity promoting unverified pharmaceutical supplements
MOD-2026-10065,2026-10-03 03:07:03,AGENT_05,Core (1-6mo),Violence_HighRisk,Text_Post,1,Manual_Review,23.5,96.3,0,Remove_Delete,0,0.0,None,1,0,Graphic injury footage from sports accident flagged by audience
MOD-2026-12764,2026-10-03 03:11:45,AGENT_10,Core (1-6mo),Violence_HighRisk,Live_Stream,1,Manual_Review,356.6,223.4,1,Remove_Delete,0,0.0,None,0,0,Graphic injury footage from sports accident flagged by audience
MOD-2026-12658,2026-10-03 03:19:03,AGENT_05,Core (1-6mo),Violence_HighRisk,Short_Video,1,Manual_Review,216.1,142.4,0,Account_Suspend,0,0.0,None,0,0,Reported altercation outside transit station with physical violence
MOD-2026-12636,2026-10-03 03:29:53,AGENT_05,Core (1-6mo),Violence_HighRisk,Static_Image,1,Manual_Review,48.2,247.4,1,Content_Warning,0,0.0,None,1,1,Reported altercation outside transit station with physical violence
MOD-2026-11209,2026-10-03 03:34:20,AGENT_11,Core (1-6mo),Violence_HighRisk,Static_Image,1,Manual_Review,42.2,183.2,1,Remove_Delete,0,0.0,None,0,0,Dangerous weapons demonstration video flagged for policy violation
MOD-2026-12418,2026-10-03 03:36:49,AGENT_07,Core (1-6mo),Violence_HighRisk,Short_Video,0,Auto_Rejected,5.5,233.9,1,Remove_Delete,0,0.0,None,0,0,Threatening physical altercation clip uploaded without contextual warning
MOD-2026-11412,2026-10-03 03:46:01,AGENT_15,Senior (6mo+),Spam_Commercial,Text_Post,0,Auto_Approved,5.4,219.5,0,Approve_Keep,1,100.0,None,0,0,Bulk account creation posting duplicate SEO spam articles
MOD-2026-11821,2026-10-03 04:03:13,AGENT_15,Senior (6mo+),Emergency_TCO,Live_Stream,1,Tier2_Escalated,306.4,64.2,1,Content_Warning,0,0.0,None,1,0,Urgent notice-and-action request under EU 1-hour removal mandate
MOD-2026-10027,2026-10-03 04:33:08,AGENT_11,Core (1-6mo),Violence_HighRisk,Static_Image,1,Manual_Review,71.9,90.7,0,Remove_Delete,0,0.0,None,0,0,Reported altercation outside transit station with physical violence
MOD-2026-11773,2026-10-03 04:40:43,AGENT_08,Core (1-6mo),Hate_Speech,Live_Stream,0,Auto_Approved,5.7,58.0,0,Approve_Keep,0,0.0,None,0,0,Incitement to boycott and harass private individual based on religion
MOD-2026-10250,2026-10-03 04:45:13,AGENT_12,Senior (6mo+),Fraud_Scams,Static_Image,0,Auto_Rejected,5.5,195.2,0,Remove_Delete,0,0.0,None,0,0,Cryptocurrency investment scheme promising guaranteed 500% daily returns
MOD-2026-12601,2026-10-03 04:46:01,AGENT_15,Senior (6mo+),Fraud_Scams,Text_Post,0,Manual_Review,32.0,74.7,0,Remove_Delete,0,0.0,None,0,0,Gift card prize sweepstakes scam targeting senior account holders
MOD-2026-10684,2026-10-03 05:32:40,AGENT_09,Core (1-6mo),Emergency_TCO,Short_Video,1,Auto_Rejected,2.9,49.1,0,Remove_Delete,0,0.0,None,0,0,Emergency legal escalation concerning imminent threat of platform violence
MOD-2026-11927,2026-10-03 05:54:15,AGENT_10,Core (1-6mo),Spam_Commercial,Text_Post,0,Manual_Review,15.2,175.2,0,Approve_Keep,0,0.0,None,0,0,Unsolicited commercial affiliate marketing message blast
MOD-2026-10528,2026-10-03 06:00:38,AGENT_15,Senior (6mo+),Violence_HighRisk,Short_Video,1,Manual_Review,104.6,188.4,1,Remove_Delete,0,0.0,None,0,0,Dangerous weapons demonstration video flagged for policy violation
MOD-2026-10232,2026-10-03 06:31:12,AGENT_10,Core (1-6mo),Violence_HighRisk,Static_Image,1,Manual_Review,41.4,112.6,0,Approve_Keep,0,0.0,None,0,0,Threatening physical altercation clip uploaded without contextual warning
MOD-2026-12184,2026-10-03 07:09:51,AGENT_13,Senior (6mo+),Spam_Commercial,Text_Post,0,Auto_Approved,5.9,131.8,0,Approve_Keep,0,0.0,None,0,0,Automated script posting identical promotional link 120 times in forum
MOD-2026-11772,2026-10-03 07:15:22,AGENT_11,Core (1-6mo),Violence_HighRisk,Short_Video,1,Manual_Review,221.7,156.7,0,Remove_Delete,0,0.0,None,0,0,Reported altercation outside transit station with physical violence
MOD-2026-10192,2026-10-03 07:36:46,AGENT_15,Senior (6mo+),Fraud_Scams,Live_Stream,0,Tier2_Escalated,238.5,83.7,0,Remove_Delete,0,0.0,None,0,0,Gift card prize sweepstakes scam targeting senior account holders
MOD-2026-12150,2026-10-03 07:42:27,AGENT_04,Core (1-6mo),Spam_Commercial,Text_Post,0,Auto_Approved,5.9,215.8,0,Approve_Keep,0,0.0,None,0,0,Unsolicited commercial affiliate marketing message blast
MOD-2026-11997,2026-10-03 07:45:40,AGENT_03,New Hire (<30d),Fraud_Scams,Static_Image,0,Manual_Review,61.4,176.2,0,Approve_Keep,0,0.0,None,0,0,Counterfeit luxury goods listing utilizing stolen trademark imagery
MOD-2026-12423,2026-10-03 07:48:05,AGENT_11,Core (1-6mo),Hate_Speech,Short_Video,0,Manual_Review,196.3,293.2,1,Approve_Keep,0,0.0,None,0,0,Derogatory slur targeting protected demographic in comment section
MOD-2026-10497,2026-10-03 07:57:41,AGENT_07,Core (1-6mo),Fraud_Scams,Static_Image,0,Manual_Review,60.3,67.7,0,Remove_Delete,0,0.0,None,0,0,Phishing link impersonating official platform customer verification support
MOD-2026-11381,2026-10-03 08:07:16,AGENT_11,Core (1-6mo),Fraud_Scams,Text_Post,0,Auto_Approved,4.8,58.5,0,Approve_Keep,0,0.0,None,0,0,Cryptocurrency investment scheme promising guaranteed 500% daily returns
MOD-2026-10904,2026-10-03 08:18:41,AGENT_05,Core (1-6mo),Spam_Commercial,Text_Post,0,Auto_Approved,4.1,189.7,0,Approve_Keep,0,0.0,None,0,0,Automated script posting identical promotional link 120 times in forum
MOD-2026-10949,2026-10-03 08:19:56,AGENT_04,Core (1-6mo),Violence_HighRisk,Static_Image,1,Auto_Rejected,4.0,151.6,0,Remove_Delete,0,0.0,None,1,1,Reported altercation outside transit station with physical violence
MOD-2026-10107,2026-10-03 08:38:55,AGENT_03,New Hire (<30d),Violence_HighRisk,Live_Stream,0,Auto_Rejected,5.2,242.0,1,Remove_Delete,0,0.0,None,0,0,Dangerous weapons demonstration video flagged for policy violation
MOD-2026-11166,2026-10-03 09:06:05,AGENT_12,Senior (6mo+),Violence_HighRisk,Short_Video,1,Tier2_Escalated,101.5,118.5,0,Approve_Keep,0,0.0,None,0,0,Self-harm reference in private broadcast requiring immediate crisis triage
MOD-2026-11840,2026-10-03 09:10:29,AGENT_14,Senior (6mo+),Violence_HighRisk,Live_Stream,1,Tier2_Escalated,273.5,110.7,0,Remove_Delete,0,0.0,None,0,0,Reported altercation outside transit station with physical violence
MOD-2026-11985,2026-10-03 09:29:55,AGENT_08,Core (1-6mo),Violence_HighRisk,Static_Image,1,Manual_Review,41.1,204.2,1,Approve_Keep,0,0.0,None,0,0,Dangerous weapons demonstration video flagged for policy violation
MOD-2026-10224,2026-10-03 10:06:34,AGENT_07,Core (1-6mo),Fraud_Scams,Static_Image,0,Manual_Review,54.4,155.9,0,Remove_Delete,0,0.0,None,0,0,Unauthorized credential harvesting page embedded in bio link
MOD-2026-11541,2026-10-03 10:20:08,AGENT_08,Core (1-6mo),Hate_Speech,Static_Image,0,Manual_Review,64.2,281.2,1,Remove_Delete,0,0.0,None,0,0,Derogatory slur targeting protected demographic in comment section
MOD-2026-11399,2026-10-03 10:25:22,AGENT_13,Senior (6mo+),Fraud_Scams,Text_Post,0,Tier2_Escalated,17.2,32.1,0,Account_Suspend,0,0.0,None,0,0,Counterfeit luxury goods listing utilizing stolen trademark imagery
MOD-2026-12626,2026-10-03 10:50:19,AGENT_03,New Hire (<30d),Violence_HighRisk,Short_Video,0,Manual_Review,292.1,39.0,0,Remove_Delete,0,0.0,None,0,0,Reported altercation outside transit station with physical violence
MOD-2026-11778,2026-10-03 10:50:47,AGENT_03,New Hire (<30d),Spam_Commercial,Text_Post,0,Manual_Review,22.1,27.7,0,Approve_Keep,0,0.0,None,0,0,Automated script posting identical promotional link 120 times in forum
MOD-2026-10395,2026-10-03 10:51:07,AGENT_05,Core (1-6mo),Violence_HighRisk,Static_Image,0,Manual_Review,90.4,217.0,1,Remove_Delete,0,0.0,None,0,0,Self-harm reference in private broadcast requiring immediate crisis triage
MOD-2026-10184,2026-10-03 11:02:45,AGENT_07,Core (1-6mo),Fraud_Scams,Static_Image,0,Manual_Review,44.6,20.6,0,Remove_Delete,1,100.0,None,0,0,Gift card prize sweepstakes scam targeting senior account holders
MOD-2026-12421,2026-10-03 11:07:25,AGENT_12,Senior (6mo+),Fraud_Scams,Static_Image,0,Manual_Review,61.6,89.5,0,Remove_Delete,0,0.0,None,0,0,Cryptocurrency investment scheme promising guaranteed 500% daily returns
MOD-2026-10313,2026-10-03 11:19:08,AGENT_06,Core (1-6mo),Spam_Commercial,Text_Post,0,Auto_Rejected,3.3,64.7,0,Remove_Delete,0,0.0,None,0,0,Repetitive bot activity promoting unverified pharmaceutical supplements
MOD-2026-12289,2026-10-03 11:23:32,AGENT_03,New Hire (<30d),Emergency_TCO,Static_Image,1,Auto_Rejected,4.7,33.0,0,Remove_Delete,0,0.0,None,0,0,Emergency legal escalation concerning imminent threat of platform violence
MOD-2026-11022,2026-10-03 11:27:50,AGENT_04,Core (1-6mo),Spam_Commercial,Text_Post,0,Auto_Approved,5.4,193.6,0,Approve_Keep,0,0.0,None,0,0,Repetitive bot activity promoting unverified pharmaceutical supplements
MOD-2026-12676,2026-10-03 11:32:42,AGENT_12,Senior (6mo+),Violence_HighRisk,Static_Image,1,Manual_Review,47.7,134.4,0,Approve_Keep,0,0.0,None,0,0,Self-harm reference in private broadcast requiring immediate crisis triage
MOD-2026-11159,2026-10-03 12:23:57,AGENT_12,Senior (6mo+),Hate_Speech,Static_Image,0,Manual_Review,37.9,232.6,0,Approve_Keep,0,0.0,None,0,0,Coordinated brigading comments containing coded discriminatory dogwhistles
MOD-2026-12752,2026-10-03 13:00:38,AGENT_09,Core (1-6mo),Violence_HighRisk,Short_Video,0,Auto_Approved,5.0,163.0,0,Approve_Keep,0,0.0,None,0,0,Graphic injury footage from sports accident flagged by audience
MOD-2026-11028,2026-10-03 13:00:48,AGENT_15,Senior (6mo+),Hate_Speech,Static_Image,0,Auto_Approved,3.7,52.0,0,Approve_Keep,0,0.0,None,0,0,Nuanced political satire flagged by automated keyword filter as hate
MOD-2026-11144,2026-10-03 13:13:43,AGENT_14,Senior (6mo+),Fraud_Scams,Static_Image,0,Manual_Review,59.6,96.5,0,Remove_Delete,0,0.0,None,0,0,Phishing link impersonating official platform customer verification support
MOD-2026-11344,2026-10-03 13:19:35,AGENT_01,New Hire (<30d),Spam_Commercial,Text_Post,0,Auto_Rejected,2.8,149.4,0,Remove_Delete,0,0.0,None,1,1,Repetitive bot activity promoting unverified pharmaceutical supplements
MOD-2026-12285,2026-10-03 13:26:26,AGENT_12,Senior (6mo+),Hate_Speech,Short_Video,0,Auto_Rejected,4.6,137.7,0,Remove_Delete,0,0.0,None,0,0,Incitement to boycott and harass private individual based on religion
MOD-2026-10029,2026-10-03 13:30:13,AGENT_12,Senior (6mo+),Violence_HighRisk,Text_Post,0,Tier2_Escalated,40.4,164.0,0,Approve_Keep,0,0.0,None,0,0,Graphic injury footage from sports accident flagged by audience
MOD-2026-12480,2026-10-03 13:30:44,AGENT_04,Core (1-6mo),Violence_HighRisk,Static_Image,1,Manual_Review,44.7,233.8,1,Remove_Delete,0,0.0,None,0,0,Graphic injury footage from sports accident flagged by audience
MOD-2026-12446,2026-10-03 13:49:13,AGENT_14,Senior (6mo+),Fraud_Scams,Static_Image,0,Manual_Review,38.2,153.3,0,Account_Suspend,0,0.0,None,0,0,Gift card prize sweepstakes scam targeting senior account holders
MOD-2026-10233,2026-10-03 14:17:25,AGENT_07,Core (1-6mo),Fraud_Scams,Static_Image,0,Manual_Review,66.0,108.8,0,Remove_Delete,0,0.0,None,0,0,Cryptocurrency investment scheme promising guaranteed 500% daily returns
MOD-2026-12583,2026-10-03 15:12:01,AGENT_14,Senior (6mo+),Fraud_Scams,Text_Post,0,Tier2_Escalated,32.1,159.5,0,Remove_Delete,0,0.0,None,0,0,Gift card prize sweepstakes scam targeting senior account holders
MOD-2026-12756,2026-10-03 16:09:28,AGENT_05,Core (1-6mo),Violence_HighRisk,Static_Image,1,Manual_Review,42.1,217.0,1,Approve_Keep,0,0.0,None,0,0,Dangerous weapons demonstration video flagged for policy violation
MOD-2026-11228,2026-10-03 16:17:23,AGENT_02,New Hire (<30d),Fraud_Scams,Text_Post,0,Manual_Review,35.4,49.7,0,Remove_Delete,0,0.0,None,0,0,Counterfeit luxury goods listing utilizing stolen trademark imagery
MOD-2026-10208,2026-10-03 16:32:11,AGENT_01,New Hire (<30d),Fraud_Scams,Text_Post,0,Manual_Review,55.5,137.4,0,Remove_Delete,0,0.0,None,0,0,Phishing link impersonating official platform customer verification support
MOD-2026-12569,2026-10-03 16:37:27,AGENT_14,Senior (6mo+),Fraud_Scams,Static_Image,0,Auto_Rejected,4.7,67.4,0,Remove_Delete,0,0.0,None,0,0,Unauthorized credential harvesting page embedded in bio link
MOD-2026-11189,2026-10-03 16:41:12,AGENT_08,Core (1-6mo),Fraud_Scams,Text_Post,0,Manual_Review,38.5,149.0,0,Remove_Delete,0,0.0,None,0,0,Cryptocurrency investment scheme promising guaranteed 500% daily returns
MOD-2026-11430,2026-10-03 17:00:31,AGENT_12,Senior (6mo+),Fraud_Scams,Short_Video,0,Manual_Review,83.0,131.6,0,Remove_Delete,0,0.0,None,0,0,Unauthorized credential harvesting page embedded in bio link
MOD-2026-10051,2026-10-03 17:04:19,AGENT_06,Core (1-6mo),Spam_Commercial,Text_Post,0,Auto_Approved,4.6,169.6,0,Approve_Keep,1,100.0,None,0,0,Repetitive bot activity promoting unverified pharmaceutical supplements
MOD-2026-10293,2026-10-03 17:23:41,AGENT_06,Core (1-6mo),Violence_HighRisk,Short_Video,1,Auto_Rejected,3.9,204.0,1,Remove_Delete,0,0.0,None,1,0,Self-harm reference in private broadcast requiring immediate crisis triage
MOD-2026-12623,2026-10-03 17:29:10,AGENT_08,Core (1-6mo),Emergency_TCO,Live_Stream,1,Auto_Rejected,2.8,18.9,0,Remove_Delete,0,0.0,None,0,0,Coordinated tactical propaganda audio recording flagged by intelligence unit
MOD-2026-11516,2026-10-03 17:36:23,AGENT_15,Senior (6mo+),Spam_Commercial,Text_Post,0,Auto_Approved,4.7,94.2,0,Approve_Keep,0,0.0,None,0,0,Repetitive bot activity promoting unverified pharmaceutical supplements
MOD-2026-11861,2026-10-03 17:38:40,AGENT_01,New Hire (<30d),Violence_HighRisk,Short_Video,0,Auto_Rejected,4.6,80.4,0,Remove_Delete,0,0.0,None,0,0,Reported altercation outside transit station with physical violence
MOD-2026-11593,2026-10-03 17:48:31,AGENT_13,Senior (6mo+),Fraud_Scams,Text_Post,0,Manual_Review,15.1,66.8,0,Remove_Delete,0,0.0,None,0,0,Gift card prize sweepstakes scam targeting senior account holders
MOD-2026-10858,2026-10-03 18:02:09,AGENT_02,New Hire (<30d),Violence_HighRisk,Live_Stream,1,Auto_Approved,2.5,112.0,0,Approve_Keep,0,0.0,None,0,0,Threatening physical altercation clip uploaded without contextual warning
MOD-2026-11827,2026-10-03 18:18:11,AGENT_09,Core (1-6mo),Hate_Speech,Text_Post,0,Auto_Rejected,2.7,177.7,0,Remove_Delete,0,0.0,None,1,0,Dehumanizing memes comparing ethnic groups to biological pests
MOD-2026-11375,2026-10-03 18:31:26,AGENT_04,Core (1-6mo),Fraud_Scams,Text_Post,0,Manual_Review,41.3,84.9,0,Account_Suspend,0,0.0,None,0,0,Gift card prize sweepstakes scam targeting senior account holders
MOD-2026-12162,2026-10-03 18:49:30,AGENT_12,Senior (6mo+),Emergency_TCO,Text_Post,1,Tier2_Escalated,24.4,47.6,0,Remove_Delete,0,0.0,None,0,0,Suspected terrorist recruitment video uploaded across multiple hashtags
MOD-2026-11635,2026-10-03 18:57:51,AGENT_10,Core (1-6mo),Spam_Commercial,Text_Post,0,Auto_Rejected,3.6,99.0,0,Remove_Delete,0,0.0,None,0,0,Bulk account creation posting duplicate SEO spam articles
MOD-2026-10108,2026-10-03 19:48:42,AGENT_01,New Hire (<30d),Fraud_Scams,Text_Post,0,Manual_Review,27.3,126.1,0,Remove_Delete,0,0.0,None,0,0,Counterfeit luxury goods listing utilizing stolen trademark imagery
MOD-2026-12188,2026-10-03 19:56:56,AGENT_03,New Hire (<30d),Fraud_Scams,Static_Image,0,Auto_Rejected,5.3,105.8,0,Remove_Delete,0,0.0,None,0,0,Unauthorized credential harvesting page embedded in bio link
MOD-2026-12774,2026-10-03 20:08:23,AGENT_01,New Hire (<30d),Hate_Speech,Text_Post,0,Auto_Approved,2.8,307.7,1,Approve_Keep,0,0.0,None,0,0,Dehumanizing memes comparing ethnic groups to biological pests
MOD-2026-11089,2026-10-03 20:15:21,AGENT_03,New Hire (<30d),Fraud_Scams,Text_Post,0,Manual_Review,43.2,150.2,0,Remove_Delete,0,0.0,None,0,0,Phishing link impersonating official platform customer verification support
MOD-2026-11554,2026-10-03 20:51:38,AGENT_05,Core (1-6mo),Hate_Speech,Short_Video,1,Auto_Rejected,5.3,58.6,0,Remove_Delete,0,0.0,None,0,0,Coordinated brigading comments containing coded discriminatory dogwhistles
MOD-2026-10622,2026-10-03 20:53:09,AGENT_15,Senior (6mo+),Violence_HighRisk,Short_Video,1,Tier2_Escalated,185.4,143.7,0,Remove_Delete,0,0.0,None,0,0,Graphic injury footage from sports accident flagged by audience
MOD-2026-10279,2026-10-03 21:21:42,AGENT_13,Senior (6mo+),Fraud_Scams,Static_Image,0,Auto_Approved,4.2,81.8,0,Approve_Keep,0,0.0,None,0,0,Phishing link impersonating official platform customer verification support
MOD-2026-12616,2026-10-03 21:23:02,AGENT_15,Senior (6mo+),Hate_Speech,Short_Video,0,Auto_Rejected,5.2,116.0,0,Remove_Delete,0,0.0,None,0,0,Dehumanizing memes comparing ethnic groups to biological pests
MOD-2026-10494,2026-10-03 21:31:20,AGENT_08,Core (1-6mo),Violence_HighRisk,Live_Stream,0,Manual_Review,272.7,178.2,0,Content_Warning,0,0.0,None,0,0,Dangerous weapons demonstration video flagged for policy violation
MOD-2026-11958,2026-10-03 21:33:29,AGENT_12,Senior (6mo+),Violence_HighRisk,Short_Video,1,Manual_Review,187.2,44.5,0,Approve_Keep,0,0.0,None,0,0,Self-harm reference in private broadcast requiring immediate crisis triage
MOD-2026-12599,2026-10-03 21:40:50,AGENT_03,New Hire (<30d),Spam_Commercial,Static_Image,0,Auto_Rejected,4.2,164.6,0,Remove_Delete,0,0.0,None,0,0,Keyword stuffing and hidden redirects on promotional landing page
MOD-2026-11247,2026-10-03 21:53:49,AGENT_11,Core (1-6mo),Emergency_TCO,Text_Post,1,Manual_Review,26.5,40.4,0,Account_Suspend,1,100.0,None,1,0,Suspected terrorist recruitment video uploaded across multiple hashtags
MOD-2026-12413,2026-10-03 22:19:41,AGENT_04,Core (1-6mo),Spam_Commercial,Short_Video,0,Auto_Approved,4.2,179.9,0,Approve_Keep,0,0.0,None,0,0,Automated script posting identical promotional link 120 times in forum
MOD-2026-10331,2026-10-03 22:52:01,AGENT_06,Core (1-6mo),Fraud_Scams,Text_Post,0,Auto_Rejected,5.5,196.0,0,Remove_Delete,0,0.0,None,0,0,Unauthorized credential harvesting page embedded in bio link
MOD-2026-11640,2026-10-03 22:54:14,AGENT_12,Senior (6mo+),Spam_Commercial,Static_Image,0,Auto_Rejected,3.8,123.4,0,Remove_Delete,0,0.0,None,0,0,Repetitive bot activity promoting unverified pharmaceutical supplements
MOD-2026-11061,2026-10-03 23:00:45,AGENT_03,New Hire (<30d),Fraud_Scams,Text_Post,0,Auto_Rejected,5.0,182.5,0,Remove_Delete,1,100.0,None,0,0,Counterfeit luxury goods listing utilizing stolen trademark imagery
MOD-2026-10067,2026-10-03 23:10:27,AGENT_05,Core (1-6mo),Spam_Commercial,Text_Post,0,Auto_Rejected,5.8,120.1,0,Remove_Delete,0,0.0,None,1,1,Bulk account creation posting duplicate SEO spam articles
MOD-2026-11706,2026-10-03 23:22:55,AGENT_04,Core (1-6mo),Spam_Commercial,Text_Post,0,Manual_Review,27.9,208.9,0,Remove_Delete,0,0.0,None,0,0,Keyword stuffing and hidden redirects on promotional landing page
MOD-2026-11627,2026-10-03 23:23:33,AGENT_10,Core (1-6mo),Spam_Commercial,Text_Post,0,Auto_Approved,5.7,184.8,0,Approve_Keep,1,100.0,None,0,0,Bulk account creation posting duplicate SEO spam articles
MOD-2026-11836,2026-10-03 23:29:29,AGENT_01,New Hire (<30d),Violence_HighRisk,Live_Stream,0,Manual_Review,426.5,100.5,0,Remove_Delete,0,0.0,None,0,0,Dangerous weapons demonstration video flagged for policy violation
MOD-2026-10056,2026-10-03 23:55:22,AGENT_14,Senior (6mo+),Fraud_Scams,Text_Post,0,Auto_Approved,4.2,91.0,0,Approve_Keep,0,0.0,None,0,0,Counterfeit luxury goods listing utilizing stolen trademark imagery
MOD-2026-11747,2026-10-04 00:07:05,AGENT_11,Core (1-6mo),Spam_Commercial,Short_Video,0,Auto_Rejected,3.4,82.7,0,Remove_Delete,0,0.0,None,0,0,Bulk account creation posting duplicate SEO spam articles
MOD-2026-12779,2026-10-04 00:34:43,AGENT_05,Core (1-6mo),Hate_Speech,Static_Image,0,Manual_Review,79.7,208.3,0,Remove_Delete,0,0.0,None,0,0,Nuanced political satire flagged by automated keyword filter as hate
MOD-2026-10128,2026-10-04 00:35:12,AGENT_07,Core (1-6mo),Emergency_TCO,Short_Video,1,Manual_Review,194.9,40.1,0,Remove_Delete,0,0.0,None,0,0,Violent extremist manifestos distribution attempt flagged by cross-platform hash
MOD-2026-12647,2026-10-04 00:36:39,AGENT_02,New Hire (<30d),Fraud_Scams,Short_Video,0,Manual_Review,254.8,151.9,0,Account_Suspend,0,0.0,None,0,0,Cryptocurrency investment scheme promising guaranteed 500% daily returns
MOD-2026-11456,2026-10-04 00:49:06,AGENT_01,New Hire (<30d),Violence_HighRisk,Short_Video,0,Manual_Review,268.5,152.9,0,Remove_Delete,0,0.0,None,0,0,Self-harm reference in private broadcast requiring immediate crisis triage
MOD-2026-12386,2026-10-04 01:14:04,AGENT_06,Core (1-6mo),Spam_Commercial,Static_Image,0,Manual_Review,34.5,165.2,0,Approve_Keep,0,0.0,None,0,0,Repetitive bot activity promoting unverified pharmaceutical supplements
MOD-2026-11560,2026-10-04 01:30:29,AGENT_04,Core (1-6mo),Fraud_Scams,Short_Video,0,Manual_Review,123.0,121.3,0,Remove_Delete,0,0.0,None,0,0,Counterfeit luxury goods listing utilizing stolen trademark imagery
MOD-2026-12486,2026-10-04 01:42:49,AGENT_09,Core (1-6mo),Spam_Commercial,Static_Image,0,Auto_Rejected,5.3,122.9,0,Remove_Delete,0,0.0,None,0,0,Keyword stuffing and hidden redirects on promotional landing page
MOD-2026-10792,2026-10-04 01:45:22,AGENT_13,Senior (6mo+),Violence_HighRisk,Static_Image,0,Tier2_Escalated,51.9,191.2,1,Remove_Delete,0,0.0,None,0,0,Self-harm reference in private broadcast requiring immediate crisis triage
MOD-2026-10295,2026-10-04 01:49:43,AGENT_13,Senior (6mo+),Fraud_Scams,Static_Image,0,Auto_Approved,5.8,53.4,0,Approve_Keep,0,0.0,None,0,0,Cryptocurrency investment scheme promising guaranteed 500% daily returns
MOD-2026-11507,2026-10-04 02:17:34,AGENT_03,New Hire (<30d),Violence_HighRisk,Short_Video,1,Auto_Approved,5.6,216.6,1,Approve_Keep,0,0.0,None,0,0,Reported altercation outside transit station with physical violence
MOD-2026-10215,2026-10-04 02:22:55,AGENT_05,Core (1-6mo),Fraud_Scams,Static_Image,0,Auto_Approved,4.2,32.7,0,Approve_Keep,0,0.0,None,0,0,Unauthorized credential harvesting page embedded in bio link
MOD-2026-12026,2026-10-04 02:46:18,AGENT_08,Core (1-6mo),Hate_Speech,Text_Post,0,Manual_Review,40.7,319.4,1,Approve_Keep,0,0.0,None,0,0,Dehumanizing memes comparing ethnic groups to biological pests
MOD-2026-10763,2026-10-04 03:08:27,AGENT_12,Senior (6mo+),Spam_Commercial,Text_Post,0,Auto_Approved,5.1,159.8,0,Approve_Keep,1,100.0,None,0,0,Bulk account creation posting duplicate SEO spam articles
MOD-2026-10779,2026-10-04 03:24:20,AGENT_01,New Hire (<30d),Hate_Speech,Short_Video,0,Manual_Review,203.0,207.3,0,Approve_Keep,0,0.0,None,0,0,Nuanced political satire flagged by automated keyword filter as hate
MOD-2026-12520,2026-10-04 03:26:09,AGENT_15,Senior (6mo+),Emergency_TCO,Short_Video,1,Manual_Review,119.3,48.3,0,Remove_Delete,0,0.0,None,1,1,Suspected terrorist recruitment video uploaded across multiple hashtags
MOD-2026-11714,2026-10-04 04:22:01,AGENT_06,Core (1-6mo),Fraud_Scams,Short_Video,0,Auto_Rejected,3.2,159.2,0,Remove_Delete,0,0.0,None,0,0,Phishing link impersonating official platform customer verification support
MOD-2026-10273,2026-10-04 04:37:24,AGENT_07,Core (1-6mo),Hate_Speech,Static_Image,0,Auto_Rejected,3.3,96.5,0,Remove_Delete,0,0.0,None,0,0,Derogatory slur targeting protected demographic in comment section
MOD-2026-11109,2026-10-04 04:40:16,AGENT_12,Senior (6mo+),Spam_Commercial,Text_Post,0,Tier2_Escalated,21.7,106.2,0,Remove_Delete,0,0.0,None,0,0,Unsolicited commercial affiliate marketing message blast
MOD-2026-10492,2026-10-04 04:51:18,AGENT_08,Core (1-6mo),Hate_Speech,Text_Post,0,Auto_Rejected,2.6,293.4,1,Remove_Delete,1,100.0,None,1,0,Coordinated brigading comments containing coded discriminatory dogwhistles
MOD-2026-10174,2026-10-04 04:54:49,AGENT_15,Senior (6mo+),Hate_Speech,Static_Image,0,Auto_Approved,5.6,93.3,0,Approve_Keep,0,0.0,None,0,0,Nuanced political satire flagged by automated keyword filter as hate
MOD-2026-11527,2026-10-04 04:57:18,AGENT_13,Senior (6mo+),Violence_HighRisk,Static_Image,0,Auto_Approved,3.4,170.0,0,Approve_Keep,1,100.0,None,0,0,Self-harm reference in private broadcast requiring immediate crisis triage
MOD-2026-12279,2026-10-04 05:00:43,AGENT_14,Senior (6mo+),Fraud_Scams,Text_Post,0,Tier2_Escalated,33.5,159.5,0,Remove_Delete,0,0.0,None,0,0,Counterfeit luxury goods listing utilizing stolen trademark imagery
MOD-2026-12633,2026-10-04 05:07:34,AGENT_09,Core (1-6mo),Violence_HighRisk,Short_Video,1,Manual_Review,124.3,169.4,0,Content_Warning,0,0.0,None,0,0,Threatening physical altercation clip uploaded without contextual warning
MOD-2026-10562,2026-10-04 05:22:13,AGENT_01,New Hire (<30d),Violence_HighRisk,Static_Image,1,Manual_Review,105.7,254.9,1,Approve_Keep,0,0.0,None,0,0,Dangerous weapons demonstration video flagged for policy violation
MOD-2026-10916,2026-10-04 06:11:31,AGENT_10,Core (1-6mo),Hate_Speech,Text_Post,1,Auto_Rejected,3.9,153.0,0,Remove_Delete,0,0.0,None,0,0,Incitement to boycott and harass private individual based on religion
MOD-2026-12370,2026-10-04 06:29:13,AGENT_14,Senior (6mo+),Fraud_Scams,Text_Post,0,Tier2_Escalated,20.6,201.9,0,Remove_Delete,0,0.0,None,0,0,Gift card prize sweepstakes scam targeting senior account holders
MOD-2026-12437,2026-10-04 06:37:51,AGENT_05,Core (1-6mo),Fraud_Scams,Static_Image,0,Auto_Approved,4.3,171.9,0,Approve_Keep,0,0.0,None,0,0,Cryptocurrency investment scheme promising guaranteed 500% daily returns
MOD-2026-11145,2026-10-04 06:39:08,AGENT_12,Senior (6mo+),Violence_HighRisk,Live_Stream,1,Manual_Review,344.9,127.0,0,Remove_Delete,0,0.0,None,0,0,Threatening physical altercation clip uploaded without contextual warning
MOD-2026-10046,2026-10-04 06:43:40,AGENT_14,Senior (6mo+),Hate_Speech,Text_Post,0,Manual_Review,36.2,274.8,1,Remove_Delete,0,0.0,None,0,0,Dehumanizing memes comparing ethnic groups to biological pests
MOD-2026-10113,2026-10-04 06:48:28,AGENT_07,Core (1-6mo),Hate_Speech,Text_Post,0,Auto_Rejected,3.6,265.4,1,Remove_Delete,0,0.0,None,0,0,Incitement to boycott and harass private individual based on religion
MOD-2026-10984,2026-10-04 07:06:08,AGENT_03,New Hire (<30d),Fraud_Scams,Short_Video,0,Auto_Approved,2.6,44.2,0,Approve_Keep,0,0.0,None,0,0,Gift card prize sweepstakes scam targeting senior account holders
MOD-2026-12780,2026-10-04 07:10:45,AGENT_12,Senior (6mo+),Hate_Speech,Text_Post,1,Manual_Review,28.8,236.2,0,Account_Suspend,0,0.0,None,0,0,Incitement to boycott and harass private individual based on religion
MOD-2026-12766,2026-10-04 07:12:53,AGENT_14,Senior (6mo+),Emergency_TCO,Short_Video,1,Tier2_Escalated,154.7,24.9,0,Content_Warning,0,0.0,None,0,0,Urgent notice-and-action request under EU 1-hour removal mandate
MOD-2026-10017,2026-10-04 07:20:06,AGENT_04,Core (1-6mo),Fraud_Scams,Static_Image,0,Manual_Review,38.2,151.8,0,Remove_Delete,0,0.0,None,0,0,Phishing link impersonating official platform customer verification support
MOD-2026-10069,2026-10-04 07:22:35,AGENT_15,Senior (6mo+),Violence_HighRisk,Short_Video,1,Manual_Review,123.8,259.3,1,Remove_Delete,0,0.0,None,0,0,Threatening physical altercation clip uploaded without contextual warning
MOD-2026-12226,2026-10-04 07:23:17,AGENT_15,Senior (6mo+),Hate_Speech,Short_Video,0,Tier2_Escalated,136.7,248.5,1,Approve_Keep,0,0.0,None,0,0,Derogatory slur targeting protected demographic in comment section
MOD-2026-10317,2026-10-04 07:24:48,AGENT_02,New Hire (<30d),Spam_Commercial,Text_Post,0,Manual_Review,19.2,106.7,0,Remove_Delete,0,0.0,None,0,0,Automated script posting identical promotional link 120 times in forum
MOD-2026-10444,2026-10-04 07:25:09,AGENT_15,Senior (6mo+),Hate_Speech,Static_Image,0,Auto_Rejected,4.0,283.7,1,Remove_Delete,0,0.0,None,0,0,Coordinated brigading comments containing coded discriminatory dogwhistles
MOD-2026-11395,2026-10-04 07:32:13,AGENT_13,Senior (6mo+),Fraud_Scams,Text_Post,0,Manual_Review,16.3,55.1,0,Remove_Delete,0,0.0,None,0,0,Counterfeit luxury goods listing utilizing stolen trademark imagery
MOD-2026-12670,2026-10-04 07:44:21,AGENT_07,Core (1-6mo),Spam_Commercial,Text_Post,0,Auto_Rejected,4.3,158.9,0,Remove_Delete,0,0.0,None,0,0,Bulk account creation posting duplicate SEO spam articles
MOD-2026-12500,2026-10-04 07:48:19,AGENT_12,Senior (6mo+),Hate_Speech,Text_Post,0,Tier2_Escalated,35.4,204.5,0,Remove_Delete,0,0.0,None,0,0,Coordinated brigading comments containing coded discriminatory dogwhistles
MOD-2026-11645,2026-10-04 08:34:24,AGENT_03,New Hire (<30d),Fraud_Scams,Text_Post,0,Auto_Approved,5.1,45.5,0,Approve_Keep,0,0.0,None,0,0,Phishing link impersonating official platform customer verification support
MOD-2026-11358,2026-10-04 08:40:31,AGENT_11,Core (1-6mo),Spam_Commercial,Text_Post,0,Manual_Review,16.5,199.1,0,Remove_Delete,1,100.0,None,0,0,Repetitive bot activity promoting unverified pharmaceutical supplements
MOD-2026-10923,2026-10-04 08:56:03,AGENT_12,Senior (6mo+),Spam_Commercial,Short_Video,0,Auto_Approved,5.7,95.6,0,Approve_Keep,1,100.0,None,0,0,Keyword stuffing and hidden redirects on promotional landing page
MOD-2026-12362,2026-10-04 08:58:24,AGENT_09,Core (1-6mo),Spam_Commercial,Text_Post,0,Manual_Review,23.5,207.2,0,Remove_Delete,0,0.0,None,0,0,Bulk account creation posting duplicate SEO spam articles
MOD-2026-12675,2026-10-04 09:24:31,AGENT_02,New Hire (<30d),Spam_Commercial,Static_Image,0,Auto_Rejected,3.7,25.0,0,Remove_Delete,1,100.0,None,0,0,Automated script posting identical promotional link 120 times in forum
MOD-2026-11890,2026-10-04 09:29:36,AGENT_12,Senior (6mo+),Spam_Commercial,Short_Video,0,Auto_Approved,5.8,37.9,0,Approve_Keep,1,100.0,None,0,0,Bulk account creation posting duplicate SEO spam articles
MOD-2026-10511,2026-10-04 09:34:59,AGENT_10,Core (1-6mo),Violence_HighRisk,Text_Post,0,Manual_Review,22.4,141.5,0,Approve_Keep,1,100.0,None,0,0,Graphic injury footage from sports accident flagged by audience
MOD-2026-12463,2026-10-04 09:46:09,AGENT_13,Senior (6mo+),Spam_Commercial,Text_Post,0,Auto_Rejected,4.0,100.4,0,Remove_Delete,0,0.0,None,0,0,Bulk account creation posting duplicate SEO spam articles
MOD-2026-11363,2026-10-04 09:48:18,AGENT_07,Core (1-6mo),Hate_Speech,Text_Post,0,Auto_Approved,4.6,45.4,0,Approve_Keep,1,100.0,None,0,0,Incitement to boycott and harass private individual based on religion
MOD-2026-10709,2026-10-04 09:53:50,AGENT_06,Core (1-6mo),Fraud_Scams,Text_Post,0,Auto_Rejected,4.1,177.8,0,Remove_Delete,1,100.0,None,1,0,Cryptocurrency investment scheme promising guaranteed 500% daily returns
MOD-2026-10559,2026-10-04 10:14:23,AGENT_12,Senior (6mo+),Hate_Speech,Static_Image,0,Manual_Review,55.1,195.8,0,Remove_Delete,0,0.0,None,0,0,Incitement to boycott and harass private individual based on religion
MOD-2026-11157,2026-10-04 10:32:07,AGENT_08,Core (1-6mo),Violence_HighRisk,Live_Stream,0,Manual_Review,315.5,54.1,0,Content_Warning,0,0.0,None,0,0,Self-harm reference in private broadcast requiring immediate crisis triage
MOD-2026-11557,2026-10-04 10:53:49,AGENT_01,New Hire (<30d),Hate_Speech,Text_Post,1,Manual_Review,28.9,225.4,0,Remove_Delete,0,0.0,None,0,0,Coordinated brigading comments containing coded discriminatory dogwhistles
MOD-2026-11428,2026-10-04 10:54:34,AGENT_02,New Hire (<30d),Hate_Speech,Live_Stream,0,Auto_Rejected,5.2,289.0,1,Remove_Delete,0,0.0,None,0,0,Dehumanizing memes comparing ethnic groups to biological pests
MOD-2026-12366,2026-10-04 11:02:20,AGENT_14,Senior (6mo+),Hate_Speech,Text_Post,0,Manual_Review,35.4,51.1,0,Content_Warning,0,0.0,None,0,0,Derogatory slur targeting protected demographic in comment section
MOD-2026-10547,2026-10-04 11:07:40,AGENT_15,Senior (6mo+),Hate_Speech,Short_Video,0,Manual_Review,85.7,314.6,1,Approve_Keep,0,0.0,None,0,0,Coordinated brigading comments containing coded discriminatory dogwhistles
MOD-2026-10583,2026-10-04 11:27:33,AGENT_04,Core (1-6mo),Hate_Speech,Text_Post,0,Manual_Review,36.4,63.8,0,Content_Warning,0,0.0,None,0,0,Dehumanizing memes comparing ethnic groups to biological pests
MOD-2026-11544,2026-10-04 11:44:45,AGENT_09,Core (1-6mo),Spam_Commercial,Static_Image,0,Auto_Rejected,2.5,213.5,0,Remove_Delete,0,0.0,None,0,0,Repetitive bot activity promoting unverified pharmaceutical supplements
MOD-2026-12125,2026-10-04 12:03:05,AGENT_05,Core (1-6mo),Spam_Commercial,Text_Post,0,Auto_Approved,4.6,125.2,0,Approve_Keep,0,0.0,None,0,0,Repetitive bot activity promoting unverified pharmaceutical supplements
MOD-2026-10119,2026-10-04 12:07:57,AGENT_08,Core (1-6mo),Fraud_Scams,Static_Image,0,Manual_Review,70.1,134.3,0,Remove_Delete,0,0.0,None,0,0,Phishing link impersonating official platform customer verification support
MOD-2026-12337,2026-10-04 12:38:12,AGENT_03,New Hire (<30d),Spam_Commercial,Text_Post,0,Auto_Rejected,2.9,61.4,0,Remove_Delete,0,0.0,None,0,0,Bulk account creation posting duplicate SEO spam articles
MOD-2026-10403,2026-10-04 12:55:25,AGENT_05,Core (1-6mo),Violence_HighRisk,Short_Video,0,Auto_Rejected,4.1,171.0,0,Remove_Delete,0,0.0,None,0,0,Dangerous weapons demonstration video flagged for policy violation
MOD-2026-12734,2026-10-04 14:52:32,AGENT_03,New Hire (<30d),Spam_Commercial,Static_Image,0,Auto_Approved,2.6,102.5,0,Approve_Keep,0,0.0,None,0,0,Keyword stuffing and hidden redirects on promotional landing page
MOD-2026-12041,2026-10-04 15:51:19,AGENT_12,Senior (6mo+),Violence_HighRisk,Short_Video,1,Tier2_Escalated,193.6,244.5,1,Remove_Delete,0,0.0,None,0,0,Graphic injury footage from sports accident flagged by audience
MOD-2026-12170,2026-10-04 16:07:02,AGENT_09,Core (1-6mo),Fraud_Scams,Static_Image,0,Auto_Rejected,3.8,98.1,0,Remove_Delete,0,0.0,None,0,0,Gift card prize sweepstakes scam targeting senior account holders
MOD-2026-10597,2026-10-04 16:22:15,AGENT_06,Core (1-6mo),Violence_HighRisk,Live_Stream,1,Auto_Rejected,3.9,43.0,0,Remove_Delete,0,0.0,None,0,0,Graphic injury footage from sports accident flagged by audience
MOD-2026-10611,2026-10-04 16:47:21,AGENT_15,Senior (6mo+),Spam_Commercial,Static_Image,0,Auto_Rejected,3.0,55.0,0,Remove_Delete,0,0.0,None,0,0,Repetitive bot activity promoting unverified pharmaceutical supplements
MOD-2026-12322,2026-10-04 17:10:17,AGENT_07,Core (1-6mo),Hate_Speech,Text_Post,0,Manual_Review,47.1,166.2,0,Approve_Keep,1,100.0,None,0,0,Dehumanizing memes comparing ethnic groups to biological pests
MOD-2026-11492,2026-10-04 17:46:49,AGENT_15,Senior (6mo+),Violence_HighRisk,Static_Image,1,Auto_Rejected,4.8,191.6,1,Remove_Delete,0,0.0,None,0,0,Self-harm reference in private broadcast requiring immediate crisis triage
MOD-2026-10647,2026-10-04 17:50:16,AGENT_06,Core (1-6mo),Hate_Speech,Text_Post,0,Auto_Rejected,4.7,241.1,1,Remove_Delete,0,0.0,None,0,0,Coordinated brigading comments containing coded discriminatory dogwhistles
MOD-2026-10469,2026-10-04 18:05:45,AGENT_07,Core (1-6mo),Spam_Commercial,Static_Image,0,Auto_Approved,2.6,110.7,0,Approve_Keep,0,0.0,None,0,0,Unsolicited commercial affiliate marketing message blast
MOD-2026-11932,2026-10-04 18:41:21,AGENT_08,Core (1-6mo),Violence_HighRisk,Short_Video,1,Auto_Rejected,5.0,59.5,0,Remove_Delete,0,0.0,None,0,0,Threatening physical altercation clip uploaded without contextual warning
MOD-2026-10282,2026-10-04 18:45:32,AGENT_07,Core (1-6mo),Violence_HighRisk,Static_Image,1,Auto_Rejected,5.9,179.3,0,Remove_Delete,0,0.0,None,0,0,Self-harm reference in private broadcast requiring immediate crisis triage
MOD-2026-11103,2026-10-04 18:52:21,AGENT_06,Core (1-6mo),Hate_Speech,Text_Post,0,Auto_Rejected,3.5,174.8,0,Remove_Delete,0,0.0,None,1,0,Nuanced political satire flagged by automated keyword filter as hate
MOD-2026-10172,2026-10-04 19:42:25,AGENT_04,Core (1-6mo),Hate_Speech,Text_Post,0,Auto_Rejected,3.9,242.3,1,Remove_Delete,1,100.0,None,1,0,Dehumanizing memes comparing ethnic groups to biological pests
MOD-2026-10791,2026-10-04 19:43:49,AGENT_12,Senior (6mo+),Fraud_Scams,Static_Image,0,Auto_Rejected,4.6,96.8,0,Remove_Delete,0,0.0,None,0,0,Counterfeit luxury goods listing utilizing stolen trademark imagery
MOD-2026-10860,2026-10-04 20:06:32,AGENT_01,New Hire (<30d),Spam_Commercial,Text_Post,0,Manual_Review,23.6,50.3,0,Remove_Delete,0,0.0,None,1,0,Unsolicited commercial affiliate marketing message blast
MOD-2026-10715,2026-10-04 20:17:03,AGENT_01,New Hire (<30d),Violence_HighRisk,Short_Video,0,Manual_Review,282.5,94.4,0,Approve_Keep,0,0.0,None,0,0,Self-harm reference in private broadcast requiring immediate crisis triage
MOD-2026-12403,2026-10-04 20:35:59,AGENT_15,Senior (6mo+),Hate_Speech,Text_Post,0,Auto_Approved,2.6,60.3,0,Approve_Keep,0,0.0,None,0,0,Coordinated brigading comments containing coded discriminatory dogwhistles
MOD-2026-10351,2026-10-04 21:31:06,AGENT_04,Core (1-6mo),Fraud_Scams,Static_Image,0,Manual_Review,47.8,55.5,0,Remove_Delete,0,0.0,None,0,0,Gift card prize sweepstakes scam targeting senior account holders
MOD-2026-12153,2026-10-04 21:48:18,AGENT_14,Senior (6mo+),Fraud_Scams,Text_Post,0,Auto_Rejected,4.3,153.0,0,Remove_Delete,0,0.0,None,0,0,Unauthorized credential harvesting page embedded in bio link
MOD-2026-11588,2026-10-04 21:53:13,AGENT_12,Senior (6mo+),Hate_Speech,Static_Image,1,Auto_Approved,2.6,274.7,1,Approve_Keep,0,0.0,None,0,0,Dehumanizing memes comparing ethnic groups to biological pests
MOD-2026-12072,2026-10-04 21:55:05,AGENT_13,Senior (6mo+),Fraud_Scams,Short_Video,0,Auto_Approved,3.2,125.9,0,Approve_Keep,0,0.0,None,0,0,Unauthorized credential harvesting page embedded in bio link
MOD-2026-11794,2026-10-04 22:03:37,AGENT_14,Senior (6mo+),Spam_Commercial,Live_Stream,0,Auto_Approved,4.6,135.1,0,Approve_Keep,0,0.0,None,0,0,Bulk account creation posting duplicate SEO spam articles
MOD-2026-10680,2026-10-04 22:06:36,AGENT_07,Core (1-6mo),Violence_HighRisk,Live_Stream,1,Manual_Review,234.4,151.4,0,Remove_Delete,1,100.0,None,0,0,Graphic injury footage from sports accident flagged by audience
MOD-2026-11093,2026-10-04 22:09:43,AGENT_01,New Hire (<30d),Spam_Commercial,Text_Post,0,Auto_Rejected,3.9,74.1,0,Remove_Delete,0,0.0,None,0,0,Bulk account creation posting duplicate SEO spam articles
MOD-2026-11469,2026-10-04 22:22:46,AGENT_11,Core (1-6mo),Hate_Speech,Static_Image,0,Manual_Review,53.0,106.5,0,Escalate,0,0.0,None,0,0,Coordinated brigading comments containing coded discriminatory dogwhistles
MOD-2026-12060,2026-10-04 22:33:28,AGENT_01,New Hire (<30d),Spam_Commercial,Static_Image,0,Manual_Review,67.9,139.4,0,Remove_Delete,0,0.0,None,0,0,Bulk account creation posting duplicate SEO spam articles
MOD-2026-12259,2026-10-04 22:37:21,AGENT_08,Core (1-6mo),Violence_HighRisk,Live_Stream,1,Auto_Approved,5.0,216.2,1,Approve_Keep,0,0.0,None,0,0,Self-harm reference in private broadcast requiring immediate crisis triage
MOD-2026-10612,2026-10-04 22:47:42,AGENT_09,Core (1-6mo),Violence_HighRisk,Short_Video,1,Auto_Rejected,4.9,251.6,1,Remove_Delete,0,0.0,None,0,0,Graphic injury footage from sports accident flagged by audience
MOD-2026-11587,2026-10-04 22:58:18,AGENT_07,Core (1-6mo),Fraud_Scams,Text_Post,0,Manual_Review,37.5,173.3,0,Remove_Delete,0,0.0,None,0,0,Unauthorized credential harvesting page embedded in bio link
MOD-2026-10066,2026-10-04 23:09:16,AGENT_09,Core (1-6mo),Fraud_Scams,Short_Video,0,Manual_Review,122.1,49.8,0,Remove_Delete,0,0.0,None,1,0,Gift card prize sweepstakes scam targeting senior account holders
MOD-2026-12543,2026-10-04 23:21:28,AGENT_03,New Hire (<30d),Spam_Commercial,Static_Image,0,Auto_Rejected,4.5,64.5,0,Remove_Delete,0,0.0,None,0,0,Keyword stuffing and hidden redirects on promotional landing page
MOD-2026-12288,2026-10-04 23:44:17,AGENT_11,Core (1-6mo),Hate_Speech,Static_Image,0,Manual_Review,34.8,199.6,0,Approve_Keep,0,0.0,None,0,0,Incitement to boycott and harass private individual based on religion
MOD-2026-11205,2026-10-04 23:46:33,AGENT_05,Core (1-6mo),Hate_Speech,Text_Post,0,Auto_Approved,5.7,51.4,0,Approve_Keep,0,0.0,None,0,0,Dehumanizing memes comparing ethnic groups to biological pests
MOD-2026-11822,2026-10-05 00:09:15,AGENT_08,Core (1-6mo),Fraud_Scams,Static_Image,0,Auto_Approved,4.1,150.4,0,Approve_Keep,0,0.0,None,0,0,Gift card prize sweepstakes scam targeting senior account holders
MOD-2026-12010,2026-10-05 00:18:57,AGENT_05,Core (1-6mo),Violence_HighRisk,Short_Video,1,Auto_Approved,5.3,225.9,1,Approve_Keep,0,0.0,None,0,0,Threatening physical altercation clip uploaded without contextual warning
MOD-2026-10968,2026-10-05 00:31:00,AGENT_14,Senior (6mo+),Hate_Speech,Text_Post,0,Manual_Review,26.0,245.5,1,Remove_Delete,1,100.0,None,0,0,Incitement to boycott and harass private individual based on religion
MOD-2026-12178,2026-10-05 00:37:45,AGENT_01,New Hire (<30d),Fraud_Scams,Text_Post,0,Auto_Rejected,4.4,110.5,0,Remove_Delete,0,0.0,None,0,0,Phishing link impersonating official platform customer verification support
MOD-2026-12151,2026-10-05 01:54:30,AGENT_03,New Hire (<30d),Spam_Commercial,Static_Image,0,Auto_Rejected,3.5,48.8,0,Remove_Delete,0,0.0,None,0,0,Unsolicited commercial affiliate marketing message blast
MOD-2026-10598,2026-10-05 02:20:57,AGENT_03,New Hire (<30d),Violence_HighRisk,Short_Video,0,Auto_Rejected,3.6,136.0,0,Remove_Delete,0,0.0,None,0,0,Threatening physical altercation clip uploaded without contextual warning
MOD-2026-11520,2026-10-05 02:36:02,AGENT_08,Core (1-6mo),Violence_HighRisk,Short_Video,0,Manual_Review,124.3,146.9,0,Remove_Delete,1,100.0,None,0,0,Graphic injury footage from sports accident flagged by audience
MOD-2026-10493,2026-10-05 02:36:39,AGENT_06,Core (1-6mo),Fraud_Scams,Static_Image,0,Manual_Review,45.4,183.5,0,Remove_Delete,0,0.0,None,0,0,Unauthorized credential harvesting page embedded in bio link
MOD-2026-11102,2026-10-05 02:49:31,AGENT_11,Core (1-6mo),Fraud_Scams,Live_Stream,0,Auto_Approved,5.9,161.3,0,Approve_Keep,0,0.0,None,0,0,Gift card prize sweepstakes scam targeting senior account holders
MOD-2026-12475,2026-10-05 03:01:32,AGENT_13,Senior (6mo+),Hate_Speech,Short_Video,0,Manual_Review,100.4,259.1,1,Approve_Keep,0,0.0,None,0,0,Derogatory slur targeting protected demographic in comment section
MOD-2026-11045,2026-10-05 03:33:52,AGENT_14,Senior (6mo+),Fraud_Scams,Static_Image,0,Auto_Rejected,5.0,140.2,0,Remove_Delete,0,0.0,None,0,0,Phishing link impersonating official platform customer verification support
MOD-2026-12356,2026-10-05 03:37:54,AGENT_13,Senior (6mo+),Emergency_TCO,Text_Post,1,Tier2_Escalated,30.3,57.7,0,Remove_Delete,0,0.0,None,0,0,Emergency legal escalation concerning imminent threat of platform violence
MOD-2026-10590,2026-10-05 03:39:08,AGENT_08,Core (1-6mo),Hate_Speech,Static_Image,0,Manual_Review,68.5,306.3,1,Escalate,0,0.0,None,0,0,Dehumanizing memes comparing ethnic groups to biological pests
MOD-2026-10619,2026-10-05 04:04:44,AGENT_08,Core (1-6mo),Fraud_Scams,Static_Image,0,Auto_Rejected,3.0,54.7,0,Remove_Delete,0,0.0,None,0,0,Counterfeit luxury goods listing utilizing stolen trademark imagery
MOD-2026-11551,2026-10-05 04:41:51,AGENT_09,Core (1-6mo),Fraud_Scams,Static_Image,0,Manual_Review,57.5,201.5,0,Approve_Keep,0,0.0,None,0,0,Gift card prize sweepstakes scam targeting senior account holders
MOD-2026-12309,2026-10-05 05:03:30,AGENT_14,Senior (6mo+),Spam_Commercial,Static_Image,0,Auto_Approved,3.4,83.6,0,Approve_Keep,1,100.0,None,0,0,Automated script posting identical promotional link 120 times in forum
MOD-2026-11531,2026-10-05 05:21:59,AGENT_13,Senior (6mo+),Hate_Speech,Static_Image,1,Manual_Review,30.8,240.7,1,Content_Warning,0,0.0,None,0,0,Dehumanizing memes comparing ethnic groups to biological pests
MOD-2026-11289,2026-10-05 05:32:30,AGENT_02,New Hire (<30d),Violence_HighRisk,Short_Video,1,Auto_Rejected,5.3,42.5,0,Remove_Delete,0,0.0,None,0,0,Self-harm reference in private broadcast requiring immediate crisis triage
MOD-2026-10668,2026-10-05 05:51:53,AGENT_10,Core (1-6mo),Hate_Speech,Text_Post,0,Manual_Review,37.7,241.4,1,Remove_Delete,0,0.0,None,0,0,Coordinated brigading comments containing coded discriminatory dogwhistles
MOD-2026-11637,2026-10-05 06:12:04,AGENT_14,Senior (6mo+),Violence_HighRisk,Live_Stream,1,Manual_Review,205.9,194.1,1,Remove_Delete,0,0.0,None,0,0,Dangerous weapons demonstration video flagged for policy violation
MOD-2026-10648,2026-10-05 06:12:12,AGENT_07,Core (1-6mo),Spam_Commercial,Live_Stream,0,Auto_Approved,4.6,142.3,0,Approve_Keep,0,0.0,None,0,0,Bulk account creation posting duplicate SEO spam articles
MOD-2026-11414,2026-10-05 06:28:27,AGENT_10,Core (1-6mo),Violence_HighRisk,Short_Video,1,Auto_Approved,3.9,170.2,0,Approve_Keep,0,0.0,None,0,0,Reported altercation outside transit station with physical violence
MOD-2026-10057,2026-10-05 06:34:15,AGENT_04,Core (1-6mo),Spam_Commercial,Text_Post,0,Auto_Approved,5.0,117.7,0,Approve_Keep,0,0.0,None,0,0,Bulk account creation posting duplicate SEO spam articles
MOD-2026-11511,2026-10-05 06:37:35,AGENT_13,Senior (6mo+),Hate_Speech,Static_Image,0,Manual_Review,34.4,311.4,1,Approve_Keep,0,0.0,None,0,0,Nuanced political satire flagged by automated keyword filter as hate
MOD-2026-10427,2026-10-05 06:38:15,AGENT_11,Core (1-6mo),Violence_HighRisk,Short_Video,1,Manual_Review,195.2,244.1,1,Escalate,0,0.0,None,0,0,Reported altercation outside transit station with physical violence
MOD-2026-10134,2026-10-05 07:15:04,AGENT_12,Senior (6mo+),Fraud_Scams,Static_Image,0,Manual_Review,32.8,105.8,0,Remove_Delete,0,0.0,None,0,0,Phishing link impersonating official platform customer verification support
MOD-2026-10165,2026-10-05 07:27:00,AGENT_13,Senior (6mo+),Fraud_Scams,Short_Video,0,Manual_Review,132.5,65.5,0,Approve_Keep,0,0.0,None,0,0,Gift card prize sweepstakes scam targeting senior account holders
MOD-2026-12299,2026-10-05 08:23:09,AGENT_14,Senior (6mo+),Hate_Speech,Text_Post,0,Tier2_Escalated,24.0,240.9,1,Remove_Delete,0,0.0,None,0,0,Dehumanizing memes comparing ethnic groups to biological pests
MOD-2026-11312,2026-10-05 08:59:45,AGENT_14,Senior (6mo+),Hate_Speech,Short_Video,0,Auto_Approved,2.7,136.1,0,Approve_Keep,0,0.0,None,0,0,Coordinated brigading comments containing coded discriminatory dogwhistles
MOD-2026-12485,2026-10-05 09:08:28,AGENT_06,Core (1-6mo),Hate_Speech,Short_Video,0,Manual_Review,230.5,155.4,0,Approve_Keep,0,0.0,None,0,0,Nuanced political satire flagged by automated keyword filter as hate
MOD-2026-11580,2026-10-05 09:42:40,AGENT_03,New Hire (<30d),Violence_HighRisk,Live_Stream,1,Manual_Review,490.6,54.1,0,Content_Warning,0,0.0,None,0,0,Dangerous weapons demonstration video flagged for policy violation
MOD-2026-10782,2026-10-05 09:44:46,AGENT_14,Senior (6mo+),Hate_Speech,Text_Post,0,Auto_Rejected,4.2,272.9,1,Remove_Delete,0,0.0,None,0,0,Nuanced political satire flagged by automated keyword filter as hate
MOD-2026-10794,2026-10-05 10:00:18,AGENT_06,Core (1-6mo),Fraud_Scams,Text_Post,0,Manual_Review,20.5,45.8,0,Remove_Delete,0,0.0,None,0,0,Phishing link impersonating official platform customer verification support
MOD-2026-12605,2026-10-05 10:14:05,AGENT_12,Senior (6mo+),Spam_Commercial,Text_Post,0,Auto_Approved,2.8,128.2,0,Approve_Keep,0,0.0,None,0,0,Keyword stuffing and hidden redirects on promotional landing page
MOD-2026-11810,2026-10-05 10:33:56,AGENT_01,New Hire (<30d),Hate_Speech,Text_Post,0,Manual_Review,54.2,217.3,0,Remove_Delete,0,0.0,None,0,0,Nuanced political satire flagged by automated keyword filter as hate
MOD-2026-11294,2026-10-05 10:43:12,AGENT_14,Senior (6mo+),Spam_Commercial,Text_Post,0,Auto_Approved,5.0,108.5,0,Approve_Keep,0,0.0,None,0,0,Bulk account creation posting duplicate SEO spam articles
MOD-2026-11168,2026-10-05 10:43:20,AGENT_13,Senior (6mo+),Hate_Speech,Text_Post,0,Manual_Review,21.0,85.9,0,Content_Warning,1,100.0,None,0,0,Derogatory slur targeting protected demographic in comment section
MOD-2026-12556,2026-10-05 10:55:45,AGENT_09,Core (1-6mo),Violence_HighRisk,Live_Stream,1,Manual_Review,347.2,38.8,0,Content_Warning,0,0.0,None,0,0,Threatening physical altercation clip uploaded without contextual warning
MOD-2026-11343,2026-10-05 11:20:09,AGENT_09,Core (1-6mo),Fraud_Scams,Static_Image,0,Manual_Review,63.0,77.5,0,Approve_Keep,0,0.0,None,0,0,Unauthorized credential harvesting page embedded in bio link
MOD-2026-11438,2026-10-05 11:30:28,AGENT_14,Senior (6mo+),Hate_Speech,Short_Video,1,Auto_Approved,3.9,100.6,0,Approve_Keep,1,100.0,None,0,0,Coordinated brigading comments containing coded discriminatory dogwhistles
MOD-2026-11790,2026-10-05 12:04:13,AGENT_08,Core (1-6mo),Emergency_TCO,Short_Video,1,Auto_Rejected,5.6,63.7,1,Remove_Delete,0,0.0,None,0,0,Urgent notice-and-action request under EU 1-hour removal mandate
MOD-2026-11133,2026-10-05 12:08:29,AGENT_01,New Hire (<30d),Spam_Commercial,Text_Post,0,Auto_Rejected,3.8,66.1,0,Remove_Delete,0,0.0,None,0,0,Repetitive bot activity promoting unverified pharmaceutical supplements
MOD-2026-11930,2026-10-05 12:22:58,AGENT_04,Core (1-6mo),Fraud_Scams,Short_Video,0,Auto_Approved,3.9,35.1,0,Approve_Keep,0,0.0,None,0,0,Gift card prize sweepstakes scam targeting senior account holders
MOD-2026-12340,2026-10-05 12:39:16,AGENT_04,Core (1-6mo),Hate_Speech,Text_Post,0,Auto_Rejected,4.0,311.1,1,Remove_Delete,0,0.0,None,0,0,Coordinated brigading comments containing coded discriminatory dogwhistles
MOD-2026-11771,2026-10-05 13:10:55,AGENT_05,Core (1-6mo),Spam_Commercial,Text_Post,0,Auto_Rejected,3.4,124.0,0,Remove_Delete,0,0.0,None,1,0,Keyword stuffing and hidden redirects on promotional landing page
MOD-2026-10644,2026-10-05 13:14:58,AGENT_10,Core (1-6mo),Spam_Commercial,Text_Post,0,Manual_Review,17.9,154.8,0,Remove_Delete,0,0.0,None,0,0,Unsolicited commercial affiliate marketing message blast
MOD-2026-10651,2026-10-05 13:29:50,AGENT_15,Senior (6mo+),Spam_Commercial,Static_Image,0,Auto_Rejected,5.0,212.0,0,Remove_Delete,0,0.0,None,0,0,Repetitive bot activity promoting unverified pharmaceutical supplements
MOD-2026-11789,2026-10-05 14:35:10,AGENT_04,Core (1-6mo),Hate_Speech,Text_Post,0,Manual_Review,27.4,190.7,0,Remove_Delete,0,0.0,None,1,0,Coordinated brigading comments containing coded discriminatory dogwhistles
MOD-2026-11077,2026-10-05 14:50:09,AGENT_11,Core (1-6mo),Hate_Speech,Text_Post,1,Manual_Review,22.3,211.1,0,Remove_Delete,0,0.0,None,0,0,Nuanced political satire flagged by automated keyword filter as hate
MOD-2026-11960,2026-10-05 15:01:07,AGENT_09,Core (1-6mo),Violence_HighRisk,Short_Video,1,Auto_Rejected,4.9,41.5,0,Remove_Delete,0,0.0,None,0,0,Threatening physical altercation clip uploaded without contextual warning
MOD-2026-10800,2026-10-05 15:15:12,AGENT_07,Core (1-6mo),Hate_Speech,Text_Post,0,Manual_Review,23.0,221.0,0,Remove_Delete,0,0.0,None,0,0,Dehumanizing memes comparing ethnic groups to biological pests
MOD-2026-11495,2026-10-05 15:15:13,AGENT_03,New Hire (<30d),Spam_Commercial,Static_Image,0,Auto_Rejected,4.0,52.4,0,Remove_Delete,0,0.0,None,0,0,Keyword stuffing and hidden redirects on promotional landing page
MOD-2026-11562,2026-10-05 15:18:13,AGENT_12,Senior (6mo+),Fraud_Scams,Text_Post,0,Auto_Approved,4.0,191.1,0,Approve_Keep,1,100.0,None,0,0,Cryptocurrency investment scheme promising guaranteed 500% daily returns
MOD-2026-12712,2026-10-05 15:45:39,AGENT_15,Senior (6mo+),Hate_Speech,Static_Image,0,Manual_Review,65.3,314.8,1,Remove_Delete,0,0.0,None,0,0,Dehumanizing memes comparing ethnic groups to biological pests
MOD-2026-12017,2026-10-05 15:57:07,AGENT_02,New Hire (<30d),Spam_Commercial,Static_Image,0,Auto_Approved,2.6,61.8,0,Approve_Keep,0,0.0,None,0,0,Unsolicited commercial affiliate marketing message blast
MOD-2026-12650,2026-10-05 16:03:29,AGENT_14,Senior (6mo+),Spam_Commercial,Text_Post,0,Manual_Review,18.1,113.3,0,Remove_Delete,0,0.0,None,0,0,Automated script posting identical promotional link 120 times in forum
MOD-2026-11879,2026-10-05 16:09:58,AGENT_05,Core (1-6mo),Spam_Commercial,Text_Post,0,Auto_Approved,2.5,79.6,0,Approve_Keep,0,0.0,None,0,0,Automated script posting identical promotional link 120 times in forum
MOD-2026-10506,2026-10-05 16:12:41,AGENT_07,Core (1-6mo),Spam_Commercial,Text_Post,0,Auto_Rejected,4.1,91.1,0,Remove_Delete,0,0.0,None,0,0,Keyword stuffing and hidden redirects on promotional landing page
MOD-2026-11020,2026-10-05 16:18:51,AGENT_13,Senior (6mo+),Hate_Speech,Text_Post,0,Tier2_Escalated,20.7,241.6,1,Remove_Delete,0,0.0,None,0,0,Nuanced political satire flagged by automated keyword filter as hate
MOD-2026-11427,2026-10-05 16:28:48,AGENT_13,Senior (6mo+),Spam_Commercial,Static_Image,0,Auto_Rejected,4.1,197.8,0,Remove_Delete,0,0.0,None,0,0,Repetitive bot activity promoting unverified pharmaceutical supplements
MOD-2026-11542,2026-10-05 16:34:51,AGENT_10,Core (1-6mo),Spam_Commercial,Static_Image,0,Auto_Approved,4.4,164.1,0,Approve_Keep,0,0.0,None,0,0,Bulk account creation posting duplicate SEO spam articles
MOD-2026-10733,2026-10-05 16:41:58,AGENT_15,Senior (6mo+),Spam_Commercial,Text_Post,0,Manual_Review,16.3,112.5,0,Approve_Keep,1,100.0,None,0,0,Bulk account creation posting duplicate SEO spam articles
MOD-2026-11833,2026-10-05 16:46:38,AGENT_13,Senior (6mo+),Hate_Speech,Text_Post,0,Auto_Approved,2.5,264.6,1,Approve_Keep,0,0.0,None,0,0,Nuanced political satire flagged by automated keyword filter as hate
MOD-2026-11231,2026-10-05 16:58:15,AGENT_13,Senior (6mo+),Violence_HighRisk,Short_Video,0,Auto_Rejected,3.4,116.5,0,Remove_Delete,0,0.0,None,0,0,Graphic injury footage from sports accident flagged by audience
MOD-2026-11282,2026-10-05 17:06:52,AGENT_06,Core (1-6mo),Fraud_Scams,Static_Image,0,Auto_Approved,4.2,88.5,0,Approve_Keep,0,0.0,None,0,0,Phishing link impersonating official platform customer verification support
MOD-2026-12347,2026-10-05 17:17:08,AGENT_11,Core (1-6mo),Spam_Commercial,Static_Image,0,Auto_Rejected,3.2,150.2,0,Remove_Delete,0,0.0,None,1,0,Automated script posting identical promotional link 120 times in forum
MOD-2026-11307,2026-10-05 17:28:43,AGENT_05,Core (1-6mo),Fraud_Scams,Static_Image,0,Manual_Review,56.1,101.5,0,Remove_Delete,0,0.0,None,0,0,Cryptocurrency investment scheme promising guaranteed 500% daily returns
MOD-2026-10324,2026-10-05 17:36:54,AGENT_09,Core (1-6mo),Spam_Commercial,Text_Post,0,Manual_Review,24.9,43.5,0,Approve_Keep,1,100.0,None,0,0,Unsolicited commercial affiliate marketing message blast
MOD-2026-12657,2026-10-05 18:00:22,AGENT_09,Core (1-6mo),Spam_Commercial,Text_Post,0,Auto_Rejected,4.1,171.3,0,Remove_Delete,0,0.0,None,0,0,Bulk account creation posting duplicate SEO spam articles
MOD-2026-10343,2026-10-05 18:13:42,AGENT_10,Core (1-6mo),Spam_Commercial,Text_Post,0,Auto_Approved,5.2,74.7,0,Approve_Keep,0,0.0,None,0,0,Repetitive bot activity promoting unverified pharmaceutical supplements
MOD-2026-11387,2026-10-05 18:22:08,AGENT_07,Core (1-6mo),Hate_Speech,Static_Image,0,Auto_Approved,5.2,172.8,0,Approve_Keep,1,100.0,None,0,0,Dehumanizing memes comparing ethnic groups to biological pests
MOD-2026-12083,2026-10-05 18:28:36,AGENT_13,Senior (6mo+),Hate_Speech,Static_Image,0,Manual_Review,70.8,74.2,0,Remove_Delete,0,0.0,None,0,0,Dehumanizing memes comparing ethnic groups to biological pests
MOD-2026-10626,2026-10-05 18:28:38,AGENT_12,Senior (6mo+),Spam_Commercial,Short_Video,0,Auto_Rejected,2.5,120.9,0,Remove_Delete,0,0.0,None,0,0,Repetitive bot activity promoting unverified pharmaceutical supplements
MOD-2026-11330,2026-10-05 18:36:16,AGENT_03,New Hire (<30d),Hate_Speech,Text_Post,0,Auto_Rejected,5.3,143.7,0,Remove_Delete,0,0.0,None,0,0,Nuanced political satire flagged by automated keyword filter as hate
MOD-2026-11296,2026-10-05 18:41:11,AGENT_11,Core (1-6mo),Hate_Speech,Text_Post,1,Manual_Review,29.3,261.7,1,Approve_Keep,0,0.0,None,0,0,Nuanced political satire flagged by automated keyword filter as hate
MOD-2026-10362,2026-10-05 18:42:01,AGENT_11,Core (1-6mo),Violence_HighRisk,Short_Video,1,Manual_Review,115.8,66.0,0,Remove_Delete,0,0.0,None,0,0,Self-harm reference in private broadcast requiring immediate crisis triage
MOD-2026-12319,2026-10-05 18:48:20,AGENT_02,New Hire (<30d),Hate_Speech,Text_Post,0,Manual_Review,54.3,287.6,1,Remove_Delete,1,100.0,None,0,0,Incitement to boycott and harass private individual based on religion
MOD-2026-11079,2026-10-05 19:10:45,AGENT_08,Core (1-6mo),Fraud_Scams,Static_Image,0,Auto_Approved,2.7,182.3,0,Approve_Keep,0,0.0,None,0,0,Phishing link impersonating official platform customer verification support
MOD-2026-12419,2026-10-05 19:11:28,AGENT_05,Core (1-6mo),Emergency_TCO,Text_Post,1,Manual_Review,48.6,53.1,0,Escalate,0,0.0,None,0,0,Violent extremist manifestos distribution attempt flagged by cross-platform hash
MOD-2026-10980,2026-10-05 19:19:30,AGENT_05,Core (1-6mo),Fraud_Scams,Static_Image,0,Manual_Review,41.0,135.0,0,Account_Suspend,0,0.0,None,0,0,Counterfeit luxury goods listing utilizing stolen trademark imagery
MOD-2026-12645,2026-10-05 19:31:01,AGENT_13,Senior (6mo+),Emergency_TCO,Text_Post,1,Manual_Review,29.5,50.5,0,Remove_Delete,1,100.0,None,0,0,Coordinated tactical propaganda audio recording flagged by intelligence unit
MOD-2026-12748,2026-10-05 20:07:03,AGENT_11,Core (1-6mo),Spam_Commercial,Text_Post,0,Manual_Review,15.6,50.8,0,Remove_Delete,1,100.0,None,0,0,Automated script posting identical promotional link 120 times in forum
MOD-2026-10728,2026-10-05 20:10:54,AGENT_07,Core (1-6mo),Fraud_Scams,Text_Post,0,Auto_Rejected,3.9,115.0,0,Remove_Delete,0,0.0,None,0,0,Counterfeit luxury goods listing utilizing stolen trademark imagery
MOD-2026-12405,2026-10-05 20:40:53,AGENT_04,Core (1-6mo),Spam_Commercial,Text_Post,0,Auto_Rejected,5.5,188.1,0,Remove_Delete,0,0.0,None,0,0,Automated script posting identical promotional link 120 times in forum
MOD-2026-12358,2026-10-05 21:20:17,AGENT_13,Senior (6mo+),Fraud_Scams,Static_Image,0,Manual_Review,56.2,45.4,0,Remove_Delete,0,0.0,None,0,0,Unauthorized credential harvesting page embedded in bio link
MOD-2026-10012,2026-10-05 21:30:06,AGENT_12,Senior (6mo+),Violence_HighRisk,Short_Video,1,Tier2_Escalated,174.1,142.4,0,Approve_Keep,0,0.0,None,0,0,Graphic injury footage from sports accident flagged by audience
MOD-2026-11780,2026-10-05 21:31:22,AGENT_05,Core (1-6mo),Violence_HighRisk,Static_Image,0,Manual_Review,65.3,36.8,0,Remove_Delete,0,0.0,None,0,0,Self-harm reference in private broadcast requiring immediate crisis triage
MOD-2026-11090,2026-10-05 21:41:48,AGENT_15,Senior (6mo+),Hate_Speech,Text_Post,0,Manual_Review,17.5,293.4,1,Remove_Delete,1,100.0,None,0,0,Coordinated brigading comments containing coded discriminatory dogwhistles
MOD-2026-10809,2026-10-05 21:45:43,AGENT_13,Senior (6mo+),Violence_HighRisk,Short_Video,1,Tier2_Escalated,118.0,114.4,0,Approve_Keep,0,0.0,None,0,0,Reported altercation outside transit station with physical violence
